ic,ic_t,n_dates,topk_excess,topk_t,ann,bench_ann,excess_ann,ir,sharpe,maxdd,cost_drag,cash,n_per,yr_pos,yr_min,yr_med,n_years,h,fset,nf,method,univ
0.03138654319582973,2.788321250626304,191,0.00030001863978647124,0.34306412075776566,0.1413974111691294,0.3319732700901581,-0.19057585892102868,-1.3913904343179275,0.8365134822586175,-0.16754522259443405,0.08525755885218941,0.0137434554973822,191,0.0,-0.20202414409207203,-0.10393214518024896,5,5,kept_h,26,equal,100
0.037452753016154056,4.184488517009758,191,0.0014806765269400328,1.5108478448360763,0.1896470532663439,0.3319732700901581,-0.1423262168238142,-1.0173322996820369,1.0175915792569148,-0.18989016425579552,0.1074934440485849,0.01767015706806283,191,0.2,-0.19492905419270068,-0.06775077117108097,5,5,kept_h,26,equal,200
0.04333319153731613,6.156535293922457,191,0.0016187464675734415,1.4099389753196439,0.1869002976654408,0.3319732700901581,-0.14507297242471728,-1.0292961796727542,1.052232572962145,-0.1242138407837099,0.16243917931545418,0.08507853403141362,191,0.2,-0.2758960716398793,-0.0295837060721994,5,5,kept_h,26,equal,500
0.045446715457654795,6.5358817328701795,191,0.0014068236335604916,1.1744164589875319,0.1847249828566444,0.3319732700901581,-0.14724828723351369,-1.0342704634204731,1.0494462376002962,-0.11784855806437367,0.1678308046961988,0.1263089005235602,191,0.2,-0.27987759436159887,-0.05440538836879971,5,5,kept_h,26,equal,750
0.028052009206682438,2.410845329229402,191,0.0010919186758384576,1.2392692926129807,0.13667425969247904,0.3319732700901581,-0.19529901039767905,-1.4453154194493807,0.7955468692149472,-0.20697751319309554,0.07279788515407554,0.01767015706806283,191,0.0,-0.21794255556182118,-0.07928963640874931,5,5,kept_h,26,ic_weighted,100
0.03656651159177888,3.836291686089041,191,0.0008617305527173022,0.8560546115277169,0.18886988212898403,0.3319732700901581,-0.14310338796117406,-0.9626953801675581,1.117671574105229,-0.15580924952386976,0.09524033206047719,0.028795811518324606,191,0.2,-0.17434617608464886,-0.08845213655821693,5,5,kept_h,26,ic_weighted,200
0.04234213270631657,5.275640257610773,191,0.0005947867273084858,0.5327580346586794,0.1568109784433036,0.3319732700901581,-0.17516229164685448,-1.1902639473606011,0.9949489487406356,-0.15610815940309664,0.1368809209857877,0.06544502617801047,191,0.2,-0.266255911237686,-0.04371796676777684,5,5,kept_h,26,ic_weighted,500
0.044607623820585834,5.599794154866188,191,0.0002405198128815955,0.21528127765090713,0.1514349379653004,0.3319732700901581,-0.1805383321248577,-1.205531151775062,0.9847947924154314,-0.13523283930668828,0.1428665811865094,0.10602094240837696,191,0.2,-0.269975624831179,-0.09019671232707827,5,5,kept_h,26,ic_weighted,750
0.03785507426919425,3.7983909827257523,191,0.00047121929609416664,0.5085986990715048,0.15218529761862087,0.3319732700901581,-0.17978797247153722,-1.2559573668264226,0.8337539879411349,-0.20252804470670038,0.10877861097797704,0.0058900523560209425,191,0.0,-0.1689008976190035,-0.1441617278673074,5,5,kept_h,26,ridge_20.0,100
0.043419541672894454,5.326086962188569,191,0.0012980345734126906,1.2202205551269973,0.14758385615900305,0.3319732700901581,-0.18438941393115504,-1.3857977774547146,0.7056140225640356,-0.22699041552014232,0.14533641174991915,0.01112565445026178,191,0.2,-0.21675418350312692,-0.14519489661865903,5,5,kept_h,26,ridge_20.0,200
0.04638768128151326,6.61161633693047,191,0.00033851033405776266,0.2315389442871342,0.11171687751343717,0.3319732700901581,-0.22025639257672092,-1.3917547975893634,0.5218055360682958,-0.2361209334848644,0.1912866875643582,0.04319371727748691,191,0.0,-0.2879813826229516,-0.1615721060952664,5,5,kept_h,26,ridge_20.0,500
0.047276944585324436,6.8724734375684,191,0.00027175602522625035,0.18917587588574764,0.12291271621425892,0.3319732700901581,-0.20906055387589917,-1.3481243373545138,0.5882135980052118,-0.2384183907908568,0.19800153917741717,0.07526178010471204,191,0.0,-0.3041822947981766,-0.0980610394365955,5,5,kept_h,26,ridge_20.0,750
0.037385969070303546,3.7090116431123694,191,0.0004887042982511086,0.5283055747902682,0.14341763735624857,0.3319732700901581,-0.18855563273390952,-1.3107468094771237,0.8058809886978501,-0.22657849286873255,0.1101496173875171,0.0058900523560209425,191,0.0,-0.16053654711589904,-0.15646223022837424,5,5,kept_h,26,ridge_200.0,100
0.043194035046348014,5.250919127879948,191,0.0011135738407607868,1.068009843665175,0.12479779085114329,0.3319732700901581,-0.2071754792390148,-1.532044724474736,0.6043631892359705,-0.26888001716779375,0.14049010823616306,0.015706806282722512,191,0.2,-0.21618155114907145,-0.17422840173447895,5,5,kept_h,26,ridge_200.0,200
0.04661378463879007,6.551077380187128,191,0.0005531611289165875,0.3895348606775379,0.10227060843268543,0.3319732700901581,-0.22970266165747266,-1.4359803959202493,0.4770169342721713,-0.2507570111103634,0.18959285414789476,0.04581151832460733,191,0.0,-0.28427824505961485,-0.14772578289823612,5,5,kept_h,26,ridge_200.0,500
0.047526603139705324,6.8010877997106896,191,0.0008172766184824377,0.5913657064913634,0.1355930333382407,0.3319732700901581,-0.1963802367519174,-1.2794179859267327,0.6496524426191714,-0.2372962574748274,0.19725370892282462,0.0824607329842932,191,0.0,-0.29847313279586574,-0.04938464837823864,5,5,kept_h,26,ridge_200.0,750
0.03765362889632075,3.603960902203845,191,0.00032671696582019173,0.3733115489504678,0.09433992311024642,0.3319732700901581,-0.23763334697991167,-1.656993964109805,0.5557434262892127,-0.23699764177240723,0.1049568511815287,0.012434554973821989,191,0.2,-0.25866160827361395,-0.16107822337944477,5,5,kept_h,26,lasso_0.0005,100
0.04385111619896001,5.191540825702944,191,0.00129081343217748,1.2371032331036187,0.15358976470011343,0.3319732700901581,-0.17838350539004466,-1.3483231128980535,0.7810117010520752,-0.1957611522582633,0.13184917680024927,0.01963350785340314,191,0.2,-0.22380749533712074,-0.15945384989677513,5,5,kept_h,26,lasso_0.0005,200
0.04852189651852028,6.595114328306138,191,0.0007889976137420114,0.5925486798607843,0.11435475940516704,0.3319732700901581,-0.21761851068499105,-1.4707364387700999,0.5714099964680105,-0.24295397985633815,0.17598257567713355,0.05301047120418848,191,0.0,-0.2511268976893536,-0.1641551966503697,5,5,kept_h,26,lasso_0.0005,500
0.049732352314573125,6.85904257629324,191,0.0010063488484989287,0.7828602621984038,0.13250206360567063,0.3319732700901581,-0.19947120648448746,-1.3858877901919038,0.6662423341189754,-0.2424302526509743,0.18147413455532066,0.08835078534031414,191,0.0,-0.2570156769562475,-0.11552694928310403,5,5,kept_h,26,lasso_0.0005,750
0.033033913739796174,3.02979134642681,191,0.0015007808197445738,1.5791971461750096,0.1626093112742193,0.3319732700901581,-0.1693639588159388,-1.1552059183549355,0.8955707827022487,-0.21284107303394484,0.07374771191395345,0.018979057591623036,191,0.0,-0.21419264631490142,-0.03618895240586706,5,5,kept_h,26,pcr_8,100
0.038935397970791936,4.401017801148329,191,0.0004297803967937593,0.34957282746263646,0.15663378870194888,0.3319732700901581,-0.1753394813882092,-0.8630395534806878,1.098464458458691,-0.20572426174682978,0.09777081689879734,0.0274869109947644,191,0.2,-0.1321806812253492,-0.09736106615877793,5,5,kept_h,26,pcr_8,200
0.04672485754775375,6.0725701027830885,191,5.724976395125165e-07,0.0004907198500999676,0.15879248995034145,0.3319732700901581,-0.17318078013981664,-1.1783071156445448,0.960346853482736,-0.2062752600826051,0.1457992634153766,0.06348167539267016,191,0.0,-0.2353419375236464,-0.05730399412305931,5,5,kept_h,26,pcr_8,500
0.048370738018701585,6.366934486848745,191,0.00034647039198731097,0.28020193732542714,0.14493091860693563,0.3319732700901581,-0.18704235148322246,-1.2738608687068658,0.8981644700373281,-0.2227407023067347,0.15209530429378695,0.09947643979057591,191,0.0,-0.2545885879260995,-0.04928670011695435,5,5,kept_h,26,pcr_8,750
0.0284355342316446,3.299546626244949,191,-0.0003592980335617721,-0.39025258401746593,0.0941046490070967,0.3319732700901581,-0.2378686210830614,-1.7743712249626664,0.5221274909778066,-0.20319482967142488,0.13157934165533094,0.007853403141361256,191,0.0,-0.2042009049468937,-0.18481369560627048,5,5,kept_h,26,xgb_3_300_0.05_0.8,100
0.03239925526391719,4.56745534942369,191,0.0010752532660415035,1.0226897695545534,0.16340222105508295,0.3319732700901581,-0.16857104903507514,-1.2411356360817851,0.7493244932268086,-0.1922784922252866,0.17682199892662073,0.007853403141361256,191,0.0,-0.21504202451528298,-0.08779824555953875,5,5,kept_h,26,xgb_3_300_0.05_0.8,200
0.042883538965964654,7.264501671064951,191,0.000509977815502094,0.38079488893765073,0.02727737821143772,0.3319732700901581,-0.30469589187872037,-2.1390671511802823,0.09877796144187785,-0.34458964989449514,0.23561210411676536,0.07133507853403141,191,0.0,-0.2815325713491289,-0.21862568409386818,5,5,kept_h,26,xgb_3_300_0.05_0.8,500
0.04559260055865831,7.8376832948618524,191,0.0004757901041705103,0.3540667707346301,0.028925690151649253,0.3319732700901581,-0.30304757993850884,-2.0822353581330395,0.10447515015477503,-0.3542507741592774,0.24439624591354667,0.09882198952879581,191,0.0,-0.28269628349063525,-0.20193552442318152,5,5,kept_h,26,xgb_3_300_0.05_0.8,750
0.020113521949853705,2.3586689810820674,191,0.00044851433071283457,0.4220451086732858,0.07485534398960958,0.3319732700901581,-0.2571179261005485,-1.783125033626324,0.41080882882749953,-0.2332513237732201,0.14557259454140092,0.012434554973821989,191,0.0,-0.22354222502888377,-0.15890454168818113,5,5,kept_h,26,xgb_4_400_0.05_0.8,100
0.025654303105542276,3.9244996699963526,191,-2.597082779299058e-05,-0.023014560217595716,0.06199485389773596,0.3319732700901581,-0.26997841619242213,-2.036222054579079,0.2629685225191336,-0.25402194009112655,0.18585989676126985,0.0137434554973822,191,0.2,-0.25952959979433887,-0.2272685216481397,5,5,kept_h,26,xgb_4_400_0.05_0.8,200
0.03802656481294898,7.4580628214710485,191,-0.00035685074761880473,-0.2787462912701564,0.024472380162862573,0.3319732700901581,-0.3075008899272955,-2.221503279156574,0.10004087605172624,-0.2617121130909955,0.2578932964616893,0.07722513089005235,191,0.0,-0.3241564562627929,-0.24004322578292348,5,5,kept_h,26,xgb_4_400_0.05_0.8,500
0.039689173260685634,7.881860047611604,191,0.0002568121268097019,0.18272470810325336,0.017806850301450128,0.3319732700901581,-0.31416641978870796,-2.0808894480660807,0.07007683763155144,-0.2522664414711854,0.26630312211490703,0.11321989528795812,191,0.0,-0.34079478300132493,-0.23182716864186692,5,5,kept_h,26,xgb_4_400_0.05_0.8,750
0.026889832929231524,2.9738166586046657,191,-0.0007272488458925634,-0.8163858825463527,0.022839205643776284,0.3319732700901581,-0.3091340644463818,-2.2825122461458633,0.1684546561222765,-0.2718010906042816,0.13152546224124884,0.007853403141361256,191,0.0,-0.2765728723055859,-0.20338827903112,5,5,kept_h,26,xgb_2_500_0.05_0.9,100
0.032387427325350264,4.614287035691518,191,-0.0008233965195335096,-0.8320196162898609,0.059429072906357794,0.3319732700901581,-0.2725441971838003,-2.27377810209729,0.26484216489012724,-0.2941116490832463,0.1715041642696766,0.010471204188481676,191,0.2,-0.2660119741745913,-0.18323114007486263,5,5,kept_h,26,xgb_2_500_0.05_0.9,200
0.044136517465498064,7.285142340928464,191,0.0001340333898966225,0.09853238682761475,0.022713893465144075,0.3319732700901581,-0.309259376625014,-2.1850884487506033,0.06036469143993071,-0.23788971386012125,0.23807028591648813,0.05235602094240838,191,0.2,-0.32987903025253673,-0.28111882312017744,5,5,kept_h,26,xgb_2_500_0.05_0.9,500
0.04623482683212214,7.741905710177658,191,0.0004130828039506109,0.2951393645035671,0.00017066635051810053,0.3319732700901581,-0.33180260373964,-2.4149265246228104,-0.061208086350349626,-0.2880631387053971,0.24109692969521818,0.08376963350785341,191,0.2,-0.33346535999974747,-0.30514064206765346,5,5,kept_h,26,xgb_2_500_0.05_0.9,750
0.03347260548806203,3.2578651428866197,191,0.0003491917634821687,0.4052320349712766,0.10536552294872314,0.3319732700901581,-0.22660774714143495,-1.5898701101378014,0.5794437128172734,-0.22949532852391674,0.08178573398417681,0.008507853403141362,191,0.0,-0.2802771247288238,-0.07958576406688156,5,5,decorr_h,14,equal,100
0.03592667083986681,4.465371499935659,191,0.0009023593665534601,0.8325941090210678,0.15552947964353403,0.3319732700901581,-0.17644379044662406,-1.248477407147777,0.7601416645358509,-0.18048030787384928,0.11178058646520399,0.016361256544502618,191,0.2,-0.24001473010497687,-0.14012624477770108,5,5,decorr_h,14,equal,200
0.043555475329265916,7.2380843973075955,191,0.0014875312780727344,1.2010284650751055,0.2410664348833651,0.3319732700901581,-0.09090683520679299,-0.5921629083046641,1.1697988400897008,-0.19398545062636663,0.1604285566187222,0.06544502617801047,191,0.4,-0.30106879600107217,-0.02754970896969966,5,5,decorr_h,14,equal,500
0.04554431373748267,7.57761042675819,191,0.001143199714700355,0.9063724188583814,0.20411829149134908,0.3319732700901581,-0.127854978598809,-0.8295861432928764,1.0144963929650384,-0.1509364768146192,0.16574805435666454,0.08376963350785341,191,0.4,-0.305084331983303,-0.02754970896969966,5,5,decorr_h,14,equal,750
0.029007769692885012,2.769660967916012,191,0.0007221414689315941,0.7602738472574248,0.11806228397546015,0.3319732700901581,-0.21391098611469794,-1.3133523677437848,0.6487785185232551,-0.26577408308921646,0.07730877294584998,0.010471204188481676,191,0.0,-0.28426359115468747,-0.06744889911640506,5,5,decorr_h,14,ic_weighted,100
0.03428641757615405,4.11251749492627,191,0.0008538373110874395,0.7204694622545129,0.11897284126760432,0.3319732700901581,-0.21300042882255377,-1.2090917377767822,0.7711561161920266,-0.18618702058343095,0.10490211952887217,0.018979057591623036,191,0.2,-0.2655407074763857,-0.09768295377898106,5,5,decorr_h,14,ic_weighted,200
0.04183884773128038,6.370669665386563,191,0.00015970129466064625,0.11904116900972948,0.17333238885192315,0.3319732700901581,-0.15864088123823494,-0.8499938533815944,1.0707911977506475,-0.20330166291155882,0.15776822523341225,0.04908376963350786,191,0.2,-0.23530751273238282,-0.028102102124927142,5,5,decorr_h,14,ic_weighted,500
0.044094388223503984,6.680786357225522,191,-0.0006036971895638561,-0.4374999484762451,0.12689112944361502,0.3319732700901581,-0.20508214064654307,-1.1486528495821497,0.8486247884874109,-0.19003979213543087,0.15870711830284182,0.07329842931937172,191,0.2,-0.3148697879888207,-0.028102102124927142,5,5,decorr_h,14,ic_weighted,750
0.029552213815341986,2.8298989131789174,191,0.000774308669146794,0.822551930659827,0.17213853947446256,0.3319732700901581,-0.15983473061569553,-1.0363082159008277,0.9863150847826825,-0.1935062863997985,0.09899991473889912,0.017015706806282723,191,0.4,-0.21794700188033622,-0.04392098325573768,5,5,decorr_h,14,ridge_20.0,100
0.03800659193814673,4.556230059193893,191,0.00053314069171402,0.5479672181069066,0.15083634756175912,0.3319732700901581,-0.18113692252839897,-1.335972607913178,0.8113803065837002,-0.16072007643772024,0.1302092310790608,0.020942408376963352,191,0.2,-0.2431097220408469,-0.13459513272131296,5,5,decorr_h,14,ridge_20.0,200
0.04540271267683088,6.424134136909919,191,0.0007971302455008342,0.720379381526833,0.14389351229163938,0.3319732700901581,-0.1880797577985187,-1.413992078470172,0.8090149993023251,-0.14394496343559227,0.1802127374531291,0.055628272251308904,191,0.0,-0.2558974481021994,-0.06867539723350091,5,5,decorr_h,14,ridge_20.0,500
0.0467797203631453,6.626659238536639,191,0.000822055303486776,0.7216581150929536,0.123754081696408,0.3319732700901581,-0.2082191883937501,-1.5715100596866416,0.6993491052315866,-0.17358885440282135,0.1819303380573088,0.0831151832460733,191,0.0,-0.2664701990152426,-0.0569486615438618,5,5,decorr_h,14,ridge_20.0,750
0.029736434682951847,2.8453192411702464,191,0.0010057707805995932,1.0583939714547448,0.17111986620518516,0.3319732700901581,-0.16085340388497293,-1.036963083136972,0.9684870433832489,-0.20874347065940824,0.09891873446103354,0.016361256544502618,191,0.2,-0.2188034211150769,-0.05227359068102633,5,5,decorr_h,14,ridge_200.0,100
0.03799349684676982,4.543693723383714,191,0.0007264765097725532,0.7414650125153535,0.1475408185948932,0.3319732700901581,-0.18443245149526488,-1.3758911004753183,0.7965407777121215,-0.16114209028407878,0.12981678118201617,0.022905759162303665,191,0.2,-0.2352747839546565,-0.1454835788364004,5,5,decorr_h,14,ridge_200.0,200
0.04551749463413026,6.429097783156912,191,0.0008964895402417757,0.8260777777506313,0.14887922019107114,0.3319732700901581,-0.18309404989908695,-1.3963663788629674,0.8282615157413674,-0.14894356497576589,0.17815065640391073,0.056282722513089,191,0.0,-0.25179743624084217,-0.0768988017022052,5,5,decorr_h,14,ridge_200.0,500
0.04691639250898581,6.63462569574102,191,0.0007392743209874286,0.6606744188830616,0.1263738356845181,0.3319732700901581,-0.20559943440564,-1.5646367393688743,0.7099975079674669,-0.20465950618221374,0.18086874807848133,0.0824607329842932,191,0.0,-0.26331495631052015,-0.06703133452693766,5,5,decorr_h,14,ridge_200.0,750
0.03079182654369852,2.935129530786862,191,0.0011045890890734747,1.1762894841632305,0.18496178645318384,0.3319732700901581,-0.14701148363697425,-0.9136744869876887,1.031676119856132,-0.18691700206411443,0.09916939022228231,0.015052356020942409,191,0.0,-0.22788315233816714,-0.044569750964929655,5,5,decorr_h,14,lasso_0.0005,100
0.0383224691288346,4.57594392859721,191,0.0012323071117176436,1.2790593235646572,0.1671981254555437,0.3319732700901581,-0.1647751446346144,-1.2051293677363162,0.8813334692275318,-0.13733114359803977,0.1325983809814542,0.0274869109947644,191,0.2,-0.21747337902247244,-0.12320441226907963,5,5,decorr_h,14,lasso_0.0005,200
0.04558710370302845,6.451626263603922,191,0.0004960859721009643,0.4595292501860494,0.1611507633725846,0.3319732700901581,-0.17082250671757349,-1.2996372081025334,0.9030379897039282,-0.13815283107213516,0.18489551760651363,0.0700261780104712,191,0.0,-0.24186742070840372,-0.04428352302911642,5,5,decorr_h,14,lasso_0.0005,500
0.047149143294011604,6.67816208991678,191,0.0007088852373405277,0.6344530524934682,0.15796572764776484,0.3319732700901581,-0.17400754244239325,-1.3182901364601833,0.8673430331952399,-0.15719302846630978,0.1910907235849712,0.09816753926701571,191,0.0,-0.24086410440856654,-0.027598555529639857,5,5,decorr_h,14,lasso_0.0005,750
0.033286898282239144,3.135275275195534,191,0.001589140515282009,1.6693128057065958,0.18126078207000673,0.3319732700901581,-0.15071248802015136,-1.0314201469827897,0.9931459363076117,-0.1627606373035403,0.09713688801349768,0.0137434554973822,191,0.0,-0.25717952303909686,-0.012078747915426513,5,5,decorr_h,14,pcr_8,100
0.040007268176024825,4.673393883282559,191,0.0017492702433166548,1.756092282020582,0.2054053947920349,0.3319732700901581,-0.1265678752981232,-0.9287348672841711,1.0660079569646341,-0.1392977139432966,0.13123372655580004,0.024214659685863876,191,0.2,-0.18894223559439505,-0.10024674146840862,5,5,decorr_h,14,pcr_8,200
0.04611068480628266,6.379774382783756,191,0.0013256827515613346,1.1458280311179907,0.2161967992040985,0.3319732700901581,-0.11577647088605958,-0.8501031510084551,1.1755190321589462,-0.11873786470385894,0.18466163154502682,0.06217277486910995,191,0.2,-0.19746281633292873,-0.040716028720970354,5,5,decorr_h,14,pcr_8,500
0.04793795289715018,6.6430972855185475,191,0.0013592649465768126,1.1497513606263958,0.22257896426935608,0.3319732700901581,-0.109394305820802,-0.7697927565711862,1.181185874791141,-0.1161257074337827,0.18632708878865467,0.09424083769633508,191,0.4,-0.21893466394425065,-0.009210628847136526,5,5,decorr_h,14,pcr_8,750
0.02978524685253129,3.2812949227067687,191,0.0006318763038631119,0.6070754835954744,0.010084636592801122,0.3319732700901581,-0.32188863349735697,-2.405227875036457,0.09869227227624275,-0.39961917354245147,0.14110374954736488,0.01112565445026178,191,0.0,-0.2968853528777644,-0.1993942138143564,5,5,decorr_h,14,xgb_3_300_0.05_0.8,100
0.03424354752192483,4.766970275851463,191,-0.00019837089836187855,-0.18490390152965933,0.054961928552488715,0.3319732700901581,-0.2770113415376694,-2.1910578320275764,0.23099179492178207,-0.3809763334992323,0.17876346755502526,0.007198952879581152,191,0.0,-0.27361525584900004,-0.17342841008874976,5,5,decorr_h,14,xgb_3_300_0.05_0.8,200
0.04167985358150012,7.476101630755322,191,0.0003355513351203884,0.2665737673189069,0.007541800678223298,0.3319732700901581,-0.3244314694119348,-2.446758876397048,0.03508023070931183,-0.3754960515321163,0.2499248328919982,0.06740837696335078,191,0.0,-0.33053410459927535,-0.1790417226158726,5,5,decorr_h,14,xgb_3_300_0.05_0.8,500
0.04311938497707944,7.88288545890028,191,0.00036778440638030854,0.27263988637492,-0.029419286803287648,0.3319732700901581,-0.36139255689344574,-2.599812212917363,-0.159342175553783,-0.43853070732824595,0.2545232494097249,0.10602094240837696,191,0.0,-0.371799161863838,-0.17565852061394882,5,5,decorr_h,14,xgb_3_300_0.05_0.8,750
0.02174581859944836,2.612954938373177,191,0.0007020226199452946,0.664162404120899,0.039290000659344626,0.3319732700901581,-0.29268326943081346,-2.1798218143874792,0.24407732433774748,-0.3815332967813547,0.15564338914054818,0.01112565445026178,191,0.2,-0.2591500771695223,-0.17760597580613724,5,5,decorr_h,14,xgb_4_400_0.05_0.8,100
0.028638153708398752,4.2383920057008355,191,-0.00014194198250185445,-0.12238140946338118,-0.00674493653800412,0.3319732700901581,-0.3387182066281622,-2.779967512924516,-0.08391312089192085,-0.32958902516106936,0.19347893214744452,0.010471204188481676,191,0.0,-0.3468125895667221,-0.2431657301027762,5,5,decorr_h,14,xgb_4_400_0.05_0.8,200
0.03479630485251638,6.9014158510470445,191,-0.0017187457454893055,-1.302314607810846,-0.0880639645931044,0.3319732700901581,-0.4200372346832625,-2.8406251037246917,-0.3991964109158316,-0.4640903183161177,0.2572509271880913,0.07984293193717278,191,0.0,-0.35360621940012615,-0.25961188158589554,5,5,decorr_h,14,xgb_4_400_0.05_0.8,500
0.036361536862882356,7.3939619812521515,191,-0.001170060254818716,-0.8567898300691512,-0.08504042516050125,0.3319732700901581,-0.41701369525065934,-2.7411381578431286,-0.3812204331234548,-0.44703836215470283,0.2668775324001502,0.11583769633507854,191,0.0,-0.35414945882597626,-0.27980083258725164,5,5,decorr_h,14,xgb_4_400_0.05_0.8,750
0.02929586128816646,3.1673179772705513,191,-0.0008295251602667788,-0.840174141255383,0.04065101743843402,0.3319732700901581,-0.29132225265172407,-2.0403571864750676,0.2567432345597448,-0.37909497015598315,0.14043392954643294,0.010471204188481676,191,0.0,-0.2754739172263144,-0.1794475378088175,5,5,decorr_h,14,xgb_2_500_0.05_0.9,100
0.034877565850666044,4.937380414927186,191,-0.0008283346673200658,-0.8068948834014631,-0.0011079067835696454,0.3319732700901581,-0.33308117687372774,-2.702300146421193,-0.032960949049348064,-0.29706240887760405,0.17984209607389365,0.014397905759162303,191,0.0,-0.32270661626786523,-0.21893263525270001,5,5,decorr_h,14,xgb_2_500_0.05_0.9,200
0.04240367760946739,7.462025874371961,191,-0.0010127037219917743,-0.7891074337955183,-0.03355075552018971,0.3319732700901581,-0.3655240256103478,-2.713766346387138,-0.2045860981977149,-0.331300302694688,0.24966804837186676,0.046465968586387435,191,0.0,-0.3340321473886231,-0.2861987976266863,5,5,decorr_h,14,xgb_2_500_0.05_0.9,500
0.043854174248678546,7.779375572820666,191,-0.0010992398483103327,-0.8145848815006042,-0.04579564451975604,0.3319732700901581,-0.37776891460991413,-2.6627466204471455,-0.2747905199625681,-0.364183420239536,0.2538716059115558,0.08115183246073299,191,0.0,-0.3681115319914253,-0.28106172104042126,5,5,decorr_h,14,xgb_2_500_0.05_0.9,750
0.02953905153607333,2.7707120873475652,191,0.00020855507223393904,0.24725841303027435,0.1483146422723245,0.3319732700901581,-0.1836586278178336,-1.304693203206673,0.8164529095606851,-0.17701660975054745,0.08219851897544125,0.011780104712041885,191,0.2,-0.2535683743452182,-0.10520019230587996,5,5,swing_union,22,equal,100
0.0341659135317754,4.0368100597578,191,0.0012387145732417313,1.117150072792633,0.20327741554765733,0.3319732700901581,-0.12869585454250076,-0.9020996529665649,1.006823637817473,-0.1524767314508747,0.11558358963017662,0.01767015706806283,191,0.2,-0.28558431815658414,-0.029064006830715305,5,5,swing_union,22,equal,200
0.04408062332434984,6.91925594660295,191,0.0017812405505671083,1.3992271209541927,0.29439477078319576,0.3319732700901581,-0.03757849930696233,-0.28119090323696844,1.44112526682972,-0.12660302750875885,0.16675869079920133,0.06609947643979057,191,0.6,-0.1908771389868852,0.01944742432398172,5,5,swing_union,22,equal,500
0.04637359342373826,7.326574711438853,191,0.0017591082473914505,1.3411392211035351,0.26419637234792925,0.3319732700901581,-0.06777689774222884,-0.45581921695483474,1.284326422060915,-0.18063172669545458,0.1695283457773016,0.10798429319371727,191,0.6,-0.2868371078581943,0.01944742432398172,5,5,swing_union,22,equal,750
0.025922000323088248,2.454799970699689,191,0.0008414214445248792,0.9237059881221722,0.13337239222038333,0.3319732700901581,-0.19860087786977476,-1.390884942452464,0.7480949750582686,-0.20665137995588223,0.07355242547458463,0.01112565445026178,191,0.2,-0.26110327268661593,-0.09182486501291953,5,5,swing_union,22,ic_weighted,100
0.0321817206340084,3.7720287295273334,191,0.0020068070360005916,1.859728170931099,0.22233309087583875,0.3319732700901581,-0.10964017921431934,-0.716816539527384,1.1549076787269008,-0.1308619596013777,0.10478775659426566,0.01832460732984293,191,0.2,-0.19778579941107854,-0.07606142525609383,5,5,swing_union,22,ic_weighted,200
0.041835981905476986,6.212956292468194,191,0.0019139094614662737,1.440862652438763,0.23122170946528287,0.3319732700901581,-0.10075156062487522,-0.6102137062288339,1.160835020837635,-0.21473523326116706,0.15570404139615884,0.058900523560209424,191,0.6,-0.2821684130062825,0.011426695203859305,5,5,swing_union,22,ic_weighted,500
0.044329423351572764,6.582431084691174,191,0.0010096334574344272,0.7661883626885488,0.18753907461003494,0.3319732700901581,-0.14443419548012315,-0.880915524252103,0.9621353151384509,-0.23181508799453043,0.1572274843708469,0.08638743455497382,191,0.6,-0.34427669418354523,0.0019501524217295785,5,5,swing_union,22,ic_weighted,750
0.03131752289106386,3.2882226235915124,191,0.0017478359273161875,1.8151055790529433,0.11280161714049419,0.3319732700901581,-0.2191716529496639,-1.6055016060079956,0.6481492393724146,-0.22375704161776,0.11479949670545755,0.011780104712041885,191,0.0,-0.2298888066344711,-0.15863914392204292,5,5,swing_union,22,ridge_20.0,100
0.03878932867265735,4.944668261883063,191,0.001342521658586582,1.2652978130003012,0.1157318242639056,0.3319732700901581,-0.2162414458262525,-1.5995628934138415,0.5570529726522649,-0.2845882852422802,0.15188014977530137,0.013089005235602094,191,0.0,-0.22014476583064801,-0.2021874794462113,5,5,swing_union,22,ridge_20.0,200
0.0444035122141972,6.825650438064186,191,0.0011826359212193736,0.8619442057889417,0.08548736704766657,0.3319732700901581,-0.24648590304249152,-1.5777508976495598,0.41230262572157805,-0.31113872454321023,0.21277649210239474,0.04908376963350786,191,0.0,-0.2208215076904908,-0.18941034850386262,5,5,swing_union,22,ridge_20.0,500
0.046003289940064855,7.203596623415902,191,0.0011962957287704602,0.8956563312734173,0.07696353408234935,0.3319732700901581,-0.25500973600780874,-1.6775509853996649,0.3824232773725622,-0.29799524785573683,0.20778631116797358,0.09882198952879581,191,0.0,-0.27237303357629483,-0.1611355934744465,5,5,swing_union,22,ridge_20.0,750
0.030946610247684334,3.209326988336008,191,0.0014264147987111389,1.538422040482958,0.11613881801051695,0.3319732700901581,-0.21583445207964114,-1.613999141054138,0.664634846237249,-0.22947767541711328,0.11006680732135961,0.01112565445026178,191,0.0,-0.20610310440637813,-0.161221331120315,5,5,swing_union,22,ridge_200.0,100
0.038482397417543404,4.8505852474058235,191,0.000875530334150526,0.8377852290248882,0.10188616708676146,0.3319732700901581,-0.23008710300339663,-1.716504625032929,0.5139391439342271,-0.2895128475301896,0.14813716776606883,0.0137434554973822,191,0.0,-0.22200373097503256,-0.20051741092826003,5,5,swing_union,22,ridge_200.0,200
0.044552651069263725,6.730226486732974,191,0.0005802236106100428,0.42558797011791366,0.11701927649593324,0.3319732700901581,-0.21495399359422485,-1.321668102354347,0.5583302880481703,-0.2605105804162775,0.20997027721827194,0.045157068062827224,191,0.0,-0.2386648315207064,-0.10570689366245078,5,5,swing_union,22,ridge_200.0,500
0.04613854998907017,7.091501451532916,191,0.0006471451619366935,0.49130936954364046,0.12200798847394179,0.3319732700901581,-0.2099652816162163,-1.3200976640004178,0.6029312706677701,-0.24899999846536292,0.2055170910267678,0.10209424083769633,191,0.0,-0.25244101356940774,-0.10780550734734784,5,5,swing_union,22,ridge_200.0,750
0.03155228258118224,3.19458364781926,191,0.0010106157886622601,1.017237474395301,0.13530520933450285,0.3319732700901581,-0.19666806075565524,-1.3938548829204003,0.7703419230923187,-0.21979756364214476,0.1076319826121772,0.01112565445026178,191,0.0,-0.21820949865374928,-0.11520228730517146,5,5,swing_union,22,lasso_0.0005,100
0.03952096312724315,4.968445784116484,191,0.0010059189443910464,0.9098896282539893,0.14142207093468806,0.3319732700901581,-0.19055119915547003,-1.322186170783779,0.6944740305738903,-0.28715719082338376,0.1428433776573775,0.014397905759162303,191,0.0,-0.19725067659415096,-0.18113561741523498,5,5,swing_union,22,lasso_0.0005,200
0.04631533492764385,6.89376858856392,191,0.0011543769399143015,0.8738579922490413,0.13147592361407123,0.3319732700901581,-0.20049734647608686,-1.3243553760838094,0.625473854370185,-0.27511746847806295,0.19640037593487225,0.05170157068062827,191,0.0,-0.22750652665858218,-0.12386209957603456,5,5,swing_union,22,lasso_0.0005,500
0.048021157227616504,7.24109314961183,191,0.001472055186707702,1.1472673246205924,0.1570764344899398,0.3319732700901581,-0.1748968356002183,-1.1665768358818938,0.7575956661396368,-0.2711819086420644,0.19787906938441774,0.10471204188481675,191,0.2,-0.24622175588238782,-0.1307566777574466,5,5,swing_union,22,lasso_0.0005,750
0.030320153394068468,2.797097771352538,191,0.0007239247724677178,0.8208902700578733,0.17731053650624462,0.3319732700901581,-0.15466273358391347,-1.1021782529405222,1.0157463090813457,-0.19104471162742664,0.076570762894585,0.015052356020942409,191,0.0,-0.13536612639159973,-0.11955222001113996,5,5,swing_union,22,pcr_8,100
0.03737072537727087,4.234834123860937,191,0.00041583853198400657,0.33412749321384605,0.14936897796545634,0.3319732700901581,-0.18260429212470175,-0.9708665687577951,1.081913229778538,-0.1798610092798092,0.10563977319035414,0.020942408376963352,191,0.2,-0.2035478496467512,-0.07964879700811378,5,5,swing_union,22,pcr_8,200
0.04623943369958412,6.300983140616629,191,0.0002491568198125244,0.1764683912284031,0.15665576826278782,0.3319732700901581,-0.17531750182737027,-0.8873157878724101,1.1499193801986332,-0.16800544836365383,0.15123608662879706,0.07591623036649214,191,0.2,-0.17338127238509526,-0.12305100934463464,5,5,swing_union,22,pcr_8,500
0.048220187149445565,6.67548113765961,191,0.0004929138416990014,0.3392421678766517,0.16077141056519828,0.3319732700901581,-0.1712018595249598,-0.8316748852033824,1.18159426874414,-0.1846408647731964,0.15403389584691898,0.11518324607329843,191,0.2,-0.1763188427009219,-0.08171441432123194,5,5,swing_union,22,pcr_8,750
0.02281302437966112,2.6298770037020915,191,-0.0008689587294606794,-1.0197897464940233,0.06637539556807193,0.3319732700901581,-0.26559787452208616,-1.987650430845503,0.3831146596519425,-0.19592405933463053,0.12662277403290478,0.007198952879581152,191,0.0,-0.23607062840033521,-0.20006685003774904,5,5,swing_union,22,xgb_3_300_0.05_0.8,100
0.02887202148545819,4.0778194730958095,191,-0.0010106226079487754,-1.086028422908304,0.050519935792727066,0.3319732700901581,-0.281453334297431,-2.2545163771035757,0.2941981660798087,-0.23486157518010442,0.17434524769714055,0.012434554973821989,191,0.2,-0.2764351480862245,-0.19287520246689083,5,5,swing_union,22,xgb_3_300_0.05_0.8,200
0.040656126051769347,7.289861482348951,191,-3.892881612912679e-05,-0.0298549805973342,-0.025149652507883813,0.3319732700901581,-0.3571229225980419,-2.504765978093887,-0.11433177313982436,-0.3353037983684177,0.23716909407765038,0.06675392670157068,191,0.0,-0.27046231070480387,-0.2566009939021764,5,5,swing_union,22,xgb_3_300_0.05_0.8,500
0.043325836484432584,7.875135579992386,191,-0.00011818316772443618,-0.08897593400414756,-0.019783584518997532,0.3319732700901581,-0.3517568546091556,-2.3406190499526627,-0.08708490482239035,-0.3443890621371847,0.24125366416900426,0.10013089005235602,191,0.0,-0.28597736151801667,-0.25308862753087835,5,5,swing_union,22,xgb_3_300_0.05_0.8,750
0.023382633062784833,3.035513552930792,191,0.0010014611371934258,1.067770278906031,0.09062176229131058,0.3319732700901581,-0.2413515077988475,-1.6801458543360632,0.4880903208824495,-0.25013709273008544,0.14519604344219772,0.00981675392670157,191,0.0,-0.28395884694894424,-0.11415048510229653,5,5,swing_union,22,xgb_4_400_0.05_0.8,100
0.026508679431776185,4.063574996582699,191,5.708900353437319e-05,0.0561082823485812,0.04448091926054887,0.3319732700901581,-0.2874923508296092,-2.010771954163147,0.26267082079502124,-0.2338970612504221,0.18955997822593443,0.015052356020942409,191,0.2,-0.2792057522914969,-0.19514796586719407,5,5,swing_union,22,xgb_4_400_0.05_0.8,200
0.035284126642242626,7.1181875153855625,191,0.00043591866220947333,0.3210066139860688,-0.008146690329940975,0.3319732700901581,-0.34011996042009907,-2.215413360984478,0.01775021044284014,-0.3775886848223756,0.2623009821969423,0.07722513089005235,191,0.0,-0.3123048707349837,-0.22642662141286385,5,5,swing_union,22,xgb_4_400_0.05_0.8,500
0.03769905855849949,7.730978470941918,191,0.0006747622913266508,0.4943355938710205,0.010717503380748061,0.3319732700901581,-0.32125576670941003,-2.097176478043245,0.10700649879547695,-0.3722330155136566,0.26218598920228275,0.11845549738219895,191,0.0,-0.32047842237684343,-0.18940399394414253,5,5,swing_union,22,xgb_4_400_0.05_0.8,750
0.02311826974705689,2.6596109840356714,191,-0.0009056448812123525,-0.9934972321996067,0.025238031791850135,0.3319732700901581,-0.30673523829830796,-2.350120962973351,0.19114717881948687,-0.32927914084342946,0.1287105353967492,0.004581151832460733,191,0.0,-0.2350644873342499,-0.20897145444258913,5,5,swing_union,22,xgb_2_500_0.05_0.9,100
0.02997065658949675,4.291990330961446,191,-5.9596119333955786e-05,-0.05717682972263779,0.051943948859821676,0.3319732700901581,-0.2800293212303364,-2.2227567135826303,0.21378205529325245,-0.3046979483975131,0.16948344905704912,0.012434554973821989,191,0.0,-0.27436936162628867,-0.17845592512450026,5,5,swing_union,22,xgb_2_500_0.05_0.9,200
0.04094619744747909,7.057873776268553,191,0.000714081254207495,0.5641698028614436,0.012809180980773327,0.3319732700901581,-0.31916408910938476,-2.0426781717195297,0.12299962638865027,-0.21061777443387408,0.23811618438775173,0.05955497382198953,191,0.0,-0.32678198470852815,-0.22735256194799947,5,5,swing_union,22,xgb_2_500_0.05_0.9,500
0.04329716547550245,7.621392155532704,191,0.0005932380969475233,0.4642880416572552,0.021120851510355143,0.3319732700901581,-0.31085241857980295,-2.011271840092914,0.16146606482067405,-0.188090513289756,0.2426126347916232,0.09031413612565445,191,0.0,-0.33033156907525973,-0.20055564023189454,5,5,swing_union,22,xgb_2_500_0.05_0.9,750
0.013624273899552102,1.07895695542099,191,0.0009183445939287075,0.9552369623393816,0.22245091152486807,0.3319732700901581,-0.10952235856529002,-0.6911724724169206,1.39281381177472,-0.13415766570167054,0.03760641185440939,0.010471204188481676,191,0.2,-0.18773103931752466,-0.03247639536857594,5,5,incumbent,14,equal,100
0.023861820235936807,2.2734896318491473,191,0.0002436824874338055,0.2011829351685681,0.22497312355980847,0.3319732700901581,-0.10700014653034962,-0.3933709107339904,1.6226199186495276,-0.14917858273379925,0.050133036193513454,0.008507853403141362,191,0.4,-0.12356284502648429,-0.025971886342888717,5,5,incumbent,14,equal,200
0.029331119785757517,3.286320989560244,191,-0.0014924714695272177,-1.0547029898030138,0.1942951355600755,0.3319732700901581,-0.1376781345300826,-0.6213629550793105,1.5524508555551253,-0.1133501941549393,0.0601262784331707,0.037303664921465966,191,0.2,-0.1370547377935708,-0.05297405581513748,5,5,incumbent,14,equal,500
0.03257034988015632,3.629460233632822,191,-0.0014956902519980182,-1.0385259566303089,0.17432631685756528,0.3319732700901581,-0.1576469532325928,-0.7544666948556732,1.4336043192581593,-0.1133501941549393,0.05965408888378543,0.04319371727748691,191,0.2,-0.15877598913904079,-0.07603256976257655,5,5,incumbent,14,equal,750
0.016398190099134353,1.2756973541731444,191,0.00036910318413564046,0.3573106060118279,0.17660403869074504,0.3319732700901581,-0.15536923139941305,-0.965353018149396,1.1669604399361946,-0.2011606631808872,0.0388266726088908,0.0058900523560209425,191,0.0,-0.15251571899756922,-0.10372607165692993,5,5,incumbent,14,ic_weighted,100
0.02671128719418703,2.4300547839978663,191,-0.00020205370194390805,-0.1577957018946333,0.19399958560433261,0.3319732700901581,-0.13797368448582548,-0.5745994519600418,1.505664586720092,-0.11313029467961766,0.05070655508998383,0.012434554973821989,191,0.2,-0.14082092030791082,-0.07101800708041495,5,5,incumbent,14,ic_weighted,200
0.03314105229795751,3.450512018141482,191,-0.0024612045832251377,-1.751197108182385,0.10510936392282688,0.3319732700901581,-0.2268639061673312,-1.1565300191418475,1.067921928313956,-0.10475021320440703,0.06238229747992258,0.0844240837696335,191,0.2,-0.24027612730125836,-0.16722850480755613,5,5,incumbent,14,ic_weighted,500
0.03575385241243803,3.766541081934929,191,-0.0025904950593154466,-1.8367386372275574,0.08793228897384386,0.3319732700901581,-0.24404098111631423,-1.2781408120920212,0.986464189873665,-0.08846369392361086,0.06074058836978583,0.12827225130890052,191,0.2,-0.23642893614556937,-0.19673511452815406,5,5,incumbent,14,ic_weighted,750
0.012930563476356408,1.2299059590731056,191,0.000871931557441179,0.9264295299651077,0.19834400040584765,0.3319732700901581,-0.13362926968431044,-0.9195866424845731,1.0771367492055832,-0.22832464038644917,0.06644809682046882,0.006544502617801047,191,0.0,-0.13165701098116034,-0.09737834728468797,5,5,incumbent,14,ridge_20.0,100
0.024317221503614508,2.816725746341491,191,-0.001292631064824448,-1.156857324488724,0.10006285761584777,0.3319732700901581,-0.23191041247431032,-1.4950062972951237,0.5634658790553143,-0.21131599678795165,0.07351190079498358,0.007853403141361256,191,0.0,-0.21757441633711416,-0.18583398076719126,5,5,incumbent,14,ridge_20.0,200
0.03356729758145367,4.738091400284847,191,-0.00033945411276706147,-0.30142589307781936,0.1023086917260223,0.3319732700901581,-0.22966457836413579,-1.51541042459932,0.6471750633369417,-0.23781608852232716,0.0990316161414063,0.08965968586387435,191,0.0,-0.2077036332570229,-0.14215294832573988,5,5,incumbent,14,ridge_20.0,500
0.0344096906991342,4.924522699898602,191,-0.0008603371481693969,-0.7873515777328115,0.07885209305201779,0.3319732700901581,-0.2531211770381403,-1.7608362669388211,0.5547252265146253,-0.2729732790182291,0.09919370188961227,0.17473821989528796,191,0.0,-0.2340622867198201,-0.16759678978943005,5,5,incumbent,14,ridge_20.0,750
0.013266436942954409,1.2589635478260586,191,0.0011615228305292848,1.2597035353377157,0.21856776476168238,0.3319732700901581,-0.11340550532847571,-0.7511722908472775,1.1434306713755522,-0.23173227195961266,0.06623116937482386,0.008507853403141362,191,0.0,-0.10127609094819945,-0.0849375320031115,5,5,incumbent,14,ridge_200.0,100
0.02466113701842237,2.850239196904769,191,-0.0012322705530400599,-1.099152090060072,0.09331092277166131,0.3319732700901581,-0.23866234731849678,-1.525948800566497,0.5298475101807639,-0.2027319941628848,0.07242446711588714,0.008507853403141362,191,0.0,-0.2435651792977701,-0.19065008327452493,5,5,incumbent,14,ridge_200.0,200
0.03381146810948059,4.741223759228453,191,-0.0003122453506504483,-0.27340988074506856,0.09472705109454371,0.3319732700901581,-0.23724621899561438,-1.5741073989629826,0.6074540794021641,-0.24682710704012256,0.0983281896274434,0.08769633507853403,191,0.0,-0.2110127798777537,-0.14782385124540975,5,5,incumbent,14,ridge_200.0,500
0.034695297341808186,4.92997880993278,191,-0.0007948071975626675,-0.7185391961513707,0.0800073877723475,0.3319732700901581,-0.2519658823178106,-1.72456216746665,0.5598690762353649,-0.2650905324868089,0.09915648612672012,0.1695026178010471,191,0.0,-0.23611357671130606,-0.1732457667664713,5,5,incumbent,14,ridge_200.0,750
0.014237070238787905,1.3517580856798717,191,0.0009617784593244575,1.014481549207655,0.20750050478345905,0.3319732700901581,-0.12447276530669904,-0.8116091470175382,1.1215296469966323,-0.20233047690560635,0.0641362105601858,0.006544502617801047,191,0.0,-0.13409563448712103,-0.10224761426611773,5,5,incumbent,14,lasso_0.0005,100
0.025439971751371224,2.9069209151237954,191,-0.0011521816090314955,-1.0327523218515975,0.12805901436997424,0.3319732700901581,-0.20391425572018385,-1.2816463645464045,0.7058393226999634,-0.18703958463909254,0.07035657893269594,0.00981675392670157,191,0.2,-0.20455839398500675,-0.17527114155581403,5,5,incumbent,14,lasso_0.0005,200
0.03423285758396147,4.685601747290215,191,-0.0011810186884063662,-1.0120438829626952,0.12684498140715061,0.3319732700901581,-0.20512828868300748,-1.4201975590053826,0.7589983739168908,-0.24313144399657494,0.09666472004871059,0.05301047120418848,191,0.0,-0.2219141944247316,-0.1013046374755745,5,5,incumbent,14,lasso_0.0005,500
0.03517691046923818,4.881585230504149,191,-0.0010709860615056809,-0.9342977577895725,0.1196761429624047,0.3319732700901581,-0.2122971271277534,-1.5109439309055763,0.7518723403844598,-0.2571205754659357,0.0970743786700062,0.112565445026178,191,0.0,-0.2256041977567742,-0.12265753754594133,5,5,incumbent,14,lasso_0.0005,750
0.01926578908490975,1.757510268999916,191,0.0016077642770318304,1.6475588665147871,0.15355070057127884,0.3319732700901581,-0.17842256951887925,-1.2686172445536579,0.7866733642177889,-0.23954008129252435,0.06996269463114135,0.009162303664921465,191,0.0,-0.1535973383663667,-0.11581748990827156,5,5,incumbent,14,pcr_8,100
0.02588249524320594,3.026849849799224,191,-0.001598304435025647,-1.4695446714581395,0.10036776989826945,0.3319732700901581,-0.23160550019188864,-1.5943456354985233,0.5489580014431612,-0.20546633347165166,0.08160261883805207,0.01963350785340314,191,0.0,-0.21372836016065178,-0.1876389713741089,5,5,incumbent,14,pcr_8,200
0.03383465783009966,4.626938865982343,191,-0.0029426201256430896,-2.5459563661629754,0.051025883576815145,0.3319732700901581,-0.28094738651334294,-2.1928148011211905,0.3296561026079136,-0.30101760319080295,0.11714924856372655,0.060209424083769635,191,0.0,-0.21873800827669354,-0.19807253580801754,5,5,incumbent,14,pcr_8,500
0.03542896507800804,4.919497871326792,191,-0.0029805809154579933,-2.637969677213912,0.041462938596601884,0.3319732700901581,-0.2905103314935562,-2.2068443205433788,0.28147380006928385,-0.28271225633573205,0.11550540750999781,0.1263089005235602,191,0.0,-0.24017786123474627,-0.19647542528923934,5,5,incumbent,14,pcr_8,750
0.012932460016600315,1.4796201019866118,191,0.0007566667036324038,0.7573694987854406,0.21940748723758174,0.3319732700901581,-0.11256578285257635,-0.6726734049955849,1.029365379208783,-0.21144426042468267,0.09770204754291259,0.008507853403141362,191,0.2,-0.12529508481043228,-0.07684032980155575,5,5,incumbent,14,xgb_3_300_0.05_0.8,100
0.016060856836691402,2.211512432220662,191,0.0005871611068278785,0.5520810263162461,0.1554256684967783,0.3319732700901581,-0.1765476015933798,-1.0932393904507312,0.7793226662724502,-0.20853593441955776,0.11839638243856257,0.013089005235602094,191,0.0,-0.29971540012198017,-0.056314934147458695,5,5,incumbent,14,xgb_3_300_0.05_0.8,200
0.031173596702561018,5.280544047174111,191,0.00081779623370013,0.6931527590603036,0.1788422114583086,0.3319732700901581,-0.1531310586318495,-0.9053346640389993,0.8662415115587165,-0.21029598778602898,0.1729736425830154,0.055628272251308904,191,0.0,-0.24765195236012005,-0.059858325738283535,5,5,incumbent,14,xgb_3_300_0.05_0.8,500
0.032324439481064296,5.592520696783762,191,0.001301739046701196,1.018897299344044,0.1470945561011483,0.3319732700901581,-0.1848787139890098,-1.1028177252086477,0.7354338406682095,-0.20865854141577167,0.1954919430456158,0.08180628272251309,191,0.0,-0.29069642013180363,-0.05115507021426602,5,5,incumbent,14,xgb_3_300_0.05_0.8,750
0.012045810052923482,1.3740639201875013,191,0.0027953407803979454,2.4188083034719887,0.214828759610328,0.3319732700901581,-0.1171445104798301,-0.6006387057588132,0.9773708777379352,-0.16325877335712935,0.10637028568154915,0.008507853403141362,191,0.4,-0.16909239718461955,-0.08302016742179452,5,5,incumbent,14,xgb_4_400_0.05_0.8,100
0.013758714558818956,2.0234800366590537,191,0.0015098933564469765,1.3068786383457482,0.2162909287166208,0.3319732700901581,-0.11568234137353728,-0.6264189442989475,0.9602449786030222,-0.1943360847785236,0.1260868096773612,0.0137434554973822,191,0.2,-0.16792670246001795,-0.03156449523016269,5,5,incumbent,14,xgb_4_400_0.05_0.8,200
0.026418809666947315,5.049464127457763,191,0.0014971880972414662,1.1137907159929312,0.14310996573128665,0.3319732700901581,-0.18886330435887144,-1.0529115107249056,0.6746076013964025,-0.18856516608473972,0.18969919791145098,0.06675392670157068,191,0.0,-0.2026282816234054,-0.10301624781753271,5,5,incumbent,14,xgb_4_400_0.05_0.8,500
0.02714467977933597,5.288920955641554,191,0.0011557338439922838,0.8428733332039744,0.12692354111463588,0.3319732700901581,-0.2050497289755222,-1.1874632282810966,0.6169267298029169,-0.2188319372348848,0.21773878067841923,0.07853403141361257,191,0.0,-0.1811262970032812,-0.15075098266989406,5,5,incumbent,14,xgb_4_400_0.05_0.8,750
0.014533912482677118,1.6046326735587633,191,0.0009758700683703207,0.9673411754411642,0.23410363865752504,0.3319732700901581,-0.09786963143263305,-0.5169109916283182,1.0923141901559996,-0.19445351726861415,0.09284790279406178,0.005235602094240838,191,0.2,-0.13120631212104605,-0.040824895122058114,5,5,incumbent,14,xgb_2_500_0.05_0.9,100
0.017013522245191103,2.3559145628877003,191,0.0015558873693926835,1.4010690561517216,0.25559550751771987,0.3319732700901581,-0.07637776257243822,-0.38286903726160737,1.171821373534617,-0.20663881337390755,0.11891012654535464,0.010471204188481676,191,0.2,-0.08719181102481988,-0.06867680434291301,5,5,incumbent,14,xgb_2_500_0.05_0.9,200
0.02983111210807212,5.015382287277545,191,0.000820229597955318,0.6724150025791816,0.18897776802862598,0.3319732700901581,-0.1429955020615321,-0.8888037986301652,0.9093856141162032,-0.19060297413793947,0.17079400448709084,0.06479057591623037,191,0.2,-0.26429067787416016,-0.0402756971696836,5,5,incumbent,14,xgb_2_500_0.05_0.9,500
0.031219102283634857,5.274736881389928,191,0.00017068459389058395,0.14290144676227307,0.1495336560572622,0.3319732700901581,-0.18243961403289588,-1.166069296350646,0.7576489973531144,-0.1911171882605085,0.18608355134808746,0.08638743455497382,191,0.2,-0.2527909353780172,-0.0402756971696836,5,5,incumbent,14,xgb_2_500_0.05_0.9,750
0.020836675776985676,1.9642194034469291,191,-8.022605504899124e-05,-0.06660114052354421,0.18570715612028255,0.3319732700901581,-0.14626611396987554,-1.0174501982237907,1.0298819354404476,-0.19404763688247695,0.06641379668692082,0.014397905759162303,191,0.2,-0.2039443520876454,-0.08122346196956665,5,10,kept_h,22,equal,100
0.028072231270713056,3.2867868670665614,191,0.001640962363045214,1.011540349590698,0.24009247319041216,0.3319732700901581,-0.09188079689974593,-0.5903465693712813,1.1691766720066614,-0.14572802634002457,0.0870590213125322,0.01832460732984293,191,0.2,-0.20995181983114886,-0.07067500992728659,5,10,kept_h,22,equal,200
0.04206374406927392,6.344574508085421,191,0.002417542364604342,1.3554845064697256,0.2998173334206906,0.3319732700901581,-0.03215593666946748,-0.15358841242619514,1.5301475779869236,-0.13973953886503687,0.12094550984677375,0.09031413612565445,191,0.2,-0.13232426923788765,-0.032872951706471865,5,10,kept_h,22,equal,500
0.04419928958820282,6.829057128186216,191,0.0031212685813795755,1.7169459690069928,0.27594775792249626,0.3319732700901581,-0.05602551216766183,-0.2986978266020317,1.4269020484856791,-0.15729128451923202,0.12146383634126155,0.13023560209424084,191,0.2,-0.19885586948350698,-0.05392457678198592,5,10,kept_h,22,equal,750
0.016696479136540477,1.5538507543086195,191,0.0009326669021816777,0.6355088809464186,0.24025638692528073,0.3319732700901581,-0.09171688316487736,-0.5655544401665065,1.2613581602720616,-0.17605974776429245,0.05026613540994271,0.013089005235602094,191,0.2,-0.20298175455124623,-0.03250093614358629,5,10,kept_h,22,ic_weighted,100
0.02535924440700106,2.8493786362317133,191,0.0022828326583718053,1.2412734345175942,0.19838691921295237,0.3319732700901581,-0.13358635087720572,-0.5304925412064015,1.220917056126,-0.188983253344019,0.06715876550965426,0.02356020942408377,191,0.2,-0.14126410779863963,-0.10328885895366613,5,10,kept_h,22,ic_weighted,200
0.03895230740068741,5.396147448524021,191,0.0016888490249037118,0.828793847339631,0.2939612366293347,0.3319732700901581,-0.03801203346082338,0.09888007659761235,1.6606520663863804,-0.17139653537353705,0.09957251837607128,0.061518324607329845,191,0.2,-0.09348548604184637,-0.05289956605126145,5,10,kept_h,22,ic_weighted,500
0.04121536003803857,5.787970711910621,191,0.0018031112800952027,0.8779302953155826,0.26877297046377,0.3319732700901581,-0.06320029962638807,-0.05705456553153045,1.5678800709689322,-0.19497390621023647,0.10039279859872977,0.09031413612565445,191,0.2,-0.15813761885820843,-0.0273664684153071,5,10,kept_h,22,ic_weighted,750
0.019238099919458424,1.8659613872265872,191,0.0008987433664715259,0.6582932078323139,0.1670309158329375,0.3319732700901581,-0.1649423542572206,-1.192245215728647,0.9245479060487375,-0.20165930780741925,0.05091010690773269,0.005235602094240838,191,0.0,-0.203759016202418,-0.10243716204305353,5,10,kept_h,22,ridge_20.0,100
0.027567669729622424,3.282962439443391,191,0.0002495409519757822,0.17197774998034573,0.16333350782147593,0.3319732700901581,-0.16863976226868216,-1.17668067674197,0.8128642098677492,-0.31019771750349767,0.0684583617769656,0.009162303664921465,191,0.0,-0.2166287771922778,-0.07313292243781333,5,10,kept_h,22,ridge_20.0,200
0.037157985013945787,5.469933122505617,191,0.0008439384888448016,0.4056450802046972,0.24735102407985443,0.3319732700901581,-0.08462224601030366,-0.5381250781197301,1.10361688672549,-0.3023222499219821,0.09193736472168061,0.034031413612565446,191,0.2,-0.12514532017699287,-0.07943350947778405,5,10,kept_h,22,ridge_20.0,500
0.03809096027362668,5.912180961801404,191,0.0005466479842224358,0.2647287082674242,0.23586080259092546,0.3319732700901581,-0.09611246749923263,-0.638404687299265,1.092069141818478,-0.24384308874372007,0.09537707367672861,0.06479057591623037,191,0.2,-0.16684684933838567,-0.010867916974425018,5,10,kept_h,22,ridge_20.0,750
0.0191712638558855,1.824814739078557,191,0.0002467587019721563,0.1804152659597759,0.1851687232627286,0.3319732700901581,-0.1468045468274295,-1.0288543377970045,1.0087573461654709,-0.1963120156413526,0.04955410051896282,0.005235602094240838,191,0.2,-0.16556490300882953,-0.11300087154515281,5,10,kept_h,22,ridge_200.0,100
0.027160328234112022,3.1862475151526017,191,-0.0005441453138424854,-0.3652963353812944,0.18328707413723788,0.3319732700901581,-0.1486861959529202,-1.0441976216068696,0.8933188261009872,-0.29203892815255106,0.06737834859324356,0.007853403141361256,191,0.0,-0.20932090436728323,-0.04940563383590024,5,10,kept_h,22,ridge_200.0,200
0.03737696144820678,5.379062558680241,191,0.0004569614886340358,0.21863632990575738,0.26365881762057697,0.3319732700901581,-0.06831445246958112,-0.37004703276415274,1.1786469496458987,-0.2726356308986576,0.0918285860618283,0.03534031413612566,191,0.2,-0.10000356137316779,-0.05818066489108831,5,10,kept_h,22,ridge_200.0,500
0.038343166986398454,5.800485392165529,191,0.000150370382318634,0.0732155810635488,0.2446281139287907,0.3319732700901581,-0.0873451561613674,-0.5021717462583006,1.1487415280759572,-0.24348770745245207,0.09301335557078078,0.0700261780104712,191,0.2,-0.13848574700923932,-0.033965150693643364,5,10,kept_h,22,ridge_200.0,750
0.019135891265068008,1.776535584248153,191,0.000281586582377475,0.2010584218295696,0.160322072721494,0.3319732700901581,-0.17165119736866408,-1.1896197330272242,0.8664300427876834,-0.23949450878483047,0.049370728020632124,0.006544502617801047,191,0.0,-0.16354175587026176,-0.11533092606143225,5,10,kept_h,22,lasso_0.0005,100
0.028252005997231926,3.308868086548156,191,0.00041604054974713877,0.27457783734337987,0.20012107076428332,0.3319732700901581,-0.13185219932587477,-0.9198523001883934,0.9635016724531529,-0.3170755608691107,0.06433653113537663,0.009162303664921465,191,0.0,-0.14596516992462116,-0.08313090888923658,5,10,kept_h,22,lasso_0.0005,200
0.038861140300875695,5.519861174029519,191,0.0022863612573652365,1.1337894657680203,0.2635011293567606,0.3319732700901581,-0.06847214073339747,-0.39369372201143965,1.1700084212683153,-0.30182359173471807,0.08773251198538684,0.04712041884816754,191,0.0,-0.11677707712526153,-0.05505394602080749,5,10,kept_h,22,lasso_0.0005,500
0.039988889342193704,5.922431217153989,191,0.0011307243867265304,0.5692877192467461,0.24421882451576105,0.3319732700901581,-0.08775444557439704,-0.508140333852254,1.1195549510980676,-0.2837609626069181,0.08928623446134792,0.0844240837696335,191,0.2,-0.13513358983899793,-0.05375740522611827,5,10,kept_h,22,lasso_0.0005,750
0.019653853148739967,1.7399301079869696,191,0.0013502446790737788,0.981806903077877,0.17636308762219666,0.3319732700901581,-0.15561018246796143,-1.0102570677410405,0.9930163541361068,-0.22430231832197567,0.04647451947752896,0.020942408376963352,191,0.0,-0.1868409079797022,-0.09598847450793202,5,10,kept_h,22,pcr_8,100
0.0257631487336434,2.882716329569823,191,0.0002321210425927338,0.12803601763735067,0.18717228995306034,0.3319732700901581,-0.14480098013709775,-0.642389444847628,1.2006582995959814,-0.21721508893627972,0.05509975801700014,0.034031413612565446,191,0.2,-0.17373607849000972,-0.030503477290110825,5,10,kept_h,22,pcr_8,200
0.040598827854987876,5.491600378622148,191,0.001310461859038363,0.6214134140349549,0.20870795328780578,0.3319732700901581,-0.12326531680235231,-0.48464936463827524,1.381337741968618,-0.15774916219142143,0.08895179636616053,0.07853403141361257,191,0.2,-0.11778189649481663,-0.06709827620807929,5,10,kept_h,22,pcr_8,500
0.042495902101342437,5.91074612953112,191,0.0013388476397900681,0.6437739709563891,0.22147556336286933,0.3319732700901581,-0.11049770672728876,-0.4225199569456601,1.5172461866425597,-0.13480615609273605,0.08664977926273544,0.11714659685863875,191,0.2,-0.14296575751831964,-0.07253532208346614,5,10,kept_h,22,pcr_8,750
0.023029285088873582,2.584699701995714,191,-0.0010653033655097816,-0.7856468270068193,0.1893191302057562,0.3319732700901581,-0.1426541398844019,-0.9349570123743409,0.9418669852023159,-0.25090654734122764,0.07195135287707687,0.005235602094240838,191,0.0,-0.13090795956629386,-0.08818115478609567,5,10,kept_h,22,xgb_3_300_0.05_0.8,100
0.02438245760318561,3.441191071655596,191,0.0005101759598653822,0.3251531587891332,0.2147882637194305,0.3319732700901581,-0.1171850063707276,-0.7379876314706627,0.9642108786871069,-0.23127743883598206,0.09233744979334516,0.006544502617801047,191,0.0,-0.1546437721663657,-0.06098279266153439,5,10,kept_h,22,xgb_3_300_0.05_0.8,200
0.03553021272220708,5.887598364303429,191,0.0013796603328460604,0.7224286905377462,0.20669538873034066,0.3319732700901581,-0.12527788135981743,-0.5934134989499089,0.9201300441053447,-0.2500288936971342,0.11794162900945444,0.02225130890052356,191,0.2,-0.17601784152980915,-0.06183874605922002,5,10,kept_h,22,xgb_3_300_0.05_0.8,500
0.03702788329707483,6.533390086844433,191,0.0009452623159122405,0.5036321202296752,0.20446132152913332,0.3319732700901581,-0.12751194856102477,-0.6123752693732923,0.9227452634755886,-0.2585284009171088,0.12445948786162878,0.03664921465968586,191,0.2,-0.23022917830455747,-0.07361965207047472,5,10,kept_h,22,xgb_3_300_0.05_0.8,750
0.015040897345689985,1.6667770732376805,191,-0.0015467257697271738,-0.964717421257194,0.12246931454869103,0.3319732700901581,-0.20950395554146706,-1.4753888001140651,0.6252117408021095,-0.20954832650092325,0.0814382054239917,0.009162303664921465,191,0.0,-0.2121100120122531,-0.11320413591388345,5,10,kept_h,22,xgb_4_400_0.05_0.8,100
0.01509921675775348,2.284337120115893,191,0.0008533680208115132,0.5804543522977083,0.2390363408420504,0.3319732700901581,-0.0929369292481077,-0.6163311735313873,1.0202720699819068,-0.21148064746049855,0.10029830273956696,0.014397905759162303,191,0.2,-0.14055782112380533,-0.10124939912444975,5,10,kept_h,22,xgb_4_400_0.05_0.8,200
0.02709385997842677,5.011150064273194,191,0.00026663961449725776,0.13615907624368612,0.19482738645415876,0.3319732700901581,-0.13714588363599933,-0.7460731689800627,0.8569274321810741,-0.23674126442632926,0.12000684909594805,0.056282722513089,191,0.0,-0.1731548481698697,-0.041428400214606365,5,10,kept_h,22,xgb_4_400_0.05_0.8,500
0.029134996247810366,5.751365733081371,191,0.00036200030623930287,0.1750387928327975,0.17560636436257604,0.3319732700901581,-0.15636690572758205,-0.8491480102990995,0.7846925375835309,-0.2566350734597811,0.12099961842917921,0.07853403141361257,191,0.0,-0.19890843303625716,-0.06026948089650874,5,10,kept_h,22,xgb_4_400_0.05_0.8,750
0.021155744069174212,2.317869569762937,191,-0.00022985879088025443,-0.16950548661496487,0.15763203007035642,0.3319732700901581,-0.17434124001980167,-1.136581080414831,0.8115264826042657,-0.15977162441017256,0.06782900974744765,0.005235602094240838,191,0.2,-0.22699157005561477,-0.11859904329174875,5,10,kept_h,22,xgb_2_500_0.05_0.9,100
0.02570243216101842,3.524289947480388,191,8.26388131827116e-05,0.04966090417803822,0.2089041529468294,0.3319732700901581,-0.12306911714332869,-0.80324884125066,1.0169337936900635,-0.21893949879115515,0.08458381529690842,0.011780104712041885,191,0.0,-0.1277064015973839,-0.08923563910928134,5,10,kept_h,22,xgb_2_500_0.05_0.9,200
0.03649424585891327,5.851519436972431,191,0.002242191392972246,1.1047050771063027,0.2416918103626644,0.3319732700901581,-0.09028145972749368,-0.39996632166837565,1.0615451909607334,-0.21368955840171544,0.1106906731174263,0.028795811518324606,191,0.2,-0.1817006404588829,-0.03125311216989357,5,10,kept_h,22,xgb_2_500_0.05_0.9,500
0.03803270525603648,6.445068375080366,191,0.0023149147517589064,1.1511917688625137,0.21843205550378508,0.3319732700901581,-0.11354121458637301,-0.5449736753929758,0.9842232030029868,-0.24099941596701746,0.11715066625335042,0.03795811518324607,191,0.4,-0.24506948314207355,-0.02161019295454014,5,10,kept_h,22,xgb_2_500_0.05_0.9,750
0.02366172455178134,2.360664232157373,191,0.001871784532007503,1.2276809293714273,0.22194216731890992,0.3319732700901581,-0.11003110277124817,-0.6924146696722706,1.143174925839845,-0.1890480790948047,0.050531929964434,0.009162303664921465,191,0.4,-0.16544117443433137,-0.0229748636484145,5,10,decorr_h,14,equal,100
0.028281006593147164,3.516045854741834,191,0.0008890087245744092,0.4830991490069479,0.31101515041563066,0.3319732700901581,-0.02095811967452743,-0.15888210454575152,1.3594845517451177,-0.16204458942641875,0.06788769242222584,0.017015706806282723,191,0.4,-0.2049745517864523,-0.012595511972904094,5,10,decorr_h,14,equal,200
0.042506897240708046,6.421930150789575,191,0.0025177262625925203,1.2607390854614149,0.3264746770779945,0.3319732700901581,-0.0054985930121635995,-0.07410215865691985,1.4689634478683922,-0.19318869050047716,0.09851559158072141,0.060209424083769635,191,0.2,-0.12885043488925452,-0.04292565976821794,5,10,decorr_h,14,equal,500
0.04429567283347257,6.766551864503734,191,0.00230050181082562,1.1529171607578836,0.31725416438299114,0.3319732700901581,-0.014719105707166946,-0.12554347151412784,1.441737186982479,-0.20391780887868816,0.09788802462706328,0.08115183246073299,191,0.2,-0.14592438316679135,-0.021614814359862455,5,10,decorr_h,14,equal,750
0.01585561315358222,1.5487576290635126,191,0.00120364407690593,0.7807202874088609,0.22674442999479005,0.3319732700901581,-0.10522884009536804,-0.6160553469756117,1.1583957628980135,-0.18843509016687143,0.04007348678161172,0.005235602094240838,191,0.2,-0.1847072104345382,-0.06822909009251388,5,10,decorr_h,14,ic_weighted,100
0.02352151480288454,2.7885600170248397,191,0.0003123831501259854,0.1663798314844069,0.20750373443435555,0.3319732700901581,-0.12446953565580254,-0.46452061807159384,1.2322547706252314,-0.15570923860041552,0.0540070394930767,0.0274869109947644,191,0.2,-0.178001759001008,-0.08990068890051073,5,10,decorr_h,14,ic_weighted,200
0.03846128724601415,5.456670690203911,191,0.0006914857911501879,0.3125023617576708,0.2326999613910692,0.3319732700901581,-0.0992733086990889,-0.2609206248281373,1.2756537016608522,-0.18356554603287767,0.08421895691607795,0.05366492146596859,191,0.2,-0.14624274290241357,-0.03883312738118139,5,10,decorr_h,14,ic_weighted,500
0.040295928452862194,5.755730129300145,191,0.0016841749192571453,0.7633060546244341,0.28553257756948835,0.3319732700901581,-0.046440692520669735,0.03282741531611231,1.5619353653284151,-0.17918135999541396,0.08631401241353814,0.07264397905759162,191,0.4,-0.14856084292903993,-0.01883617043495167,5,10,decorr_h,14,ic_weighted,750
0.016071403996874577,1.4975093984235213,191,0.0005940384541135964,0.40586064550447515,0.15496992665632758,0.3319732700901581,-0.1770033434338305,-1.2739055673484418,0.8537675338399557,-0.2193557936516255,0.0478000300790622,0.015706806282722512,191,0.2,-0.17877852398220417,-0.14285393188964024,5,10,decorr_h,14,ridge_20.0,100
0.022270117227318528,2.687839358535643,191,-0.00040992471287075764,-0.2625785644356322,0.13892715846730863,0.3319732700901581,-0.19304611162284946,-1.2893433185289,0.658569264802293,-0.29570358963003895,0.06942160456623073,0.017015706806282723,191,0.0,-0.2180287616385851,-0.13498641712456205,5,10,decorr_h,14,ridge_20.0,200
0.03733732806534263,5.418311080809368,191,0.0020337750945064723,0.9368362877461347,0.19582252952719936,0.3319732700901581,-0.13615074056295873,-0.725406540609755,0.8318894065921433,-0.32950574619190987,0.08725134736873108,0.041884816753926704,191,0.0,-0.17436849201859494,-0.053704497170854126,5,10,decorr_h,14,ridge_20.0,500
0.038601120574483706,5.8217465216145134,191,0.0017594417596128599,0.8364657357267681,0.21934825287217175,0.3319732700901581,-0.11262501721798635,-0.6085718443930146,0.9290452083338439,-0.32950574619190987,0.08977701729850113,0.06806282722513089,191,0.0,-0.15472339067602936,-0.07157549571157162,5,10,decorr_h,14,ridge_20.0,750
0.016927877152512327,1.564388138608683,191,0.0011775429514163608,0.8145676059686432,0.16012493684460405,0.3319732700901581,-0.17184833324555404,-1.2383673015248695,0.8884479575137374,-0.2663817995759231,0.04683016461766231,0.013089005235602094,191,0.0,-0.1839750756727363,-0.11497175144533811,5,10,decorr_h,14,ridge_200.0,100
0.02291677000121397,2.7430216130811558,191,2.1574716449408007e-05,0.013996324368848496,0.1460811158947415,0.3319732700901581,-0.1858921541954166,-1.2477673415092652,0.7118070094911471,-0.27020983594670567,0.06593506755447597,0.020942408376963352,191,0.0,-0.2260620833191056,-0.13242705433296942,5,10,decorr_h,14,ridge_200.0,200
0.03779439580568533,5.4007958762361525,191,0.00175076205507701,0.8174495636918228,0.21510972872390233,0.3319732700901581,-0.11686354136625576,-0.6132900043285705,0.9175011364094646,-0.3285463428277161,0.08543697822514577,0.04581151832460733,191,0.0,-0.1546148901462513,-0.06852688109097327,5,10,decorr_h,14,ridge_200.0,500
0.03908167345969544,5.793138924831429,191,0.0013212492806515144,0.6256833579600639,0.2235894090392303,0.3319732700901581,-0.10838386105092779,-0.5725195945688308,0.9580253205705028,-0.3285463428277161,0.08781366055428273,0.0693717277486911,191,0.0,-0.12445063624983332,-0.06454864454392895,5,10,decorr_h,14,ridge_200.0,750
0.01746475898402184,1.6038099939859607,191,0.0014995542033063491,1.0474945555194635,0.19355098573395102,0.3319732700901581,-0.13842228435620707,-0.9372950256903265,1.0405294456805043,-0.21624782083487004,0.04479824293615747,0.011780104712041885,191,0.2,-0.16758986016277033,-0.10506598405993717,5,10,decorr_h,14,lasso_0.0005,100
0.024308298845872045,2.9199759954369267,191,-7.919080101967795e-05,-0.05020415658040063,0.17492322681656902,0.3319732700901581,-0.15705004327358907,-1.032120807099207,0.8279479374464133,-0.2831319918289027,0.06411975000570178,0.02225130890052356,191,0.0,-0.22975082924575763,-0.07169903174667958,5,10,decorr_h,14,lasso_0.0005,200
0.038935925587015544,5.548746571282119,191,0.0018937612995895416,0.8600316452456707,0.23521009687781191,0.3319732700901581,-0.09676317321234618,-0.5209474897224625,1.0226782818434401,-0.3331183810566162,0.0840382211951915,0.05759162303664921,191,0.2,-0.13562171408063273,-0.10377950287196014,5,10,decorr_h,14,lasso_0.0005,500
0.04012584779581816,5.9092817244803415,191,0.00230791333682484,1.0453193111238834,0.23351592909048935,0.3319732700901581,-0.09845734099966874,-0.5419333886566043,1.0330379960300173,-0.3331183810566162,0.08586102850909626,0.08115183246073299,191,0.2,-0.13609997393568174,-0.10815227548452855,5,10,decorr_h,14,lasso_0.0005,750
0.019165587625268862,1.688273581682683,191,0.002416193662778138,1.6000927863532595,0.20204768156964548,0.3319732700901581,-0.1299255885205126,-0.7957779233108023,1.0780949540014289,-0.27421887923500143,0.04449179880754407,0.015706806282722512,191,0.0,-0.13394270687312526,-0.0772104339990094,5,10,decorr_h,14,pcr_8,100
0.026193892311309155,2.945896761082714,191,0.0009204433762824349,0.5137148769341555,0.18344952967670802,0.3319732700901581,-0.14852374041345007,-0.6181799890991804,1.166867708377182,-0.273582664143741,0.05640674662984296,0.026832460732984294,191,0.2,-0.1438164510745178,-0.031294279989963036,5,10,decorr_h,14,pcr_8,200
0.04207512058559194,5.475278605130809,191,0.00037115529735440983,0.17783234188507654,0.2024743721143727,0.3319732700901581,-0.1294988979757854,-0.5226915941449837,1.3721553982264836,-0.21759474890420905,0.07988359646146052,0.08573298429319372,191,0.2,-0.154214333703658,-0.01614396381499017,5,10,decorr_h,14,pcr_8,500
0.043949856866738614,5.883918870082715,191,0.0011270394206232348,0.5333281383885983,0.21159759639222897,0.3319732700901581,-0.12037567369792912,-0.47883014848556044,1.4708159534119154,-0.22944245799204765,0.08028966745602543,0.11321989528795812,191,0.2,-0.1789158470137725,-0.014845013618469238,5,10,decorr_h,14,pcr_8,750
0.011424221099819769,1.2801930706160942,191,-0.0015973938173121963,-1.1755785900449482,0.06880173392118483,0.3319732700901581,-0.26317153616897326,-1.7922950749961406,0.38048785425869547,-0.2601310377997562,0.07856738165155346,0.010471204188481676,191,0.0,-0.22667776245306237,-0.1749889368612978,5,10,decorr_h,14,xgb_3_300_0.05_0.8,100
0.017575159964159967,2.518512079526211,191,-6.048689006354796e-05,-0.038430067664787675,0.12875820126501725,0.3319732700901581,-0.20321506882514084,-1.3930888531187198,0.5746128407316226,-0.2679634310287964,0.09033178329702846,0.013089005235602094,191,0.0,-0.21448432230489445,-0.10434151496827282,5,10,decorr_h,14,xgb_3_300_0.05_0.8,200
0.03126980478017807,5.412819947434471,191,-0.001943024198393001,-1.0024560908523743,0.15108575469947505,0.3319732700901581,-0.18088751539068304,-1.0714893572476085,0.637328024520376,-0.2567756550658794,0.11134734542877846,0.04450261780104712,191,0.0,-0.2666319818477739,-0.08373103168515017,5,10,decorr_h,14,xgb_3_300_0.05_0.8,500
0.03472064241774312,6.324079606353287,191,-0.00042694157199124703,-0.21331356477896718,0.07181296925630076,0.3319732700901581,-0.2601603008338573,-1.580972747968328,0.3139149621758156,-0.2515199330955872,0.11544656390175637,0.060209424083769635,191,0.0,-0.24892807057877375,-0.185766018107702,5,10,decorr_h,14,xgb_3_300_0.05_0.8,750
0.008666706835256166,1.0435195357988793,191,-0.001260560722680304,-0.9078336346362917,0.05180858051900428,0.3319732700901581,-0.2801646895711538,-1.9696217444545672,0.2961504945569136,-0.2189017482418868,0.0818729642193502,0.01832460732984293,191,0.0,-0.28940941837215484,-0.20511058570358287,5,10,decorr_h,14,xgb_4_400_0.05_0.8,100
0.01350230099212373,2.0152674639198356,191,0.0006012318970352724,0.36233545149478324,0.13538008447543692,0.3319732700901581,-0.19659318561472117,-1.247002011585471,0.6204647936963898,-0.21212632169841095,0.0984928969477156,0.015706806282722512,191,0.0,-0.24689316214514467,-0.05923126338224538,5,10,decorr_h,14,xgb_4_400_0.05_0.8,200
0.025562723904411874,4.728593941816086,191,-0.003196832146105498,-1.514227016535745,0.06796228128072368,0.3319732700901581,-0.2640109888094344,-1.5328260576033004,0.3444949457983381,-0.35642605257108906,0.1250077560295089,0.060209424083769635,191,0.0,-0.2582418355829119,-0.1383840648391046,5,10,decorr_h,14,xgb_4_400_0.05_0.8,500
0.02838748678202234,5.6467373543709085,191,-0.003047549195041519,-1.4522061661604762,0.043603645544702196,0.3319732700901581,-0.2883696245454559,-1.7562782988541414,0.2451690320642564,-0.36677507331593484,0.12982474048350412,0.08507853403141362,191,0.0,-0.2688455904780158,-0.1475131541666952,5,10,decorr_h,14,xgb_4_400_0.05_0.8,750
0.013289181455315146,1.4541605051041728,191,0.00034257323275130064,0.24494879806615613,0.13990739047043488,0.3319732700901581,-0.1920658796197232,-1.228409722948413,0.704040531172626,-0.25620972467312275,0.07442317870815582,0.009162303664921465,191,0.0,-0.1676502818224349,-0.12984571140084689,5,10,decorr_h,14,xgb_2_500_0.05_0.9,100
0.02153825010011236,3.008071887392746,191,0.00019142563157368704,0.12792357968644985,0.15499828781275804,0.3319732700901581,-0.17697498227740005,-1.1908546851301534,0.7207746513640245,-0.25429381526061257,0.09247608098791861,0.005235602094240838,191,0.0,-0.16478699053434864,-0.12265447283192965,5,10,decorr_h,14,xgb_2_500_0.05_0.9,200
0.03433140226837569,5.63449609009106,191,-0.0004837943051444337,-0.24380715875590012,0.1899352798056244,0.3319732700901581,-0.14203799028453368,-0.8265587666097862,0.8373099851876545,-0.2572445126721381,0.10709079326637559,0.051047120418848166,191,0.2,-0.18096623992359107,-0.07685872066128285,5,10,decorr_h,14,xgb_2_500_0.05_0.9,500
0.03656195245378922,6.311932772553634,191,0.0009074009981138037,0.44425556130965593,0.2179554948472031,0.3319732700901581,-0.11401777524295498,-0.6344054922486987,0.941819698905092,-0.249198446062742,0.11452095572453634,0.060209424083769635,191,0.2,-0.13067171218187656,-0.09470654094102271,5,10,decorr_h,14,xgb_2_500_0.05_0.9,750
0.020836675776985676,1.9642194034469291,191,-8.022605504899124e-05,-0.06660114052354421,0.18570715612028255,0.3319732700901581,-0.14626611396987554,-1.0174501982237907,1.0298819354404476,-0.19404763688247695,0.06641379668692082,0.014397905759162303,191,0.2,-0.2039443520876454,-0.08122346196956665,5,10,swing_union,22,equal,100
0.028072231270713056,3.2867868670665614,191,0.001640962363045214,1.011540349590698,0.24009247319041216,0.3319732700901581,-0.09188079689974593,-0.5903465693712813,1.1691766720066614,-0.14572802634002457,0.0870590213125322,0.01832460732984293,191,0.2,-0.20995181983114886,-0.07067500992728659,5,10,swing_union,22,equal,200
0.04206374406927392,6.344574508085421,191,0.002417542364604342,1.3554845064697256,0.2998173334206906,0.3319732700901581,-0.03215593666946748,-0.15358841242619514,1.5301475779869236,-0.13973953886503687,0.12094550984677375,0.09031413612565445,191,0.2,-0.13232426923788765,-0.032872951706471865,5,10,swing_union,22,equal,500
0.04419928958820282,6.829057128186216,191,0.0031212685813795755,1.7169459690069928,0.27594775792249626,0.3319732700901581,-0.05602551216766183,-0.2986978266020317,1.4269020484856791,-0.15729128451923202,0.12146383634126155,0.13023560209424084,191,0.2,-0.19885586948350698,-0.05392457678198592,5,10,swing_union,22,equal,750
0.016696479136540477,1.5538507543086195,191,0.0009326669021816777,0.6355088809464186,0.24025638692528073,0.3319732700901581,-0.09171688316487736,-0.5655544401665065,1.2613581602720616,-0.17605974776429245,0.05026613540994271,0.013089005235602094,191,0.2,-0.20298175455124623,-0.03250093614358629,5,10,swing_union,22,ic_weighted,100
0.02535924440700106,2.8493786362317133,191,0.0022828326583718053,1.2412734345175942,0.19838691921295237,0.3319732700901581,-0.13358635087720572,-0.5304925412064015,1.220917056126,-0.188983253344019,0.06715876550965426,0.02356020942408377,191,0.2,-0.14126410779863963,-0.10328885895366613,5,10,swing_union,22,ic_weighted,200
0.03895230740068741,5.396147448524021,191,0.0016888490249037118,0.828793847339631,0.2939612366293347,0.3319732700901581,-0.03801203346082338,0.09888007659761235,1.6606520663863804,-0.17139653537353705,0.09957251837607128,0.061518324607329845,191,0.2,-0.09348548604184637,-0.05289956605126145,5,10,swing_union,22,ic_weighted,500
0.04121536003803857,5.787970711910621,191,0.0018031112800952027,0.8779302953155826,0.26877297046377,0.3319732700901581,-0.06320029962638807,-0.05705456553153045,1.5678800709689322,-0.19497390621023647,0.10039279859872977,0.09031413612565445,191,0.2,-0.15813761885820843,-0.0273664684153071,5,10,swing_union,22,ic_weighted,750
0.019239859257695908,1.8661110554769247,191,0.0008987433664715259,0.6582932078323139,0.1670309158329375,0.3319732700901581,-0.1649423542572206,-1.192245215728647,0.9245479060487375,-0.20165930780741925,0.05091010690773269,0.005235602094240838,191,0.0,-0.203759016202418,-0.10243716204305353,5,10,swing_union,22,ridge_20.0,100
0.02757298094644066,3.2835151944954553,191,0.0002495409519757822,0.17197774998034573,0.16333350782147593,0.3319732700901581,-0.16863976226868216,-1.17668067674197,0.8128642098677492,-0.31019771750349767,0.0684583617769656,0.009162303664921465,191,0.0,-0.2166287771922778,-0.07313292243781333,5,10,swing_union,22,ridge_20.0,200
0.03715932748680596,5.470083288182886,191,0.0008439384888448016,0.4056450802046972,0.24735102407985443,0.3319732700901581,-0.08462224601030366,-0.5381250781197301,1.10361688672549,-0.3023222499219821,0.09193736472168061,0.034031413612565446,191,0.2,-0.12514532017699287,-0.07943350947778405,5,10,swing_union,22,ridge_20.0,500
0.03809213427040013,5.91232038054039,191,0.0005466479842224358,0.2647287082674242,0.23586080259092546,0.3319732700901581,-0.09611246749923263,-0.638404687299265,1.092069141818478,-0.24384308874372007,0.09537707367672861,0.06479057591623037,191,0.2,-0.16684684933838567,-0.010867916974425018,5,10,swing_union,22,ridge_20.0,750
0.019173965696750214,1.8250675679185988,191,0.0002467587019721563,0.1804152659597759,0.1851687232627286,0.3319732700901581,-0.1468045468274295,-1.0288543377970045,1.0087573461654709,-0.1963120156413526,0.04955410051896282,0.005235602094240838,191,0.2,-0.16556490300882953,-0.11300087154515281,5,10,swing_union,22,ridge_200.0,100
0.027157523547145734,3.185876523385362,191,-0.0005441453138424854,-0.3652963353812944,0.18328707413723788,0.3319732700901581,-0.1486861959529202,-1.0441976216068696,0.8933188261009872,-0.29203892815255106,0.06737834859324356,0.007853403141361256,191,0.0,-0.20932090436728323,-0.04940563383590024,5,10,swing_union,22,ridge_200.0,200
0.03737596638638328,5.378935343209249,191,0.0004569614886340358,0.21863632990575738,0.26365881762057697,0.3319732700901581,-0.06831445246958112,-0.37004703276415274,1.1786469496458987,-0.2726356308986576,0.0918285860618283,0.03534031413612566,191,0.2,-0.10000356137316779,-0.05818066489108831,5,10,swing_union,22,ridge_200.0,500
0.03834221774466654,5.800349383160448,191,0.000150370382318634,0.0732155810635488,0.2446281139287907,0.3319732700901581,-0.0873451561613674,-0.5021717462583006,1.1487415280759572,-0.24348770745245207,0.09301335557078078,0.0700261780104712,191,0.2,-0.13848574700923932,-0.033965150693643364,5,10,swing_union,22,ridge_200.0,750
0.019161215733619143,1.7794603469533496,191,0.000281586582377475,0.2010584218295696,0.160322072721494,0.3319732700901581,-0.17165119736866408,-1.1896197330272242,0.8664300427876834,-0.23949450878483047,0.049370728020632124,0.006544502617801047,191,0.0,-0.16354175587026176,-0.11533092606143225,5,10,swing_union,22,lasso_0.0005,100
0.028273275793646534,3.3116488484215165,191,0.00041604054974713877,0.27457783734337987,0.20012107076428332,0.3319732700901581,-0.13185219932587477,-0.9198523001883934,0.9635016724531529,-0.3170755608691107,0.06433653113537663,0.009162303664921465,191,0.0,-0.14596516992462116,-0.08313090888923658,5,10,swing_union,22,lasso_0.0005,200
0.038868563828235975,5.520972488512841,191,0.0022863612573652365,1.1337894657680203,0.27638116712956706,0.3319732700901581,-0.05559210296059103,-0.3206021779258401,1.219219380515249,-0.2932264053121728,0.08816992942255442,0.04712041884816754,191,0.2,-0.11677707712526164,-0.05505394602080771,5,10,swing_union,22,lasso_0.0005,500
0.03999652837413937,5.92363488817119,191,0.0011307243867265304,0.5692877192467461,0.24421882451576105,0.3319732700901581,-0.08775444557439704,-0.508140333852254,1.1195549510980676,-0.2837609626069181,0.08928623446134792,0.0844240837696335,191,0.2,-0.13513358983899793,-0.05375740522611827,5,10,swing_union,22,lasso_0.0005,750
0.019653853148739967,1.7399301079869696,191,0.0013502446790737788,0.981806903077877,0.17636308762219666,0.3319732700901581,-0.15561018246796143,-1.0102570677410405,0.9930163541361068,-0.22430231832197567,0.04647451947752896,0.020942408376963352,191,0.0,-0.1868409079797022,-0.09598847450793202,5,10,swing_union,22,pcr_8,100
0.0257631487336434,2.882716329569823,191,0.0002321210425927338,0.12803601763735067,0.18717228995306034,0.3319732700901581,-0.14480098013709775,-0.642389444847628,1.2006582995959814,-0.21721508893627972,0.05509975801700014,0.034031413612565446,191,0.2,-0.17373607849000972,-0.030503477290110825,5,10,swing_union,22,pcr_8,200
0.040598716426513345,5.49159229636446,191,0.001310461859038363,0.6214134140349549,0.20870795328780578,0.3319732700901581,-0.12326531680235231,-0.48464936463827524,1.381337741968618,-0.15774916219142143,0.08895179636616053,0.07853403141361257,191,0.2,-0.11778189649481663,-0.06709827620807929,5,10,swing_union,22,pcr_8,500
0.04249592622821655,5.910754843932956,191,0.0013388476397900681,0.6437739709563891,0.22147556336286933,0.3319732700901581,-0.11049770672728876,-0.4225199569456601,1.5172461866425597,-0.13480615609273605,0.08664977926273544,0.11714659685863875,191,0.2,-0.14296575751831964,-0.07253532208346614,5,10,swing_union,22,pcr_8,750
0.016065520598074735,1.8101942393666859,191,7.128201703009493e-05,0.04713988102795935,0.18098516807596865,0.3319732700901581,-0.15098810201418944,-1.0000703025802162,0.884308631107187,-0.19853809442045056,0.06749208645398917,0.010471204188481676,191,0.0,-0.23064702649419133,-0.05487579309381119,5,10,swing_union,22,xgb_3_300_0.05_0.8,100
0.021332363756496435,3.0417913946593873,191,0.0005818758499979271,0.3713093459527727,0.20968911809347035,0.3319732700901581,-0.12228415199668774,-0.850157927183262,0.9002858490733233,-0.21328359259499174,0.08944143172766587,0.015706806282722512,191,0.0,-0.1293036661922865,-0.0923933585939305,5,10,swing_union,22,xgb_3_300_0.05_0.8,200
0.03599840029265265,5.995237746968188,191,0.0027680889330316746,1.4188885167596408,0.2096803562145162,0.3319732700901581,-0.1222929138756419,-0.6893469821040836,0.9215143978023889,-0.24692590537288805,0.11730296359843788,0.024869109947643978,191,0.0,-0.15082526107307992,-0.02921488355285029,5,10,swing_union,22,xgb_3_300_0.05_0.8,500
0.03724463062982904,6.638245123982482,191,0.002919823758996516,1.5041894922143406,0.2949644319834368,0.3319732700901581,-0.03700883810672129,-0.15817964077850225,1.215172302778222,-0.257758744127665,0.1236835184904304,0.030104712041884817,191,0.2,-0.12665359975365575,-0.03304951486180807,5,10,swing_union,22,xgb_3_300_0.05_0.8,750
0.01632713361097479,1.9656473147696583,191,0.0011508442432234425,0.8660855994602149,0.18576393008172265,0.3319732700901581,-0.14620934000843544,-0.9047163284705421,0.8864017002594821,-0.2260320289309945,0.08463968649623244,0.013089005235602094,191,0.2,-0.170137355317327,-0.10318458662348962,5,10,swing_union,22,xgb_4_400_0.05_0.8,100
0.017440359599681373,2.744917078205322,191,0.002466857969682878,1.6528898345165102,0.1909316650122974,0.3319732700901581,-0.14104160507786068,-0.8293443740769072,0.8494122376806162,-0.2724103095143907,0.09482775686803607,0.014397905759162303,191,0.2,-0.15475345806179786,-0.13287627509586353,5,10,swing_union,22,xgb_4_400_0.05_0.8,200
0.028663080078026523,5.377157459361559,191,0.0013958845063263834,0.7024050953856973,0.2325927243240964,0.3319732700901581,-0.0993805457660617,-0.504118138333176,0.9653322988888572,-0.2910573073805087,0.12595389924238606,0.03534031413612566,191,0.0,-0.0924646721292639,-0.04596124640550836,5,10,swing_union,22,xgb_4_400_0.05_0.8,500
0.030031396370532353,6.0498388538139265,191,0.0005620755584354644,0.26476781873276506,0.23459467013259827,0.3319732700901581,-0.09737859995755982,-0.4787565242980515,0.9705295406796821,-0.29782023036397454,0.1278496517532553,0.04712041884816754,191,0.0,-0.09882480947142802,-0.06766530807678872,5,10,swing_union,22,xgb_4_400_0.05_0.8,750
0.018064102000870764,1.9852965842119965,191,-0.0017273760649390245,-1.2651395048144125,0.11972582578688296,0.3319732700901581,-0.21224744430327513,-1.400300249036927,0.6326559740951021,-0.24362618303197348,0.06351253606779275,0.0013089005235602095,191,0.0,-0.23630124811303177,-0.11268194204637383,5,10,swing_union,22,xgb_2_500_0.05_0.9,100
0.021441505862785214,2.9108263473806444,191,1.1192459164489627e-05,0.007959698890445609,0.19890899459403233,0.3319732700901581,-0.13306427549612576,-0.8670049476776862,0.9750969062960837,-0.18678358079900315,0.08767841003778556,0.010471204188481676,191,0.0,-0.17364819400023113,-0.08447618596150785,5,10,swing_union,22,xgb_2_500_0.05_0.9,200
0.03568214894319417,5.64867315511189,191,0.0010673482426934685,0.5350538645417593,0.19213772287831832,0.3319732700901581,-0.13983554721183977,-0.7460285459268765,0.8721277314955322,-0.24970999800009608,0.11362066079006158,0.024869109947643978,191,0.0,-0.2116939509448853,-0.02500569075345993,5,10,swing_union,22,xgb_2_500_0.05_0.9,500
0.03712547532520055,6.216860124358339,191,0.0005006471826178046,0.2589033104418341,0.1486861992107129,0.3319732700901581,-0.18328707087944518,-1.019921378428519,0.6919827124527966,-0.28233391099201266,0.11539769058810005,0.030104712041884817,191,0.0,-0.22633090689847357,-0.044803220286340206,5,10,swing_union,22,xgb_2_500_0.05_0.9,750
0.010707512443368613,0.865783747598522,191,-0.00041361355724993176,-0.3020975292346649,0.1784803647084381,0.3319732700901581,-0.15349290538172,-0.9812460622245467,1.1730578990777532,-0.1496249163184057,0.045571415090719915,0.014397905759162303,191,0.2,-0.2192603257947182,-0.10057399456877658,5,10,incumbent,14,equal,100
0.022514285533336117,2.145035692892639,191,-0.0017644719669293047,-0.9573199011711553,0.14023553088393936,0.3319732700901581,-0.19173773920621873,-0.9712918421382081,1.1287567366788307,-0.13048884411267214,0.058228831212039846,0.02356020942408377,191,0.2,-0.17747155734627273,-0.12244253987975562,5,10,incumbent,14,equal,200
0.032977800293480575,3.9297693074122435,191,-0.004109681718641434,-2.1438495533015693,0.11040191294787327,0.3319732700901581,-0.22157135714228482,-1.138170835178114,1.1707920662730746,-0.1003708259856162,0.06729248158262237,0.15837696335078533,191,0.2,-0.2056683379251545,-0.1301064066875034,5,10,incumbent,14,equal,500
0.03447989605502819,4.241806959455628,191,-0.004819576987504218,-2.542221974233023,0.10150453906918888,0.3319732700901581,-0.2304687310209692,-1.1633815237267076,1.2051479811002697,-0.08032042349810564,0.06181746705017435,0.24410994764397906,191,0.2,-0.24738449280339836,-0.13001212440063292,5,10,incumbent,14,equal,750
0.011179212487116735,0.8700819079352308,191,-0.0005982150043317005,-0.40320591173734566,0.20715935531924368,0.3319732700901581,-0.12481391477091441,-0.7754362198462629,1.3536090909998002,-0.15728704631202184,0.03408870396917546,0.014397905759162303,191,0.2,-0.1730027591339386,-0.05178260736814144,5,10,incumbent,14,ic_weighted,100
0.021691250960550454,1.9618491014548722,191,-0.0011164641442967102,-0.6021341797593409,0.19427110121068392,0.3319732700901581,-0.13770216887947417,-0.5612552629076202,1.5582894523121025,-0.12466347507514852,0.04253361616271005,0.020942408376963352,191,0.2,-0.15629955651096095,-0.05332858124219819,5,10,incumbent,14,ic_weighted,200
0.030678875329351846,3.331501261663163,191,-0.003566794645977426,-1.8179744980242991,0.12312075238916753,0.3319732700901581,-0.20885251770099056,-1.0204413346477224,1.1956050361064294,-0.11926542128826667,0.054703365112681826,0.11452879581151833,191,0.2,-0.2418601156772292,-0.09830503836267324,5,10,incumbent,14,ic_weighted,500
0.03261985788900202,3.649862179219836,191,-0.003935452829497862,-2.081102852043201,0.09857479936359304,0.3319732700901581,-0.23339847072656505,-1.1668985186157224,1.121920116606611,-0.11313658668234927,0.047903931043427966,0.181282722513089,191,0.2,-0.2526823207190013,-0.16470751627612024,5,10,incumbent,14,ic_weighted,750
0.007614261615301398,0.7061205032296411,191,0.00028539295015729847,0.20624768284560582,0.15634317241038165,0.3319732700901581,-0.17563009767977644,-1.2085114461239497,0.8543650986067985,-0.248385591674531,0.05106890220006408,0.003926701570680628,191,0.0,-0.1732754129270011,-0.11731445272471464,5,10,incumbent,14,ridge_20.0,100
0.018807850904868955,2.113612840831278,191,-0.0012651788697368343,-0.7434454868241452,0.1929545781566,0.3319732700901581,-0.1390186919335581,-0.8514932242999802,0.9788563230448476,-0.1935435002943534,0.056875119873988446,0.0137434554973822,191,0.0,-0.14998870289600685,-0.09875124346887754,5,10,incumbent,14,ridge_20.0,200
0.03375141694230409,5.132639242623432,191,0.0003771057683994009,0.2181760140366916,0.17588691239416776,0.3319732700901581,-0.15608635769599033,-1.0289298760908807,1.1151392249227186,-0.19716893049495954,0.0689048608903936,0.13154450261780104,191,0.0,-0.18261655738096305,-0.06595877775503967,5,10,incumbent,14,ridge_20.0,500
0.03322891872092903,5.229495738517694,191,0.00019432204478074118,0.11524889112067924,0.18292966816012757,0.3319732700901581,-0.14904360193003052,-0.9285171910630754,1.3376369706950568,-0.14102839346621276,0.06190940281736072,0.2506544502617801,191,0.0,-0.17730575807305426,-0.08296357767618345,5,10,incumbent,14,ridge_20.0,750
0.008047532709861726,0.7449215177177109,191,0.0004748450677490827,0.34034657527000317,0.15783661645243297,0.3319732700901581,-0.17413665363772513,-1.195536203809582,0.8820223933504537,-0.24547374041401004,0.0504923517966893,0.003926701570680628,191,0.0,-0.16201048475587942,-0.10456086723150582,5,10,incumbent,14,ridge_200.0,100
0.019018788070892783,2.1312145952971577,191,-0.0012924773191925899,-0.7611154617696291,0.19267320076664074,0.3319732700901581,-0.13930006932351735,-0.8780811593022699,0.982126414831351,-0.1978193722484921,0.055801081363147126,0.012434554973821989,191,0.0,-0.15914552996439635,-0.08942319892211104,5,10,incumbent,14,ridge_200.0,200
0.0339702420374068,5.121833772983417,191,-0.00047485571822726916,-0.2703147295387353,0.15826627191632792,0.3319732700901581,-0.17370699817383017,-1.1717278367089579,1.0142719674521037,-0.20530609363728813,0.06939320863720516,0.12761780104712042,191,0.0,-0.23185064549061252,-0.07065273985738507,5,10,incumbent,14,ridge_200.0,500
0.033462398763793845,5.220825534980547,191,-0.0006844653548058415,-0.405709881570982,0.1439110767883225,0.3319732700901581,-0.1880621933018356,-1.230645356219601,1.0203582809879894,-0.17962894121093353,0.06371017731271576,0.24541884816753926,191,0.0,-0.24027672593113036,-0.10025150354585222,5,10,incumbent,14,ridge_200.0,750
0.007861846468215078,0.7247275856479755,191,0.0006553231682433351,0.46792116216806473,0.20690912369690184,0.3319732700901581,-0.12506414639325625,-0.7996773857860516,1.1168219887455433,-0.20179932158816083,0.05033809306146744,0.002617801047120419,191,0.2,-0.15416084338600244,-0.11890808494726857,5,10,incumbent,14,lasso_0.0005,100
0.019733183883797075,2.2098406357681832,191,-0.001103446455623623,-0.676634622116403,0.18575272714026547,0.3319732700901581,-0.14622054294989262,-0.9170954253052807,0.9843529241005675,-0.19585857731045164,0.05659540336396683,0.01112565445026178,191,0.2,-0.19514048090888936,-0.06478832221946618,5,10,incumbent,14,lasso_0.0005,200
0.03432191383209824,5.08732177209057,191,-0.0017636147296026896,-1.036097966185632,0.1986828702065817,0.3319732700901581,-0.13329039988357638,-0.8306990651926033,1.1416518474497424,-0.15481624291326979,0.07761919741402404,0.09227748691099476,191,0.0,-0.2106695454059312,-0.033401880586305555,5,10,incumbent,14,lasso_0.0005,500
0.03395781424570773,5.2114386154258545,191,-0.001356464335256066,-0.828323624375318,0.18635062188768314,0.3319732700901581,-0.14562264820247495,-0.9185560229353668,1.2067925622920026,-0.15481624291326979,0.07521015290058639,0.20353403141361257,191,0.2,-0.18154113223033574,-0.11467636491318067,5,10,incumbent,14,lasso_0.0005,750
0.0117615882174458,1.0545622441272602,191,0.0017924978195431188,1.2271895352775544,0.22318796631819637,0.3319732700901581,-0.10878530377196172,-0.6713268510050794,1.1083661331473158,-0.1786023638973655,0.051982637505263614,0.007853403141361256,191,0.2,-0.1429458083525178,-0.10396461380618693,5,10,incumbent,14,pcr_8,100
0.020232647922415532,2.3282108994016744,191,-0.00224050737738229,-1.3540433316481981,0.1850718370770008,0.3319732700901581,-0.14690143301315728,-0.8711869007480401,0.9476054741843675,-0.19904553931628,0.0580184039542975,0.011780104712041885,191,0.0,-0.16495034559425736,-0.047391990818043905,5,10,incumbent,14,pcr_8,200
0.03410785206079074,4.989430107912726,191,-0.004647515575811072,-2.6995264431587995,0.10298865518690836,0.3319732700901581,-0.22898461490324973,-1.6298492454079372,0.6354656376473131,-0.23345067450855073,0.09114058001224415,0.0824607329842932,191,0.0,-0.23544908722394042,-0.09866173428665903,5,10,incumbent,14,pcr_8,500
0.03424988570747554,5.220765718351701,191,-0.0028367385692426358,-1.6608152943614634,0.09846712658798418,0.3319732700901581,-0.2335061435021739,-1.6605660646570326,0.6596109426604148,-0.2275531685820562,0.09292229919814224,0.19633507853403143,191,0.0,-0.26299607633265387,-0.07149575945633324,5,10,incumbent,14,pcr_8,750
0.013960855462189703,1.613457402692312,191,0.002278726970952453,1.4568393234870165,0.24364847540592915,0.3319732700901581,-0.08832479468422894,-0.4829709124410417,1.0932778707010118,-0.19059677780474837,0.059290229436487055,0.005235602094240838,191,0.2,-0.1544202292471265,-0.06669472716447211,5,10,incumbent,14,xgb_3_300_0.05_0.8,100
0.008041283922576574,1.1463266275439092,191,0.0006578108515219851,0.39170807866820684,0.16835206196396046,0.3319732700901581,-0.16362120812619763,-1.0661577192377498,0.7884405753722222,-0.19209769857064307,0.07018376679431114,0.014397905759162303,191,0.4,-0.20720359583815384,-0.12020937447536661,5,10,incumbent,14,xgb_3_300_0.05_0.8,200
0.0268031469588922,5.081695816108937,191,0.002572690428683232,1.490890230386734,0.2409793525212307,0.3319732700901581,-0.09099391756892738,-0.5004526321698765,1.0830695148110452,-0.29354710276687,0.10192946307979472,0.0549738219895288,191,0.4,-0.1447818919194821,-0.02461455762386311,5,10,incumbent,14,xgb_3_300_0.05_0.8,500
0.027658973143308247,5.4135815456546315,191,0.002539431133200244,1.2976971955034944,0.21355191851015976,0.3319732700901581,-0.11842135157999834,-0.6779528901582429,0.9847524860999403,-0.2767515000392332,0.11246770205896807,0.07591623036649214,191,0.2,-0.16422282033614566,-0.02461455762386311,5,10,incumbent,14,xgb_3_300_0.05_0.8,750
0.014397627143058851,1.7102936977676282,191,0.0057583360464058585,3.290102404751196,0.3105690956550071,0.3319732700901581,-0.02140417443515097,-0.05673849078171775,1.2936130489625943,-0.14504910317989717,0.0670366128618421,0.005235602094240838,191,0.2,-0.10733527565459033,-0.03934629871761397,5,10,incumbent,14,xgb_4_400_0.05_0.8,100
0.0038694074068514163,0.5883386978110179,191,0.00267549978291216,1.4092044505925847,0.2135111242863299,0.3319732700901581,-0.11846214580382819,-0.7005510425765421,0.9659859957339688,-0.19581750465882852,0.07609135655811346,0.017015706806282723,191,0.2,-0.2297206675338186,-0.08851993122674662,5,10,incumbent,14,xgb_4_400_0.05_0.8,200
0.023073954069941244,4.823366522201004,191,0.004104017889241722,2.322483161594215,0.22110746496438094,0.3319732700901581,-0.11086580512577715,-0.7137963978177609,0.9391306898773147,-0.3518376720810127,0.10990071365024788,0.07591623036649214,191,0.4,-0.2559402334742432,-0.006898395717143901,5,10,incumbent,14,xgb_4_400_0.05_0.8,500
0.025009996898200344,5.501387850514765,191,0.0016852250122782136,0.9280228967200848,0.18915776612791224,0.3319732700901581,-0.14281550396224585,-0.9039144965353907,0.8280640547417935,-0.3283929028613781,0.11958336179566169,0.11976439790575916,191,0.0,-0.2361367283371344,-0.07248607774107696,5,10,incumbent,14,xgb_4_400_0.05_0.8,750
0.007905634949478746,0.8981778285731105,191,0.0020649144035905444,1.2437904432433187,0.1891763033230649,0.3319732700901581,-0.1427969667670932,-0.7494411775212998,0.8751483507370246,-0.23524226955097993,0.0636846029521476,0.006544502617801047,191,0.2,-0.15301371260915209,-0.06067877911234121,5,10,incumbent,14,xgb_2_500_0.05_0.9,100
0.0063363376249352815,0.8811279874479016,191,0.0006580348693429254,0.3839278087967939,0.22348377910492068,0.3319732700901581,-0.10848949098523741,-0.5666248867678801,0.988976616139213,-0.23903906128430674,0.07305865184172404,0.010471204188481676,191,0.2,-0.20987648010408744,-0.056780442405329756,5,10,incumbent,14,xgb_2_500_0.05_0.9,200
0.026829592892062097,4.797590828702817,191,0.0011357573221842344,0.5951439737871125,0.22180618078946046,0.3319732700901581,-0.11016708930069763,-0.6592211986471197,1.0566443764642004,-0.27551346036325397,0.1067637684661898,0.04319371727748691,191,0.0,-0.21876707019660524,-0.0241486934229046,5,10,incumbent,14,xgb_2_500_0.05_0.9,500
0.027335207117899638,5.07455959837408,191,0.0003734869487505621,0.18586992284155707,0.14251113774764623,0.3319732700901581,-0.18946213234251186,-1.1610804755149107,0.7087585948242421,-0.27870410163810855,0.11970648400462139,0.058900523560209424,191,0.0,-0.21807523320940625,-0.09977583364090103,5,10,incumbent,14,xgb_2_500_0.05_0.9,750
0.027279714499171867,2.87096857888364,191,-0.0008580780817264037,-0.35622626490502396,0.20144975567257384,0.3319732700901581,-0.13052351441758425,-0.7740046886233936,1.0278140635212396,-0.2361181070961823,0.03238190927425008,0.013089005235602094,191,0.2,-0.19880939291456945,-0.06092349184435697,5,21,kept_h,13,equal,100
0.03483090734866249,4.369330492126671,191,0.002191760508996966,0.812335187898169,0.16349025472862477,0.3319732700901581,-0.16848301536153332,-0.8650721317732756,0.9277088179331764,-0.2545553510621298,0.042579775691578184,0.015706806282722512,191,0.2,-0.3087141743148185,-0.010443222478996983,5,21,kept_h,13,equal,200
0.04665801530685488,6.6724788606934915,191,0.0027495551396024788,0.9395642432157986,0.20983550904967818,0.3319732700901581,-0.12213776104047991,-0.594880861365528,1.1070714706471958,-0.2844435144990465,0.059361459492814975,0.07591623036649214,191,0.4,-0.2736014801072223,-0.01687575786473139,5,21,kept_h,13,equal,500
0.04722079249109386,6.892126159092979,191,0.002077838028074091,0.6881398256189847,0.20205024368764057,0.3319732700901581,-0.12992302640251752,-0.6505269425025334,1.0775102079633805,-0.3009287639161444,0.06100412093238919,0.09162303664921466,191,0.4,-0.2804648712011216,-0.012342557678156285,5,21,kept_h,13,equal,750
0.02411967172585688,2.4721065624969674,191,0.0009138252542242017,0.35537541158867264,0.2731880355589895,0.3319732700901581,-0.05878523453116857,-0.2702821662705416,1.3133624249608258,-0.22702404644541418,0.02260910541305955,0.013089005235602094,191,0.4,-0.24209438490430202,-0.015301123261451721,5,21,kept_h,13,ic_weighted,100
0.030763495657242065,3.714990417539051,191,0.003397508674296331,1.1144750572646118,0.1890174622060421,0.3319732700901581,-0.142955807884116,-0.5236004840470099,1.0585801303618259,-0.24179975976515744,0.029930274401845487,0.013089005235602094,191,0.2,-0.22692413984051252,-0.04715769733388142,5,21,kept_h,13,ic_weighted,200
0.043245172439433766,5.94688852834152,191,0.007268997098207084,2.453698852396592,0.2930130965808839,0.3319732700901581,-0.038960173509274165,0.09281072978134482,1.4351511032120614,-0.22514172560007284,0.043189980834186514,0.03926701570680628,191,0.6,-0.05860486928075981,0.0016811713576316833,5,21,kept_h,13,ic_weighted,500
0.04357396976958204,6.106749778340132,191,0.006953730567295046,2.3506065559555114,0.29181999677255877,0.3319732700901581,-0.040153273317599325,0.08205372416366945,1.437955798952774,-0.2183155025451169,0.04319081764350847,0.041884816753926704,191,0.6,-0.05487787188200344,0.0016811713576316833,5,21,kept_h,13,ic_weighted,750
0.02442276048336606,2.6173753577100656,191,0.0009113089693466406,0.4071881947392419,0.17336743606964644,0.3319732700901581,-0.15860583402051165,-1.0961875517729787,0.9662230715688053,-0.22383550598501512,0.032721765777838197,0.02617801047120419,191,0.2,-0.18990808513257185,-0.14798806812578214,5,21,kept_h,13,ridge_20.0,100
0.028786402723730207,3.731637419969539,191,-0.0014830839976239267,-0.5843259589456092,0.18795103617611097,0.3319732700901581,-0.14402223391404712,-0.9748429116303187,0.8490270334733793,-0.23762283801847472,0.04172859207882395,0.015706806282722512,191,0.2,-0.2085032470717818,-0.12933788547826497,5,21,kept_h,13,ridge_20.0,200
0.03954312608846104,5.705976057636741,191,0.0007839913636016908,0.2833256008342484,0.36502852327147917,0.3319732700901581,0.033055253181321076,0.1357843902877541,1.5921380006286712,-0.15329262924056664,0.051539449688808185,0.060209424083769635,191,0.6,-0.10037928324893475,0.0015315973327376664,5,21,kept_h,13,ridge_20.0,500
0.03941533137754153,5.913729039242441,191,0.0007064978016725697,0.2575700642147381,0.32767566083938116,0.3319732700901581,-0.004297609250776935,-0.08989244932349663,1.500327107021931,-0.15329262924056664,0.05234280755829978,0.07591623036649214,191,0.2,-0.08758150698950251,-0.04579997355131493,5,21,kept_h,13,ridge_20.0,750
0.024378857204072613,2.606600366240363,191,0.0010666252645366479,0.4815145494789543,0.1651131863871762,0.3319732700901581,-0.1668600837029819,-1.1570520598868554,0.9242308436156067,-0.22383550598501578,0.03277346441073794,0.02617801047120419,191,0.2,-0.1899080851325714,-0.141325175725328,5,21,kept_h,13,ridge_200.0,100
0.028899350884788667,3.737457515212005,191,-0.001997380841679442,-0.7821251664020629,0.19358712880116324,0.3319732700901581,-0.13838614128899485,-0.9316495453090164,0.8724927982678762,-0.21647066884334465,0.041268512498862334,0.015706806282722512,191,0.2,-0.21451908782968654,-0.125340047062107,5,21,kept_h,13,ridge_200.0,200
0.03977489623213146,5.734515253709655,191,0.0020610835690889995,0.6889418284798866,0.3633690466487316,0.3319732700901581,0.03139577655857351,0.12405350268726754,1.6118970249239204,-0.15329262924056652,0.05175956323406211,0.06282722513089005,191,0.4,-0.09099018211947918,-0.0024648532271384083,5,21,kept_h,13,ridge_200.0,500
0.03963149478828558,5.939504008624183,191,0.0026054502201525017,0.8758859377646668,0.33930296039661956,0.3319732700901581,0.007329690306461467,-0.022505175992921744,1.5484501255193344,-0.15329262924056664,0.052074477180536274,0.07853403141361257,191,0.2,-0.09020282771809007,-0.04366047987739263,5,21,kept_h,13,ridge_200.0,750
0.02480806842315328,2.6128890527818984,191,4.543139384718154e-05,0.019840184817482388,0.18499651666761618,0.3319732700901581,-0.1469767534225419,-0.9954666773521498,0.9998298260559363,-0.21561762611290358,0.031415289967620656,0.010471204188481676,191,0.2,-0.1750285499641573,-0.13377157803295636,5,21,kept_h,13,lasso_0.0005,100
0.029500023801255194,3.758776035621005,191,-0.002919639273015148,-1.1163369924429478,0.16931604215732166,0.3319732700901581,-0.16265722793283643,-1.1022993016625726,0.795935694144736,-0.2223379899800788,0.03922161199911808,0.031413612565445025,191,0.2,-0.20931404321371616,-0.14857044364233907,5,21,kept_h,13,lasso_0.0005,200
0.04080815238525708,5.837224505050413,191,0.0012127493693449422,0.3821318775245929,0.30848532750544866,0.3319732700901581,-0.02348794258470943,-0.16538775249937734,1.3280385767589624,-0.1764863118489044,0.04898015433463229,0.049738219895287955,191,0.2,-0.12294223780791158,-0.062066453596829496,5,21,kept_h,13,lasso_0.0005,500
0.040449646336297974,6.003414225532755,191,0.0012672394562844207,0.39772084360991505,0.3322470870430292,0.3319732700901581,0.00027381695287109764,-0.04434346095253731,1.473124891891523,-0.17319881861923392,0.050675468856774174,0.07329842931937172,191,0.2,-0.1250883394878599,-0.03238273708964068,5,21,kept_h,13,lasso_0.0005,750
0.02641744175533672,2.860822554527757,191,0.002284229971975556,1.030586490663128,0.20170084293635315,0.3319732700901581,-0.13027242715380494,-0.8835462475991624,1.0427569654957305,-0.2191570732956688,0.026803226025146492,0.013089005235602094,191,0.4,-0.24267695570583103,-0.05131444139649355,5,21,kept_h,13,pcr_8,100
0.030300053920642313,3.9337885640210715,191,-0.0007201254633572245,-0.2927227140593457,0.15970529794781307,0.3319732700901581,-0.17226797214234502,-1.0823362990451055,0.8146890899959509,-0.2431463136892117,0.03632711357019037,0.031413612565445025,191,0.2,-0.2552234888203828,-0.12248304793306264,5,21,kept_h,13,pcr_8,200
0.03971526837458947,5.947279192840815,191,0.002049872422522587,0.6524584492901329,0.2425486382607407,0.3319732700901581,-0.0894246318294174,-0.4594171792310983,1.1268289061809496,-0.2045295519734005,0.04650217419624918,0.05693717277486911,191,0.2,-0.2182571394153039,-0.0866047244836019,5,21,kept_h,13,pcr_8,500
0.03939733926201076,6.035958320203295,191,0.0008201540925622923,0.2587272544653905,0.20884753820913393,0.3319732700901581,-0.12312573188102416,-0.6698916603021631,0.9949624800863922,-0.2369007432478959,0.04624032997710918,0.06740837696335078,191,0.2,-0.24171945495935232,-0.09798545146809123,5,21,kept_h,13,pcr_8,750
0.013427762633060775,1.6723937480515232,191,-0.006205533447075654,-3.238680474787876,0.0038241798694853557,0.3319732700901581,-0.32814909022067273,-2.2696722982429525,0.047615465314961886,-0.43387133446736525,0.046386759477941034,0.013089005235602094,191,0.2,-0.28889403598531893,-0.2448845743630398,5,21,kept_h,13,xgb_3_300_0.05_0.8,100
0.01688900082703209,2.5204121572516067,191,-0.002255456094235104,-0.91174262307482,0.139343480074541,0.3319732700901581,-0.1926297900156171,-1.3852461588634848,0.5579539950752357,-0.2882073669063827,0.04963729363799957,0.007853403141361256,191,0.2,-0.2852099827294685,-0.036487994120059986,5,21,kept_h,13,xgb_3_300_0.05_0.8,200
0.023545810169469657,4.162141637153559,191,-0.0034966949002905043,-1.0813491171094887,0.14214499282578474,0.3319732700901581,-0.18982827726437335,-0.9991482048132394,0.5997858233556955,-0.34761205565153086,0.05781498307058687,0.07329842931937172,191,0.2,-0.19740173581734444,-0.18163933246593966,5,21,kept_h,13,xgb_3_300_0.05_0.8,500
0.02396121805257561,4.526685863595101,191,-0.00493671220888174,-1.5081251060018188,0.12648513635661018,0.3319732700901581,-0.2054881337335479,-1.1507594510047934,0.5487657199014319,-0.3765096716273745,0.05986158075553764,0.08115183246073299,191,0.2,-0.24509071558112416,-0.16909663304700717,5,21,kept_h,13,xgb_3_300_0.05_0.8,750
0.004673768332267906,0.5640073611593719,191,-0.0037938996327246165,-1.795605236775482,0.00386594808176266,0.3319732700901581,-0.32810732200839543,-2.3804746200883327,0.05336230665725161,-0.3682466482665995,0.04825160212658348,0.03664921465968586,191,0.0,-0.2731486627132452,-0.24469148986472145,5,21,kept_h,13,xgb_4_400_0.05_0.8,100
0.012377650972807193,2.006890299730616,191,-0.0038678797439754943,-1.5327069958024302,0.071748999639341,0.3319732700901581,-0.2602242704508171,-1.7941471966724485,0.32454788681262553,-0.3354685133273416,0.0542879245301815,0.028795811518324606,191,0.2,-0.25979147250623025,-0.1402083754099429,5,21,kept_h,13,xgb_4_400_0.05_0.8,200
0.017418074303988933,3.469391725904365,191,-0.0032728680199821582,-1.0136562505610762,0.10731583146196777,0.3319732700901581,-0.22465743862819032,-1.2118946371262946,0.4727102814524832,-0.4597715342258344,0.06604421440577105,0.07068062827225131,191,0.0,-0.2960627346322522,-0.08137709770343116,5,21,kept_h,13,xgb_4_400_0.05_0.8,500
0.01754789810379302,3.738409279085993,191,-0.001968462129869542,-0.5984657356421279,0.1257762872282997,0.3319732700901581,-0.2061969828618584,-1.0730348530829898,0.5420917562253105,-0.48066218555567564,0.06762530060311442,0.08900523560209424,191,0.2,-0.3062027621209372,-0.007423005998134502,5,21,kept_h,13,xgb_4_400_0.05_0.8,750
0.02036605695069308,2.5549518768191284,191,-0.005408045008086175,-2.6637100765503288,0.03517905921087583,0.3319732700901581,-0.29679421087928226,-2.21620232513824,0.19077431577307444,-0.38537085013221517,0.0483664472774119,0.015706806282722512,191,0.2,-0.2655779959173278,-0.20576099305014017,5,21,kept_h,13,xgb_2_500_0.05_0.9,100
0.021197696747538786,3.2474642370284474,191,-0.0030765105770286464,-1.2503796933345972,0.061271435901082194,0.3319732700901581,-0.2707018341890759,-1.8815395567596833,0.2549529457073005,-0.3458233582704284,0.051337061046951384,0.01832460732984293,191,0.2,-0.30180396262776554,-0.14554333810606113,5,21,kept_h,13,xgb_2_500_0.05_0.9,200
0.02759583644412036,4.650436357984188,191,-0.003641077825624047,-1.2147971324223894,0.10121378331730835,0.3319732700901581,-0.23075948677284974,-1.2973026231768476,0.4100181238701869,-0.3835729111800462,0.061072479850935855,0.05759162303664921,191,0.0,-0.22599147771493444,-0.174326324156307,5,21,kept_h,13,xgb_2_500_0.05_0.9,500
0.026968186233884243,4.84642202209594,191,-0.0032616492095086432,-1.0601023270110603,0.1272357524655343,0.3319732700901581,-0.20473751762462378,-1.0978816978895296,0.5017078149838956,-0.39228370727112094,0.06359452048271443,0.06806282722513089,191,0.2,-0.22804261950714078,-0.17824406004269377,5,21,kept_h,13,xgb_2_500_0.05_0.9,750
0.02766049186252402,2.9543558100306573,191,-7.267801471405628e-05,-0.029659897895138666,0.15532535568665407,0.3319732700901581,-0.17664791440350402,-1.110775825995481,0.8139880950071714,-0.25753879109758304,0.03458723231776946,0.015706806282722512,191,0.0,-0.22832011122869267,-0.06322090086117671,5,21,decorr_h,12,equal,100
0.035477039023298074,4.609416010330441,191,0.0035887406456298855,1.329682958513373,0.21917102606278593,0.3319732700901581,-0.11280224402737216,-0.4857910708974013,1.1399949317037494,-0.24740911011434974,0.0454343258692841,0.011780104712041885,191,0.2,-0.13925289325053458,-0.05811043486890877,5,21,decorr_h,12,equal,200
0.04795325302009871,7.008901753803437,191,0.005914829069192653,1.9584498935617538,0.28861986710280174,0.3319732700901581,-0.04335340298735635,-0.06699707019906201,1.413173297177413,-0.25088187124166605,0.06291203071032422,0.07853403141361257,191,0.6,-0.24766624324207043,0.0065310075879096985,5,21,decorr_h,12,equal,500
0.047980271560138295,7.1320014798505795,191,0.004679160014633577,1.57672556848883,0.2777560281392497,0.3319732700901581,-0.05421724195090838,-0.13527953814191873,1.3786997725623398,-0.2556526337728082,0.06433532800083538,0.112565445026178,191,0.8,-0.2611323618811361,0.0065310075879096985,5,21,decorr_h,12,equal,750
0.025622444738390045,2.6863967072473103,191,0.0021987991463588014,0.8221906362473331,0.250004229326249,0.3319732700901581,-0.0819690407639091,-0.38903928635039914,1.181118200257038,-0.2360076366993341,0.0243887273330378,0.02356020942408377,191,0.4,-0.21164926648688032,-0.015301123261451721,5,21,decorr_h,12,ic_weighted,100
0.031784985869987355,3.9695319955142536,191,0.006007837333974882,1.9838418835858516,0.20255181999804428,0.3319732700901581,-0.1294214500921138,-0.5191715303212516,1.0198936799533571,-0.20003918890695127,0.033531711933774216,0.020942408376963352,191,0.2,-0.21461240585437868,-0.030128952971397838,5,21,decorr_h,12,ic_weighted,200
0.04535121359729613,6.32505773874746,191,0.007809529608817703,2.6109642021790456,0.3432220602926084,0.3319732700901581,0.011248790202450287,-0.03366182873096997,1.4311745060655274,-0.1482840978199932,0.04647902656619646,0.06806282722513089,191,0.4,-0.1504396872510957,-0.0031756386160849415,5,21,decorr_h,12,ic_weighted,500
0.045084818725663015,6.390205548015206,191,0.008368139486779405,2.7657824057464593,0.4185708110753572,0.3319732700901581,0.08659754098519912,0.36721798615260465,1.7251084356430137,-0.13873977799556103,0.04635531184109665,0.08638743455497382,191,0.6,-0.1261829177704884,0.06557708120893913,5,21,decorr_h,12,ic_weighted,750
0.024463109895646047,2.6641508336565876,191,0.00022631626166598335,0.1011764264469229,0.18005506721355347,0.3319732700901581,-0.15191820287660462,-1.0135417652092213,1.0055037055192844,-0.2330191908034911,0.032010575638238684,0.020942408376963352,191,0.2,-0.18928436692438033,-0.10973577482288177,5,21,decorr_h,12,ridge_20.0,100
0.028671549993576885,3.7603987464367665,191,-0.0008331198094129875,-0.33011900515525144,0.21870775252891161,0.3319732700901581,-0.11326551756124648,-0.7611964450837901,0.9791797363999515,-0.22108921782983704,0.042738993477106524,0.015706806282722512,191,0.2,-0.202287274867473,-0.08544004724873966,5,21,decorr_h,12,ridge_20.0,200
0.04048340633627308,5.885220166873498,191,0.0006734614787106426,0.2421734797358052,0.4094958271254361,0.3319732700901581,0.077522557035278,0.3791026169565962,1.7746369030335924,-0.1695931595385114,0.05113098756452497,0.06544502617801047,191,0.4,-0.09673411408180421,-0.0005839983337507793,5,21,decorr_h,12,ridge_20.0,500
0.04037641806544286,6.106670990435923,191,7.228669588556465e-05,0.025901873499614186,0.39969819520018857,0.3319732700901581,0.06772492511003048,0.3221825282528908,1.7851321779655938,-0.1695931595385114,0.05157640073066001,0.08376963350785341,191,0.4,-0.0753532270187558,-0.007096527343137482,5,21,decorr_h,12,ridge_20.0,750
0.024365009025997402,2.649432069476344,191,8.7487413816115e-05,0.03872194530273181,0.17878378677966955,0.3319732700901581,-0.15318948331048854,-1.0220679329238644,0.9926578633949766,-0.23301919080349065,0.03216886225214654,0.020942408376963352,191,0.2,-0.17834942018481126,-0.10973577482288299,5,21,decorr_h,12,ridge_200.0,100
0.028943745096215806,3.793202977854993,191,-0.00126211994927357,-0.4898727643740383,0.21041105012053163,0.3319732700901581,-0.12156221996962646,-0.8179291688490715,0.9468501197171584,-0.2210892178298366,0.0423023755034225,0.020942408376963352,191,0.2,-0.2022872748674731,-0.09977017367858099,5,21,decorr_h,12,ridge_200.0,200
0.040865153598492715,5.935507806904826,191,0.0008022086426654724,0.260509017909589,0.3722880762389409,0.3319732700901581,0.0403148061487828,0.17246094333519735,1.6474578815854588,-0.17881893943758587,0.05070037675553887,0.07591623036649214,191,0.2,-0.09496995036791656,-0.009843580424785614,5,21,decorr_h,12,ridge_200.0,500
0.04073736160103176,6.15513042086595,191,0.0008213574881055904,0.2667116425268114,0.3852623129518007,0.3319732700901581,0.0532890428616426,0.23614210719746428,1.7186581968698498,-0.17881893943758598,0.05107027934899497,0.09424083769633508,191,0.4,-0.07535322701875524,-0.009843580424785614,5,21,decorr_h,12,ridge_200.0,750
0.025055594328806236,2.6837366746773252,191,-0.0005868734750428593,-0.2593636720537888,0.19686607173733095,0.3319732700901581,-0.13510719835282714,-0.8780831718630981,1.0538020345702526,-0.21561762611290347,0.03162381346158052,0.010471204188481676,191,0.2,-0.16883786233107456,-0.10585553939930914,5,21,decorr_h,12,lasso_0.0005,100
0.029293665008031135,3.7836083985376914,191,-0.002673206653406951,-1.0273245902584174,0.17691378910062383,0.3319732700901581,-0.15505948098953426,-1.0523856853098545,0.8335556420724345,-0.22233798998007903,0.03843778290905927,0.02617801047120419,191,0.2,-0.2037250597245135,-0.12573271651215456,5,21,decorr_h,12,lasso_0.0005,200
0.04159366698558145,5.988636372301218,191,0.0005134739644864467,0.16405315087984237,0.33581912294328387,0.3319732700901581,0.003845852853125775,-0.06938864016210003,1.41088911733318,-0.1764863118489044,0.05051666345054895,0.060209424083769635,191,0.2,-0.11750354376393923,-0.05479118003493311,5,21,decorr_h,12,lasso_0.0005,500
0.04129241275463274,6.16528603441443,191,0.0010403414008192992,0.32899582032726493,0.3458159137951138,0.3319732700901581,0.013842643704955693,-0.025760315129773486,1.4979518217874044,-0.17319881861923414,0.05098452603940632,0.08115183246073299,191,0.2,-0.13641782388567514,-0.03633569773806855,5,21,decorr_h,12,lasso_0.0005,750
0.027757335882380746,3.003550633133733,191,0.00025613630356276847,0.11582264735690476,0.23724477794499377,0.3319732700901581,-0.09472849214516432,-0.5678744612108256,1.2827785030148002,-0.21574816143848208,0.029300868775429166,0.01832460732984293,191,0.4,-0.13717688153321317,-0.05696679115369796,5,21,decorr_h,12,pcr_8,100
0.03230672309261938,4.117823432013326,191,-0.0031623135489065456,-1.2994246120511048,0.15196900889548082,0.3319732700901581,-0.18000426119467727,-1.1496427131556837,0.746774898235019,-0.20249357261715406,0.03633035318421055,0.02356020942408377,191,0.4,-0.24775711172041037,-0.15675514920539868,5,21,decorr_h,12,pcr_8,200
0.04256541917289961,6.2518436031038895,191,-0.0013615551236431792,-0.44006222611866463,0.22742539750204926,0.3319732700901581,-0.10454787258810883,-0.5594464140115877,1.0932216270178954,-0.216461080794907,0.04813848634615116,0.0700261780104712,191,0.2,-0.1896347959467668,-0.07600771994271305,5,21,decorr_h,12,pcr_8,500
0.0424044941000148,6.449773843388861,191,-0.0008009310338782703,-0.2588739980890379,0.2291831074697488,0.3319732700901581,-0.1027901626204093,-0.5333697072932746,1.1032107279838803,-0.22032071312112078,0.04763073576488823,0.08049738219895287,191,0.2,-0.2065763087618886,-0.08956303429088586,5,21,decorr_h,12,pcr_8,750
0.02194865057419746,2.7416395031159233,191,-0.0021621675805934748,-1.0771692261048018,0.06522022902156044,0.3319732700901581,-0.26675304106859765,-1.8245726182081414,0.3682618948370879,-0.3279977484988357,0.04605042868326458,0.010471204188481676,191,0.0,-0.26303656200664416,-0.1664624751762226,5,21,decorr_h,12,xgb_3_300_0.05_0.8,100
0.021985528285640796,3.3631465677941454,191,-0.000528232757665256,-0.22458770523174237,0.1257563145184799,0.3319732700901581,-0.20621695557167818,-1.6063059892363023,0.5601344462635713,-0.2814299683742474,0.05332840938646206,0.013089005235602094,191,0.2,-0.20906600569549272,-0.1808720483401305,5,21,decorr_h,12,xgb_3_300_0.05_0.8,200
0.02393284586290184,4.181624683111585,191,-0.0020078047817446176,-0.6025643142172266,0.16043967087599942,0.3319732700901581,-0.17153359921415867,-0.8431444189249514,0.6830298005196079,-0.3395401427454968,0.05874894493085895,0.0549738219895288,191,0.2,-0.227903719446924,-0.07803893311176169,5,21,decorr_h,12,xgb_3_300_0.05_0.8,500
0.02343031835708998,4.374978192605389,191,-0.0019601420529859618,-0.5712158252416891,0.1476305489987364,0.3319732700901581,-0.1843427210914217,-0.8838031513741562,0.6263921340273212,-0.3600373312386931,0.05983414990874068,0.060209424083769635,191,0.0,-0.18500972330301302,-0.12680628464513777,5,21,decorr_h,12,xgb_3_300_0.05_0.8,750
0.014323147356560604,1.9088928949730866,191,-0.00019075647264680002,-0.08958747998370073,0.13253668789637563,0.3319732700901581,-0.19943658219378246,-1.254690413667473,0.6761306098089178,-0.3176850065190987,0.05234990136663034,0.02617801047120419,191,0.2,-0.2077483746087545,-0.12808631895377398,5,21,decorr_h,12,xgb_4_400_0.05_0.8,100
0.018167915662746344,2.99313948221699,191,-0.000651271114155104,-0.2764081237729506,0.11140736455322964,0.3319732700901581,-0.22056590553692845,-1.6224341692692565,0.490560088467672,-0.2999970126760121,0.059581504616261514,0.02356020942408377,191,0.0,-0.3407643458359054,-0.056150934025988475,5,21,decorr_h,12,xgb_4_400_0.05_0.8,200
0.017372971211286028,3.437879741044214,191,-0.008492074260751459,-2.6488319894238983,0.06830466266625956,0.3319732700901581,-0.2636686074238985,-1.5049519112650254,0.2952063815660222,-0.47053168818453206,0.06559946328592756,0.07591623036649214,191,0.0,-0.3171685409619164,-0.09865195930337445,5,21,decorr_h,12,xgb_4_400_0.05_0.8,500
0.01725194414113095,3.691486479940915,191,-0.00736821576628678,-2.193056058369153,0.10507166557059167,0.3319732700901581,-0.22690160451956642,-1.2559719785079366,0.44592252903242424,-0.4705588722156546,0.06665836833005541,0.09424083769633508,191,0.0,-0.31371078223299276,-0.06428777662871366,5,21,decorr_h,12,xgb_4_400_0.05_0.8,750
0.022207592039378225,2.8391554010255975,191,-0.002781234140366472,-1.3389081303289923,0.020587886069936223,0.3319732700901581,-0.31138538402022187,-2.101046039215766,0.14951527848288498,-0.448509069913002,0.045597343099583236,0.007853403141361256,191,0.0,-0.2834198083092755,-0.19146821168435213,5,21,decorr_h,12,xgb_2_500_0.05_0.9,100
0.024366274851324282,3.7739132905104906,191,-0.003475219461120938,-1.3646899686943597,0.031447759324787494,0.3319732700901581,-0.3005255107653706,-2.248131180231194,0.12740590407256513,-0.3744106075561374,0.05012617673854848,0.015706806282722512,191,0.0,-0.34129508242151974,-0.1700148652424106,5,21,decorr_h,12,xgb_2_500_0.05_0.9,200
0.02786019288532313,4.777859707352006,191,-0.0048450912709752615,-1.6297251345560582,0.14053467954057286,0.3319732700901581,-0.19143859054958523,-1.1102464594041057,0.5756841229816411,-0.3210868427594985,0.05840053532681479,0.03926701570680628,191,0.0,-0.26379100372148145,-0.13258370840693923,5,21,decorr_h,12,xgb_2_500_0.05_0.9,500
0.027323970329892193,4.974406852654704,191,-0.005255942496212677,-1.7083517567910125,0.1406730426419387,0.3319732700901581,-0.1913002274482194,-1.1173058605815145,0.5784844353687044,-0.32898658703543426,0.05914539767838039,0.049738219895287955,191,0.0,-0.2677363568611357,-0.13741827835152487,5,21,decorr_h,12,xgb_2_500_0.05_0.9,750
0.02568976771422365,2.6674945814890387,191,-0.0010514433534708635,-0.5408668781850986,0.1402779959512679,0.3319732700901581,-0.1916952741388902,-1.2547732443595823,0.7975057688400647,-0.21553723134197944,0.047005785022727384,0.02617801047120419,191,0.0,-0.2573240306294097,-0.05288057588644013,5,21,swing_union,22,equal,100
0.036503675696580806,4.469007544093369,191,0.0012251453983709605,0.49181602781296757,0.17710338293118366,0.3319732700901581,-0.15486988715897443,-0.6502463254535867,1.1308883365325415,-0.18337698479945164,0.058335754883460995,0.030759162303664923,191,0.6,-0.2318419817212961,0.00021801143884658813,5,21,swing_union,22,equal,200
0.04349558424615402,6.811706727094439,191,0.0043597648307895625,1.6715581215866602,0.2809263142538858,0.3319732700901581,-0.05104695583627228,-0.2867253590246193,1.3989692152957125,-0.16882678550136265,0.07445120673282568,0.14528795811518325,191,0.4,-0.17304714297270563,-0.010937549173831829,5,21,swing_union,22,equal,500
0.04543181053833373,7.440452945622825,191,0.0043372604459602174,1.6259925966507527,0.27667487827754234,0.3319732700901581,-0.055298391812615755,-0.33013106409494203,1.4270093484399586,-0.17015304567144018,0.07432345806890167,0.1799738219895288,191,0.2,-0.18019626744589823,-0.04103509710716369,5,21,swing_union,22,equal,750
0.02547961501268383,2.5211286494494813,191,0.0020304175620381743,0.8384268438101529,0.22806051739297772,0.3319732700901581,-0.10391275269718037,-0.5800578207733771,1.1622461851208439,-0.1940573549233553,0.03177225702869741,0.015706806282722512,191,0.2,-0.22202397221933445,-0.015746042132377625,5,21,swing_union,22,ic_weighted,100
0.03444499640890694,3.872919474427888,191,0.0019749411886450666,0.6947381128026495,0.22581413340867984,0.3319732700901581,-0.10615913668147825,-0.3515820354358912,1.3341101890215445,-0.14481988361454967,0.04195168794410774,0.028795811518324606,191,0.2,-0.2012990305246295,-0.015061963860327987,5,21,swing_union,22,ic_weighted,200
0.04406229924624835,5.934476791328777,191,0.004960859070059049,1.7151873386189818,0.3675858019357492,0.3319732700901581,0.0356125318455911,0.22070583817317052,1.7638793557595847,-0.13420603440975098,0.05877417506355088,0.08115183246073299,191,0.4,-0.13020707289955513,-0.012470737099647522,5,21,swing_union,22,ic_weighted,500
0.04518779240530213,6.292650921850469,191,0.004487389872942842,1.5192921221644473,0.3578578341612071,0.3319732700901581,0.025884564071049,0.15258844559556461,1.8251063226016278,-0.11851333596511049,0.05972414434417593,0.13023560209424084,191,0.4,-0.15149528738892115,-0.012470737099647522,5,21,swing_union,22,ic_weighted,750
0.025293973381250064,2.5104592888753388,191,-0.0024773405367479275,-1.3757075257586058,0.10172015417822466,0.3319732700901581,-0.23025311591193343,-1.6737930983548517,0.6061148517686281,-0.28727925968475954,0.032951282867622896,0.015706806282722512,191,0.0,-0.27151644269709396,-0.09891232808731554,5,21,swing_union,22,ridge_20.0,100
0.02702847107316388,3.033623943622613,191,-0.0023821140810145135,-1.0670987831452807,0.15425715304802123,0.3319732700901581,-0.17771611704213686,-1.2814869700378952,0.758271118136148,-0.24301521207611676,0.04193707920624544,0.010471204188481676,191,0.0,-0.23069342471931065,-0.07944028914654255,5,21,swing_union,22,ridge_20.0,200
0.0357433631727069,4.720195726924035,191,0.002824456460227829,0.96268374868157,0.2896615440243566,0.3319732700901581,-0.04231172606580147,-0.2753019272720036,1.2595738626130526,-0.23186778794403118,0.050889479870668025,0.04450261780104712,191,0.2,-0.09961285460192171,-0.003656908436106776,5,21,swing_union,22,ridge_20.0,500
0.0350231526418236,4.947432474249721,191,0.002099352850973684,0.705177942150528,0.2162796091062158,0.3319732700901581,-0.11569366098394229,-0.7537352825348065,0.9933277306171441,-0.23186778794403118,0.05156524420835143,0.08115183246073299,191,0.2,-0.17609948034527,-0.11846065269471151,5,21,swing_union,22,ridge_20.0,750
0.025633014886306628,2.5183511290301657,191,-0.0028070219407218913,-1.5582287649075686,0.11510275273566228,0.3319732700901581,-0.2168705173544958,-1.5420549561035595,0.680477498577235,-0.26857307814695364,0.031612795995546235,0.010471204188481676,191,0.0,-0.2244816456285934,-0.12319260048983238,5,21,swing_union,22,ridge_200.0,100
0.02740115702244296,3.042366117705984,191,-0.0017397325749250606,-0.7693437689704196,0.12152238847182417,0.3319732700901581,-0.21045088161833392,-1.5419776342400058,0.6054651811022957,-0.2538491851997323,0.03984090862685463,0.010471204188481676,191,0.0,-0.232028831338133,-0.13304211016851597,5,21,swing_union,22,ridge_200.0,200
0.03600677720984611,4.698518223721299,191,0.0022278472839693747,0.7546274761097654,0.28913786198486235,0.3319732700901581,-0.042835408105295736,-0.26256453369027094,1.3054686485204758,-0.23448333351920758,0.050488390479425216,0.04712041884816754,191,0.2,-0.10033847745083946,-0.01700411260229051,5,21,swing_union,22,ridge_200.0,500
0.03539272045726919,4.930917882330296,191,0.001937228735263279,0.6457649688105237,0.2253324341022409,0.3319732700901581,-0.10664083598791718,-0.6880151862298024,1.0827454302786395,-0.23448333351920747,0.05185276593507951,0.08115183246073299,191,0.2,-0.1773464530922516,-0.10350218740068362,5,21,swing_union,22,ridge_200.0,750
0.02609855146748331,2.548730480261098,191,-0.0009936862235098922,-0.5171650201009463,0.13558856448463463,0.3319732700901581,-0.19638470560552346,-1.3096848388337659,0.7494232955655943,-0.2620529827065332,0.029481541051716246,0.007853403141361256,191,0.0,-0.1868664182966473,-0.1323697264021596,5,21,swing_union,22,lasso_0.0005,100
0.029362211310641515,3.299282841097167,191,-0.003589472123933712,-1.4964120586393919,0.10920594231665892,0.3319732700901581,-0.22276732777349917,-1.6520883340054864,0.5176869704235888,-0.28391086229913143,0.03767699109463071,0.015706806282722512,191,0.2,-0.21850265871604524,-0.15413919008269394,5,21,swing_union,22,lasso_0.0005,200
0.037168633108122184,4.89293944449118,191,0.0009935478294629077,0.34153168562143676,0.19697487307019634,0.3319732700901581,-0.13499839701996175,-0.8629681128299227,0.9236441556508413,-0.23574408030092653,0.04753072916687604,0.049738219895287955,191,0.0,-0.139369737127784,-0.07851473289912769,5,21,swing_union,22,lasso_0.0005,500
0.036888553650281215,5.173337631050518,191,0.0017188281163387975,0.6066202204203563,0.1767699388372892,0.3319732700901581,-0.1552033312528689,-1.016707215788768,0.8646699170202407,-0.2289934811461174,0.04921849057035572,0.09162303664921466,191,0.0,-0.17680524766475125,-0.10200832320150854,5,21,swing_union,22,lasso_0.0005,750
0.02501322933486498,2.3117880813068066,191,0.0044826636656494665,1.7354047364078808,0.23097091654464275,0.3319732700901581,-0.10100235354551534,-0.5852372008182437,1.2059714281938005,-0.25088421999297017,0.03042735765288884,0.020942408376963352,191,0.0,-0.15185539545122662,-0.055803099059002714,5,21,swing_union,22,pcr_8,100
0.02700597548963519,2.9884239448419856,191,0.0014628920818713167,0.5186982527042103,0.22001360416288174,0.3319732700901581,-0.11195966592727635,-0.38329729763764175,1.3365693664477596,-0.24660243234594603,0.03801479382887017,0.034031413612565446,191,0.2,-0.1458876897707223,-0.03146471884567381,5,21,swing_union,22,pcr_8,200
0.041066435206285785,5.499802350250413,191,0.0008099519791500886,0.25089154137607095,0.24139485665270843,0.3319732700901581,-0.09057841343744966,-0.19963641720384354,1.3799115632673984,-0.18245281855189932,0.0537270147535748,0.12303664921465969,191,0.2,-0.15133978129664405,-0.023635774850845337,5,21,swing_union,22,pcr_8,500
0.041985862781508836,5.922977431545462,191,0.001071751120144316,0.3516318462968469,0.2402602897361643,0.3319732700901581,-0.09171298035399378,-0.22074414571245093,1.4352849035070188,-0.17799251382802117,0.05305462188865143,0.1662303664921466,191,0.2,-0.18104007788012522,-0.023635774850845337,5,21,swing_union,22,pcr_8,750
0.014561976935926178,1.737237229300082,191,-0.0026757575569099,-1.376562564332389,0.18275078760676133,0.3319732700901581,-0.14922248248339676,-0.9958948532282668,0.9165740535965464,-0.21743228892664124,0.045597497718704964,0.015706806282722512,191,0.4,-0.2584680258666723,-0.04954925673579191,5,21,swing_union,22,xgb_3_300_0.05_0.8,100
0.0202436323769412,2.712659090055354,191,-0.0027477272995869526,-1.2587853007302288,0.21988397948750094,0.3319732700901581,-0.11208929060265715,-0.7752726751538286,0.8990162720222127,-0.2486406027915502,0.0502989387102343,0.010471204188481676,191,0.2,-0.29484483654105575,-0.007856160707603865,5,21,swing_union,22,xgb_3_300_0.05_0.8,200
0.031141880617488082,5.049308552458325,191,-0.0030587376997420926,-1.0480319468084691,0.2062937570088923,0.3319732700901581,-0.1256795130812658,-0.6231509313116268,0.859147998432587,-0.37463929556194686,0.0656130979364878,0.002617801047120419,191,0.2,-0.16955835048600532,-0.039100907228166615,5,21,swing_union,22,xgb_3_300_0.05_0.8,500
0.030547153056143864,5.382005148999975,191,-0.00017867243729278212,-0.05744892018385642,0.29278596438946436,0.3319732700901581,-0.03918730570069373,-0.0861613307734971,1.0899374199387384,-0.3707261028815626,0.06683542715896161,0.010471204188481676,191,0.2,-0.1538745591837184,-0.05869234884585495,5,21,swing_union,22,xgb_3_300_0.05_0.8,750
0.005407970040190328,0.6777025370406287,191,-0.0010273490120603153,-0.5055507878466313,0.17369411835973736,0.3319732700901581,-0.15827915173042073,-0.9962998248058572,0.8860586989948852,-0.17263149507383446,0.04745216220261239,0.01832460732984293,191,0.4,-0.18553230111870078,-0.11436099741892869,5,21,swing_union,22,xgb_4_400_0.05_0.8,100
0.01246414406034867,1.850427252895113,191,-0.006244873576821925,-2.781639839877242,0.1835117585696744,0.3319732700901581,-0.1484615115204837,-1.022473919211753,0.7667967913789593,-0.2574930025283786,0.05593718612028696,0.031413612565445025,191,0.0,-0.16233349565759492,-0.10513412950485135,5,21,swing_union,22,xgb_4_400_0.05_0.8,200
0.026159357008892888,4.751822319534603,191,-0.00565019552961616,-1.8392752051926058,0.19383540451228032,0.3319732700901581,-0.13813786557787777,-0.6722091704070127,0.796699196572276,-0.20230427992008493,0.06892472249926151,0.04450261780104712,191,0.2,-0.24608485235509658,-0.025155103881771113,5,21,swing_union,22,xgb_4_400_0.05_0.8,500
0.02522016583628406,4.9440509749201755,191,-0.0038877714703259357,-1.2891966940563129,0.22134245720363355,0.3319732700901581,-0.11063081288652454,-0.4973073296594307,0.8758634346736127,-0.23110815597430434,0.07394343943982679,0.04450261780104712,191,0.2,-0.20154406282184878,-0.06076171045066059,5,21,swing_union,22,xgb_4_400_0.05_0.8,750
0.017674827945000065,2.175195111988739,191,-0.0014250247436941295,-0.7621019797538832,0.1882162185654226,0.3319732700901581,-0.1437570515247355,-0.9523437874940098,0.9638245322121803,-0.2763775608231649,0.046778537319802194,0.005235602094240838,191,0.2,-0.18220760657855672,-0.13888297720534915,5,21,swing_union,22,xgb_2_500_0.05_0.9,100
0.021344488752932773,2.8614042617140116,191,-0.001316466395553026,-0.5824394863089285,0.18210432096053752,0.3319732700901581,-0.14986894912962057,-1.1276528207260488,0.826606048721776,-0.2752266274379923,0.050447506129785255,0.013089005235602094,191,0.0,-0.17891333374537066,-0.12166302798126116,5,21,swing_union,22,xgb_2_500_0.05_0.9,200
0.032839261217910386,5.14924632364527,191,-0.0028892077056993366,-0.9762883979872434,0.2002324090832548,0.3319732700901581,-0.1317408610069033,-0.7224119553852453,0.8519309730912014,-0.29804100505047715,0.0625575517236857,0.015706806282722512,191,0.2,-0.22983386142890716,-0.02544398739319398,5,21,swing_union,22,xgb_2_500_0.05_0.9,500
0.032634569149246485,5.559577130002957,191,-0.0013341675701438991,-0.44107622223112175,0.3172699979113134,0.3319732700901581,-0.014703272178844706,-0.011980017464470116,1.2031934637453867,-0.28151626122944284,0.06346236010998905,0.015706806282722512,191,0.4,-0.15449568887338638,-0.024934254586696625,5,21,swing_union,22,xgb_2_500_0.05_0.9,750
0.020120734571487556,1.6275710803005794,191,-0.003162162321136962,-1.4456725515024724,0.1817804186618679,0.3319732700901581,-0.1501928514282902,-0.8889742200627068,1.175963961634208,-0.1787610426509204,0.040370172421866406,0.028795811518324606,191,0.0,-0.17328668038141748,-0.0898255128230031,5,21,incumbent,14,equal,100
0.034827023001078504,3.3729225643184764,191,-0.0017903425257789526,-0.6917918645056519,0.20545615211709145,0.3319732700901581,-0.12651711797306664,-0.7257085827098828,1.2064915422979237,-0.14235203225074833,0.04854731406436332,0.03926701570680628,191,0.0,-0.1695108498773622,-0.048945650878856495,5,21,incumbent,14,equal,200
0.04938533577310737,6.2845293145077585,191,-0.002033850445085405,-0.735405074748867,0.18766466006164872,0.3319732700901581,-0.14430861002850937,-0.8337290500912089,1.4824645373503438,-0.08503727136226824,0.06566773869440233,0.20287958115183247,191,0.2,-0.25631452457377024,-0.025838762521743774,5,21,incumbent,14,equal,500
0.047128453352435866,6.482419999894654,191,-0.0018842733509019406,-0.6564615423745067,0.14844809313939367,0.3319732700901581,-0.18352517695076442,-1.064387534752724,1.32894026796581,-0.06096408869741854,0.05847888010251713,0.32787958115183247,191,0.2,-0.2602140450734691,-0.13324406616781248,5,21,incumbent,14,equal,750
0.01790119201145454,1.4441021202760322,191,0.0008026419027040454,0.3571393720897796,0.25847841304684294,0.3319732700901581,-0.07349485704331515,-0.4271892196524709,1.5208650030250594,-0.1744191286403266,0.035233876959424655,0.020942408376963352,191,0.0,-0.12861534143249753,-0.026727110147476196,5,21,incumbent,14,ic_weighted,100
0.028109931246509876,2.6883737241609516,191,-0.0009566664144747857,-0.3677906707345798,0.19651148254540685,0.3319732700901581,-0.13546178754475124,-0.5539250364864645,1.4175585199645129,-0.21270350973960084,0.03819243259110854,0.03599476439790576,191,0.2,-0.11511584394491836,-0.05961030026449732,5,21,incumbent,14,ic_weighted,200
0.03815436895409762,4.530307660692193,191,-0.005242285157763521,-1.8051243138412159,0.149884211858631,0.3319732700901581,-0.1820890582315271,-0.8599467627269686,1.3850958665336528,-0.12690744626957184,0.04804193894716586,0.14528795811518325,191,0.4,-0.2179308044861188,-0.02652241289615631,5,21,incumbent,14,ic_weighted,500
0.03767986004331738,4.797802074723941,191,-0.005080675698953306,-1.8115683722576998,0.14629158643443785,0.3319732700901581,-0.18568168365572024,-0.8358820418644005,1.4351985266536318,-0.11539704388503846,0.049285929951937736,0.21858638743455497,191,0.2,-0.21790535654581866,-0.02652241289615631,5,21,incumbent,14,ic_weighted,750
0.01956017820883904,1.8058447435227651,191,0.001917717576085429,0.9145729062901795,0.22945975642775385,0.3319732700901581,-0.10251351366240424,-0.6116418057861384,1.151255993411522,-0.25157137972881494,0.04282940584524111,0.007853403141361256,191,0.2,-0.12367043229975405,-0.06522270580421041,5,21,incumbent,14,ridge_20.0,100
0.023532938931342486,2.646579534780724,191,0.0016829601430495059,0.6306154341608741,0.2437223333746661,0.3319732700901581,-0.088250936715492,-0.48082789728062003,1.2014279815812166,-0.20635669652851119,0.04830822558992985,0.010471204188481676,191,0.0,-0.13026280718408823,-0.03077517679487818,5,21,incumbent,14,ridge_20.0,200
0.046747780986853615,7.250879057826259,191,0.010038106760780537,3.3853436501119423,0.37627806993902024,0.3319732700901581,0.04430479984886215,0.31658637451435473,1.8414364855663807,-0.1794446863309913,0.059016093738366276,0.08573298429319372,191,0.6,-0.08426461577014943,0.028948291018322303,5,21,incumbent,14,ridge_20.0,500
0.043877995992370016,7.179843939970058,191,0.009290883346845967,3.432215182020952,0.37210093825968316,0.3319732700901581,0.040127668169525066,0.25895193949680434,2.021110192618999,-0.14961429795945758,0.05775758153491141,0.19044502617801048,191,0.6,-0.15087614372819613,0.013523473451740431,5,21,incumbent,14,ridge_20.0,750
0.019930321409040344,1.833782411809054,191,0.0015720017790716355,0.7523234315670553,0.24070791445810058,0.3319732700901581,-0.09126535563205751,-0.5382689811207905,1.2081211185427279,-0.23380407636143963,0.04347204227761469,0.010471204188481676,191,0.2,-0.11101483458696737,-0.06522270580420919,5,21,incumbent,14,ridge_200.0,100
0.023840087620676267,2.6771457013841284,191,0.0014869971371484988,0.5639064753255139,0.24270724435974556,0.3319732700901581,-0.08926602573041253,-0.48195343852553574,1.1998899048856453,-0.2071344887900144,0.04861527895198943,0.005235602094240838,191,0.0,-0.11493325910740437,-0.039342917281145584,5,21,incumbent,14,ridge_200.0,200
0.04692399587080881,7.241254318612955,191,0.00798060828381028,2.642294588525963,0.36488585076126556,0.3319732700901581,0.03291258067110747,0.2634111349951384,1.779077039483735,-0.19582735491068815,0.056932640937206985,0.09620418848167539,191,0.6,-0.10306205767967536,0.0384447445216729,5,21,incumbent,14,ridge_200.0,500
0.04405918457812032,7.172149943024079,191,0.007786726735103193,2.725289261576063,0.3769956584969927,0.3319732700901581,0.04502238840683459,0.29769118221918994,2.0779872974961022,-0.11271650045951576,0.057525458473702086,0.20091623036649214,191,0.6,-0.17050961219944716,0.014915142644224666,5,21,incumbent,14,ridge_200.0,750
0.020585789346426367,1.8835898438665803,191,0.0027031635619329374,1.3108065184413518,0.24456820328868423,0.3319732700901581,-0.08740506680147386,-0.5275344498161717,1.2279758632654294,-0.17059380872896412,0.04445282835300703,0.007853403141361256,191,0.0,-0.10150692115774196,-0.035708853975965904,5,21,incumbent,14,lasso_0.0005,100
0.024658274479906067,2.7716321592922104,191,-0.0008562289870768317,-0.34440439919701404,0.17149227847750148,0.3319732700901581,-0.1604809916126566,-0.9892501260195516,0.9098816236328744,-0.22721184495413027,0.04857083979188734,0.010471204188481676,191,0.2,-0.17669079711294744,-0.1254788505111023,5,21,incumbent,14,lasso_0.0005,200
0.04717557335911334,7.234541929972749,191,0.007155539983571434,2.2549903215494576,0.3753847473486156,0.3319732700901581,0.04341147725845751,0.3279172046469877,1.8384593858409122,-0.2009091669866797,0.05973065133925082,0.10405759162303665,191,0.6,-0.11975814558820319,0.009137097366000102,5,21,incumbent,14,lasso_0.0005,500
0.044481964057632155,7.2065482595978265,191,0.007060843583254914,2.371243940138513,0.32738965972273526,0.3319732700901581,-0.00458361036742283,0.02693243259814704,1.779879726337859,-0.12507489215233525,0.057631139617590955,0.20353403141361257,191,0.2,-0.1670175179128478,-0.020827479660510906,5,21,incumbent,14,lasso_0.0005,750
0.022004380737901032,1.938294235048367,191,0.004706977762974292,2.0628138398388334,0.3107409228343636,0.3319732700901581,-0.02123234725579448,-0.07601862977617765,1.4424127503214395,-0.1738944760761857,0.03822246589843696,0.013089005235602094,191,0.4,-0.09377842848520401,-0.012046910822391399,5,21,incumbent,14,pcr_8,100
0.02465796645390718,2.930076277628707,191,-0.0010427264874576742,-0.42493777278531725,0.20598213740066051,0.3319732700901581,-0.12599113268949758,-0.7386938460273371,1.0269693311992854,-0.23690488406973698,0.042680983545955044,0.010471204188481676,191,0.2,-0.17129217241061545,-0.03741632858502164,5,21,incumbent,14,pcr_8,200
0.04521691165922814,6.928179417684772,191,-0.0021119754778523565,-0.7572364123895197,0.2122257514191146,0.3319732700901581,-0.1197475186710435,-0.7077094964290026,1.196483804647455,-0.18973750675487489,0.06111241396206948,0.08900523560209424,191,0.2,-0.19427566907715266,-0.07308049845546694,5,21,incumbent,14,pcr_8,500
0.04299010704810247,7.010449449512693,191,-0.00020204117297346056,-0.07092230885686139,0.21649550174092225,0.3319732700901581,-0.11547776834923584,-0.6909010017635007,1.3020341548633205,-0.18629508523638083,0.06312748863700607,0.19698952879581152,191,0.4,-0.2517219937072088,-0.022596150636672974,5,21,incumbent,14,pcr_8,750
0.001317631543434186,0.1590826409087437,191,-0.00033967288488922007,-0.14035644343191964,0.0734834847148027,0.3319732700901581,-0.2584897853753554,-1.4833317464813105,0.4003882762270567,-0.3345844348015534,0.04030500008116576,0.015706806282722512,191,0.0,-0.22332110907046376,-0.19675206751670304,5,21,incumbent,14,xgb_3_300_0.05_0.8,100
0.0016213452874762765,0.2215891074693142,191,-0.003145930454798082,-1.2043970014916054,0.19190679267464028,0.3319732700901581,-0.1400664774155178,-0.7338269046398341,0.8521075070187706,-0.32804001430250296,0.0502514850961687,0.015706806282722512,191,0.0,-0.19239272357427606,-0.020103611052036174,5,21,incumbent,14,xgb_3_300_0.05_0.8,200
0.031534377934366024,6.332394288047322,191,0.005994910686349993,2.1286585882083946,0.268255916671029,0.3319732700901581,-0.0637173534191291,-0.3297472240404875,1.2908005565919258,-0.2732271532374554,0.06966511848085112,0.10732984293193717,191,0.4,-0.13803229377132697,-0.019741348922252655,5,21,incumbent,14,xgb_3_300_0.05_0.8,500
0.030839635670671613,6.657991741824553,191,0.004333946671024823,1.4896192537423956,0.315452253902226,0.3319732700901581,-0.016521016187932114,-0.04742893084985731,1.5213127011636685,-0.2710153105206804,0.07355775928590709,0.12827225130890052,191,0.4,-0.11450534439479787,-0.019741348922252655,5,21,incumbent,14,xgb_3_300_0.05_0.8,750
0.0020932769237698213,0.26281975138645086,191,0.0012579424080014696,0.48288967851775993,0.17390130601092668,0.3319732700901581,-0.1580719640792314,-0.9083562145516212,0.8539794328887536,-0.20522070624297628,0.04446379466344005,0.013089005235602094,191,0.0,-0.2013417401360913,-0.06163107402235535,5,21,incumbent,14,xgb_4_400_0.05_0.8,100
-0.00011178732751892724,-0.016551785834967837,191,-0.0020299125609051496,-0.7540673652756259,0.18438292953893853,0.3319732700901581,-0.14759034055121956,-0.9688316593634793,0.818207183183582,-0.26277435799119453,0.05086546451379204,0.015706806282722512,191,0.0,-0.13828767451122015,-0.11661035739968306,5,21,incumbent,14,xgb_4_400_0.05_0.8,200
0.027076249462663026,6.2135083299464675,191,0.00042974170424161156,0.17201781785488135,0.17689446864388847,0.3319732700901581,-0.15507880144626962,-0.9970736410699615,0.9139912302623769,-0.20775433730491366,0.06662884827933085,0.14921465968586387,191,0.0,-0.20936992388538622,-0.061380258384269526,5,21,incumbent,14,xgb_4_400_0.05_0.8,500
0.02610643434317007,6.463408904204124,191,5.263309311414264e-05,0.01977768005567963,0.287897988633558,0.3319732700901581,-0.04407528145660011,-0.1840556206459552,1.3731689334984216,-0.22936321192743725,0.06986449715970909,0.1649214659685864,191,0.4,-0.12800939903575803,-0.02017129212617874,5,21,incumbent,14,xgb_4_400_0.05_0.8,750
0.013008525970056167,1.611260550557884,191,0.0030789753149083146,1.5570077852927922,0.10229130755591775,0.3319732700901581,-0.22968196253424034,-1.5406479755184324,0.5124704529550014,-0.3028010544961345,0.0437206255517458,0.005235602094240838,191,0.2,-0.25773648500704194,-0.1482149650100666,5,21,incumbent,14,xgb_2_500_0.05_0.9,100
0.009867625155235347,1.398155354413128,191,-0.006348645370648638,-2.802243602764827,0.1797085521437778,0.3319732700901581,-0.1522647179463803,-0.9064376674459367,0.7781881571418415,-0.305756638438892,0.04961244185376388,0.010471204188481676,191,0.2,-0.1633006656763044,-0.12642691515659177,5,21,incumbent,14,xgb_2_500_0.05_0.9,200
0.03627489248629417,7.269066525961783,191,0.003666678436237012,1.4341231816435467,0.3794746985559021,0.3319732700901581,0.04750142846574401,0.2580870290652204,1.6140936394529657,-0.25096526546668974,0.06538821467402679,0.08115183246073299,191,0.6,-0.027305757999082192,0.026396601575944256,5,21,incumbent,14,xgb_2_500_0.05_0.9,500
0.035043905972395276,7.4723056118288005,191,0.0043469423584210935,1.499246816067915,0.3104900144034093,0.3319732700901581,-0.021483255686748803,-0.15843234450226196,1.326960353725671,-0.23115466645237492,0.0724720507335705,0.08115183246073299,191,0.4,-0.09702855752779449,-0.011572532355785259,5,21,incumbent,14,xgb_2_500_0.05_0.9,750
0.04746129260686398,5.646289229532382,191,0.008322802772111606,2.4149938803352775,0.22157657007265685,0.3319732700901581,-0.11039670001750124,-0.6029100897211486,1.1150884067111944,-0.19372344786547468,0.017937202919232113,0.010471204188481676,191,0.4,-0.18934988106573847,-0.010812580585479736,5,42,kept_h,11,equal,100
0.043364984041284534,6.687951372531424,191,0.007771927484247775,1.7978885066185257,0.25200853344728125,0.3319732700901581,-0.07996473664287684,-0.14294736680760253,1.2671747715225077,-0.20661501491743517,0.023476643279986217,0.010471204188481676,191,0.6,-0.20408130824943604,0.004254952073097229,5,42,kept_h,11,equal,200
0.06066060820511864,9.568634992367778,191,0.011518474556115597,2.380465841922777,0.4227894090180695,0.3319732700901581,0.0908161389279114,0.7974390369264464,1.8949043339804699,-0.23572546124990723,0.029300988648158416,0.041884816753926704,191,0.6,-0.04578084830815998,0.033431838174821316,5,42,kept_h,11,equal,500
0.06046521163019043,9.800360184898333,191,0.01300020557608826,2.630665552839906,0.3539213162777801,0.3319732700901581,0.021948046187622028,0.4108979690371624,1.6378815791053285,-0.22449066453064603,0.030028480868571912,0.06806282722513089,191,0.6,-0.10968579292784197,0.04197900575811331,5,42,kept_h,11,equal,750
0.04014501813308883,4.85267639378212,191,0.0020049074347769716,0.5204719123251835,0.20355100215325894,0.3319732700901581,-0.12842226793689915,-0.7224201396487416,1.0243518560338374,-0.2728151131012174,0.017226673202817507,0.015706806282722512,191,0.4,-0.21606240769620622,-0.014896586537361034,5,42,kept_h,11,ic_weighted,100
0.039099769006353514,5.924023105912829,191,0.0079414277125384,1.7536452021858675,0.2595480712927003,0.3319732700901581,-0.07242519879745779,-0.06530311913788131,1.270464393405205,-0.24931183266392354,0.02237745919881531,0.005235602094240838,191,0.4,-0.08564772137734944,-0.012131258845329174,5,42,kept_h,11,ic_weighted,200
0.05464307477370233,8.656838527570565,191,0.012828100317874583,2.501350883343168,0.3720715477069303,0.3319732700901581,0.040098277616772204,0.5006206355635548,1.7351256630001588,-0.2548097762555773,0.0284257444684809,0.04712041884816754,191,0.6,-0.09552730180742042,0.001978368481257986,5,42,kept_h,11,ic_weighted,500
0.05476121765693433,8.845798255520883,191,0.013560838413458922,2.629974126013883,0.3826626228456538,0.3319732700901581,0.05068935275549569,0.5376386635466875,1.8051638540251558,-0.2597662120686868,0.028008784555507184,0.07198952879581152,191,0.6,-0.10092601267348777,0.04674176719387768,5,42,kept_h,11,ic_weighted,750
0.03741303120838593,4.492473275247095,191,0.0037963070415438236,1.121119583273564,0.13520668544241654,0.3319732700901581,-0.19676658464774155,-1.136036323346562,0.6783929808314271,-0.32011536402495977,0.021446460928407317,0.020942408376963352,191,0.0,-0.19652047232036363,-0.10878032925969083,5,42,kept_h,11,ridge_20.0,100
0.028636814187302486,4.267081428990437,191,-0.006350656393525332,-1.9422072252681881,0.16148734679686316,0.3319732700901581,-0.17048592329329493,-1.1753496814764686,0.7152566739529838,-0.27074487909233835,0.027256461014757767,0.020942408376963352,191,0.0,-0.20707285423682487,-0.1513981843302481,5,42,kept_h,11,ridge_20.0,200
0.041411455614885594,6.235470197216653,191,0.005816071616066376,1.1924976531458398,0.30616644831554596,0.3319732700901581,-0.025806821774612132,-0.19893628185803833,1.2859431149358764,-0.2826100289937059,0.03056855389858615,0.1099476439790576,191,0.2,-0.12814504631553814,-0.02767799079671074,5,42,kept_h,11,ridge_20.0,500
0.04265354614893216,6.665030139001353,191,0.0076824439365260734,1.6473078761635738,0.24028075559986006,0.3319732700901581,-0.09169251449029803,-0.5965813918663964,1.0606090553468408,-0.285747561723241,0.031607160802562574,0.125,191,0.0,-0.1322772366686713,-0.05657681312309315,5,42,kept_h,11,ridge_20.0,750
0.03749590442570514,4.496005227910781,191,0.002201706934744658,0.6485861316391602,0.14575000863864584,0.3319732700901581,-0.18622326145151225,-1.058319432972005,0.7284307651463413,-0.3182872389103769,0.020962894152827455,0.02617801047120419,191,0.0,-0.19652047232036352,-0.09799647000075473,5,42,kept_h,11,ridge_200.0,100
0.02884008875977456,4.306286763499999,191,-0.00694884301567967,-2.0951975910700162,0.14251105048717827,0.3319732700901581,-0.18946221960297982,-1.3236180720004571,0.6392977333830594,-0.3141507842859943,0.02726191615923458,0.020942408376963352,191,0.0,-0.22737794598337624,-0.13654270947099467,5,42,kept_h,11,ridge_200.0,200
0.04195024573020488,6.292600317560244,191,0.00748806232732784,1.5079659968309786,0.2882781863439001,0.3319732700901581,-0.04369508374625797,-0.30091560763948527,1.2196024661548808,-0.2826100289937058,0.0308864447417188,0.1099476439790576,191,0.2,-0.1281450463155388,-0.04509740664854123,5,42,kept_h,11,ridge_200.0,500
0.04315062833514698,6.718778176609174,191,0.008625727774653369,1.8377686318455824,0.2250940418916909,0.3319732700901581,-0.10687922819846718,-0.6814801042003037,0.9944989370805413,-0.2857475617232408,0.0317397853892683,0.13023560209424084,191,0.0,-0.13227723666867097,-0.08094526968967353,5,42,kept_h,11,ridge_200.0,750
0.03778178590495396,4.436999725888641,191,0.001544267850981645,0.44681553860833206,0.17196426417151023,0.3319732700901581,-0.16000900591864786,-0.9329277680574812,0.852972108387366,-0.2777404514907793,0.021912984611615317,0.020942408376963352,191,0.0,-0.17305460433068742,-0.09206163233224363,5,42,kept_h,11,lasso_0.0005,100
0.029939172074377383,4.362833940435908,191,-0.005510342435384686,-1.5746256187487881,0.11665343847901921,0.3319732700901581,-0.21531983161113888,-1.4961087144146685,0.5546668995599907,-0.280642367018447,0.026525128638824644,0.015706806282722512,191,0.0,-0.23293364244149917,-0.17336526513103034,5,42,kept_h,11,lasso_0.0005,200
0.04255204046597503,6.2842760349676965,191,0.005627174369249669,1.1595295059701909,0.2673775718705791,0.3319732700901581,-0.064595698219579,-0.45480929732734426,1.1562611735433348,-0.2503535919146014,0.032098356960235816,0.09947643979057591,191,0.2,-0.15454898435854425,-0.045559352586390434,5,42,kept_h,11,lasso_0.0005,500
0.043501283734001896,6.685919988780938,191,0.0089519162338071,1.9089609064591828,0.2623878161943307,0.3319732700901581,-0.06958545389582738,-0.5031865216794366,1.1801888758363686,-0.253268310451076,0.032534196914048644,0.1243455497382199,191,0.2,-0.13913950186004498,-0.056195307811428785,5,42,kept_h,11,lasso_0.0005,750
0.03873190735129819,4.437424063650389,191,0.0007071143774442491,0.21129738667638995,0.2182976005716537,0.3319732700901581,-0.11367566951850439,-0.7032554766984866,1.1039282077508645,-0.256424656619589,0.01984397346485922,0.010471204188481676,191,0.2,-0.1295678301001062,-0.045738953859035925,5,42,kept_h,11,pcr_8,100
0.03328240136002406,4.849919400979823,191,-0.005797666994884064,-1.5789224895548664,0.13573198172058065,0.3319732700901581,-0.19624128836957744,-1.5026355787070451,0.671786296244597,-0.2379942351250054,0.02426300140603536,0.02617801047120419,191,0.0,-0.2626048084049004,-0.1238998011652831,5,42,kept_h,11,pcr_8,200
0.0478856954822344,6.9828578316852985,191,0.0017475436480608598,0.39028800022918725,0.24194435761378053,0.3319732700901581,-0.09002891247637756,-0.550466059081052,1.0648724257901279,-0.2602426719089851,0.029029082123732886,0.08900523560209424,191,0.2,-0.1320324844383619,-0.09314114643735971,5,42,kept_h,11,pcr_8,500
0.048389992886916984,7.387477312569567,191,0.006820967793952264,1.4510329616425952,0.2653960531971926,0.3319732700901581,-0.06657721689296547,-0.44423576666982767,1.2192196281024414,-0.24464696237009342,0.029255614253431157,0.10929319371727748,191,0.2,-0.12736950305528383,-0.05589064523119114,5,42,kept_h,11,pcr_8,750
0.015621225675263051,1.8745056595666516,191,-0.004585365767234751,-1.4202975904202695,0.15348504881117342,0.3319732700901581,-0.17848822127898467,-1.1204478496347192,0.7485748635893855,-0.36864960445979955,0.028319441745861255,0.03664921465968586,191,0.2,-0.20741997326398953,-0.11648658839079473,5,42,kept_h,11,xgb_3_300_0.05_0.8,100
0.02353487923220411,3.481250007179603,191,-0.0029603127208513973,-0.8163621695959293,0.20241566363292218,0.3319732700901581,-0.1295576064572359,-0.8903135125936886,0.8346330895710529,-0.31401816140508765,0.03452467313245298,0.015706806282722512,191,0.2,-0.20424164245498877,-0.05041741660383903,5,42,kept_h,11,xgb_3_300_0.05_0.8,200
0.01777901759604161,2.7275459803926596,191,-0.011311726576370718,-2.5394992304658524,0.12561179512592968,0.3319732700901581,-0.2063614749642284,-1.0073729312478907,0.5401973208970756,-0.4022318695982048,0.036363829342411794,0.05759162303664921,191,0.0,-0.22474425314987567,-0.07354726846327997,5,42,kept_h,11,xgb_3_300_0.05_0.8,500
0.018499381546298134,2.91414645859184,191,-0.009952457787478781,-2.2025376811357655,0.1438041545741191,0.3319732700901581,-0.188169115516039,-0.920826975327372,0.6102615597335509,-0.4046761747147827,0.035896920689847095,0.06282722513089005,191,0.2,-0.23405658773343763,-0.11891606556517464,5,42,kept_h,11,xgb_3_300_0.05_0.8,750
0.005895541072973568,0.733490723995931,191,-0.005629345284609114,-1.7045411375018866,0.16406189123260084,0.3319732700901581,-0.16791137885755725,-1.1982944358259124,0.8436831775227067,-0.27877244971151527,0.030139206246864916,0.020287958115183247,191,0.2,-0.1375850704882038,-0.13569282658024218,5,42,kept_h,11,xgb_4_400_0.05_0.8,100
0.016963706684431267,2.57042269822468,191,0.0018042874563953483,0.5261694709952186,0.2518839752171458,0.3319732700901581,-0.0800892948730123,-0.5453345753909994,1.062697329005587,-0.2515378657317373,0.034376061487331855,0.010471204188481676,191,0.0,-0.09174015639715993,-0.061902583206225215,5,42,kept_h,11,xgb_4_400_0.05_0.8,200
0.011929210059535539,2.010279927446078,191,-0.010875795870356223,-2.6758300997550717,0.10313327967633401,0.3319732700901581,-0.22883999041382408,-1.348505364862472,0.4394656145979242,-0.41370749496456816,0.037083366806163004,0.06217277486910995,191,0.0,-0.2748277072036246,-0.1676088050138559,5,42,kept_h,11,xgb_4_400_0.05_0.8,500
0.011739542353471574,2.060787902039458,191,-0.010901733462489089,-2.598538071952305,0.09638526342750264,0.3319732700901581,-0.23558800666265545,-1.384931688909722,0.4172750175774893,-0.4299665829328714,0.037779806823436665,0.07198952879581152,191,0.2,-0.29857436583484365,-0.18461469639296524,5,42,kept_h,11,xgb_4_400_0.05_0.8,750
0.020971821961787877,2.5632932141855904,191,-0.004973644473594833,-1.5330385907669841,0.12255693631127595,0.3319732700901581,-0.20941633377888214,-1.2894875266500416,0.5961903390470565,-0.36954301614785745,0.02844602512831798,0.02617801047120419,191,0.2,-0.18232217967480924,-0.16868083191975558,5,42,kept_h,11,xgb_2_500_0.05_0.9,100
0.02534367336882609,3.706646650950381,191,-0.004769550435274293,-1.3073917963496597,0.16918398648583577,0.3319732700901581,-0.16278928360432232,-1.0527002698870338,0.6971974382209207,-0.28628385278982216,0.032543173170786754,0.005235602094240838,191,0.0,-0.21702222223468293,-0.07774314200670596,5,42,kept_h,11,xgb_2_500_0.05_0.9,200
0.022897144346531617,3.425681105633928,191,-0.011327472252098366,-2.3691672531636967,0.06333263455520077,0.3319732700901581,-0.2686406355349573,-1.5099920815363448,0.28430486483824824,-0.48843331166245696,0.03512769122590552,0.05235602094240838,191,0.2,-0.30995782905958946,-0.22141431979947757,5,42,kept_h,11,xgb_2_500_0.05_0.9,500
0.022821910503327186,3.579807692038799,191,-0.008564266200660099,-1.7703033849302354,0.053474040696868785,0.3319732700901581,-0.2784992293932893,-1.4378635142759986,0.24656196624093257,-0.5513595830060176,0.035266830432907,0.04712041884816754,191,0.2,-0.37271371835246103,-0.18782569518970793,5,42,kept_h,11,xgb_2_500_0.05_0.9,750
0.04746129260686398,5.646289229532382,191,0.008322802772111606,2.4149938803352775,0.22157657007265685,0.3319732700901581,-0.11039670001750124,-0.6029100897211486,1.1150884067111944,-0.19372344786547468,0.017937202919232113,0.010471204188481676,191,0.4,-0.18934988106573847,-0.010812580585479736,5,42,decorr_h,11,equal,100
0.043364984041284534,6.687951372531424,191,0.007771927484247775,1.7978885066185257,0.25200853344728125,0.3319732700901581,-0.07996473664287684,-0.14294736680760253,1.2671747715225077,-0.20661501491743517,0.023476643279986217,0.010471204188481676,191,0.6,-0.20408130824943604,0.004254952073097229,5,42,decorr_h,11,equal,200
0.06066060820511864,9.568634992367778,191,0.011518474556115597,2.380465841922777,0.4227894090180695,0.3319732700901581,0.0908161389279114,0.7974390369264464,1.8949043339804699,-0.23572546124990723,0.029300988648158416,0.041884816753926704,191,0.6,-0.04578084830815998,0.033431838174821316,5,42,decorr_h,11,equal,500
0.06046521163019043,9.800360184898333,191,0.01300020557608826,2.630665552839906,0.3539213162777801,0.3319732700901581,0.021948046187622028,0.4108979690371624,1.6378815791053285,-0.22449066453064603,0.030028480868571912,0.06806282722513089,191,0.6,-0.10968579292784197,0.04197900575811331,5,42,decorr_h,11,equal,750
0.04014501813308883,4.85267639378212,191,0.0020049074347769716,0.5204719123251835,0.20355100215325894,0.3319732700901581,-0.12842226793689915,-0.7224201396487416,1.0243518560338374,-0.2728151131012174,0.017226673202817507,0.015706806282722512,191,0.4,-0.21606240769620622,-0.014896586537361034,5,42,decorr_h,11,ic_weighted,100
0.039099769006353514,5.924023105912829,191,0.0079414277125384,1.7536452021858675,0.2595480712927003,0.3319732700901581,-0.07242519879745779,-0.06530311913788131,1.270464393405205,-0.24931183266392354,0.02237745919881531,0.005235602094240838,191,0.4,-0.08564772137734944,-0.012131258845329174,5,42,decorr_h,11,ic_weighted,200
0.05464307477370233,8.656838527570565,191,0.012828100317874583,2.501350883343168,0.3720715477069303,0.3319732700901581,0.040098277616772204,0.5006206355635548,1.7351256630001588,-0.2548097762555773,0.0284257444684809,0.04712041884816754,191,0.6,-0.09552730180742042,0.001978368481257986,5,42,decorr_h,11,ic_weighted,500
0.05476121765693433,8.845798255520883,191,0.013560838413458922,2.629974126013883,0.3826626228456538,0.3319732700901581,0.05068935275549569,0.5376386635466875,1.8051638540251558,-0.2597662120686868,0.028008784555507184,0.07198952879581152,191,0.6,-0.10092601267348777,0.04674176719387768,5,42,decorr_h,11,ic_weighted,750
0.03741303120838593,4.492473275247095,191,0.0037963070415438236,1.121119583273564,0.13520668544241654,0.3319732700901581,-0.19676658464774155,-1.136036323346562,0.6783929808314271,-0.32011536402495977,0.021446460928407317,0.020942408376963352,191,0.0,-0.19652047232036363,-0.10878032925969083,5,42,decorr_h,11,ridge_20.0,100
0.028636814187302486,4.267081428990437,191,-0.006350656393525332,-1.9422072252681881,0.16148734679686316,0.3319732700901581,-0.17048592329329493,-1.1753496814764686,0.7152566739529838,-0.27074487909233835,0.027256461014757767,0.020942408376963352,191,0.0,-0.20707285423682487,-0.1513981843302481,5,42,decorr_h,11,ridge_20.0,200
0.041411455614885594,6.235470197216653,191,0.005816071616066376,1.1924976531458398,0.30616644831554596,0.3319732700901581,-0.025806821774612132,-0.19893628185803833,1.2859431149358764,-0.2826100289937059,0.03056855389858615,0.1099476439790576,191,0.2,-0.12814504631553814,-0.02767799079671074,5,42,decorr_h,11,ridge_20.0,500
0.04265354614893216,6.665030139001353,191,0.0076824439365260734,1.6473078761635738,0.24028075559986006,0.3319732700901581,-0.09169251449029803,-0.5965813918663964,1.0606090553468408,-0.285747561723241,0.031607160802562574,0.125,191,0.0,-0.1322772366686713,-0.05657681312309315,5,42,decorr_h,11,ridge_20.0,750
0.03749590442570514,4.496005227910781,191,0.002201706934744658,0.6485861316391602,0.14575000863864584,0.3319732700901581,-0.18622326145151225,-1.058319432972005,0.7284307651463413,-0.3182872389103769,0.020962894152827455,0.02617801047120419,191,0.0,-0.19652047232036352,-0.09799647000075473,5,42,decorr_h,11,ridge_200.0,100
0.02884008875977456,4.306286763499999,191,-0.00694884301567967,-2.0951975910700162,0.14251105048717827,0.3319732700901581,-0.18946221960297982,-1.3236180720004571,0.6392977333830594,-0.3141507842859943,0.02726191615923458,0.020942408376963352,191,0.0,-0.22737794598337624,-0.13654270947099467,5,42,decorr_h,11,ridge_200.0,200
0.04195024573020488,6.292600317560244,191,0.00748806232732784,1.5079659968309786,0.2882781863439001,0.3319732700901581,-0.04369508374625797,-0.30091560763948527,1.2196024661548808,-0.2826100289937058,0.0308864447417188,0.1099476439790576,191,0.2,-0.1281450463155388,-0.04509740664854123,5,42,decorr_h,11,ridge_200.0,500
0.04315062833514698,6.718778176609174,191,0.008625727774653369,1.8377686318455824,0.2250940418916909,0.3319732700901581,-0.10687922819846718,-0.6814801042003037,0.9944989370805413,-0.2857475617232408,0.0317397853892683,0.13023560209424084,191,0.0,-0.13227723666867097,-0.08094526968967353,5,42,decorr_h,11,ridge_200.0,750
0.03778178590495396,4.436999725888641,191,0.001544267850981645,0.44681553860833206,0.17196426417151023,0.3319732700901581,-0.16000900591864786,-0.9329277680574812,0.852972108387366,-0.2777404514907793,0.021912984611615317,0.020942408376963352,191,0.0,-0.17305460433068742,-0.09206163233224363,5,42,decorr_h,11,lasso_0.0005,100
0.029939172074377383,4.362833940435908,191,-0.005510342435384686,-1.5746256187487881,0.11665343847901921,0.3319732700901581,-0.21531983161113888,-1.4961087144146685,0.5546668995599907,-0.280642367018447,0.026525128638824644,0.015706806282722512,191,0.0,-0.23293364244149917,-0.17336526513103034,5,42,decorr_h,11,lasso_0.0005,200
0.04255204046597503,6.2842760349676965,191,0.005627174369249669,1.1595295059701909,0.2673775718705791,0.3319732700901581,-0.064595698219579,-0.45480929732734426,1.1562611735433348,-0.2503535919146014,0.032098356960235816,0.09947643979057591,191,0.2,-0.15454898435854425,-0.045559352586390434,5,42,decorr_h,11,lasso_0.0005,500
0.043501283734001896,6.685919988780938,191,0.0089519162338071,1.9089609064591828,0.2623878161943307,0.3319732700901581,-0.06958545389582738,-0.5031865216794366,1.1801888758363686,-0.253268310451076,0.032534196914048644,0.1243455497382199,191,0.2,-0.13913950186004498,-0.056195307811428785,5,42,decorr_h,11,lasso_0.0005,750
0.03873190735129819,4.437424063650389,191,0.0007071143774442491,0.21129738667638995,0.2182976005716537,0.3319732700901581,-0.11367566951850439,-0.7032554766984866,1.1039282077508645,-0.256424656619589,0.01984397346485922,0.010471204188481676,191,0.2,-0.1295678301001062,-0.045738953859035925,5,42,decorr_h,11,pcr_8,100
0.03328240136002406,4.849919400979823,191,-0.005797666994884064,-1.5789224895548664,0.13573198172058065,0.3319732700901581,-0.19624128836957744,-1.5026355787070451,0.671786296244597,-0.2379942351250054,0.02426300140603536,0.02617801047120419,191,0.0,-0.2626048084049004,-0.1238998011652831,5,42,decorr_h,11,pcr_8,200
0.0478856954822344,6.9828578316852985,191,0.0017475436480608598,0.39028800022918725,0.24194435761378053,0.3319732700901581,-0.09002891247637756,-0.550466059081052,1.0648724257901279,-0.2602426719089851,0.029029082123732886,0.08900523560209424,191,0.2,-0.1320324844383619,-0.09314114643735971,5,42,decorr_h,11,pcr_8,500
0.048389992886916984,7.387477312569567,191,0.006820967793952264,1.4510329616425952,0.2653960531971926,0.3319732700901581,-0.06657721689296547,-0.44423576666982767,1.2192196281024414,-0.24464696237009342,0.029255614253431157,0.10929319371727748,191,0.2,-0.12736950305528383,-0.05589064523119114,5,42,decorr_h,11,pcr_8,750
0.015621225675263051,1.8745056595666516,191,-0.004585365767234751,-1.4202975904202695,0.15348504881117342,0.3319732700901581,-0.17848822127898467,-1.1204478496347192,0.7485748635893855,-0.36864960445979955,0.028319441745861255,0.03664921465968586,191,0.2,-0.20741997326398953,-0.11648658839079473,5,42,decorr_h,11,xgb_3_300_0.05_0.8,100
0.02353487923220411,3.481250007179603,191,-0.0029603127208513973,-0.8163621695959293,0.20241566363292218,0.3319732700901581,-0.1295576064572359,-0.8903135125936886,0.8346330895710529,-0.31401816140508765,0.03452467313245298,0.015706806282722512,191,0.2,-0.20424164245498877,-0.05041741660383903,5,42,decorr_h,11,xgb_3_300_0.05_0.8,200
0.01777901759604161,2.7275459803926596,191,-0.011311726576370718,-2.5394992304658524,0.12561179512592968,0.3319732700901581,-0.2063614749642284,-1.0073729312478907,0.5401973208970756,-0.4022318695982048,0.036363829342411794,0.05759162303664921,191,0.0,-0.22474425314987567,-0.07354726846327997,5,42,decorr_h,11,xgb_3_300_0.05_0.8,500
0.018499381546298134,2.91414645859184,191,-0.009952457787478781,-2.2025376811357655,0.1438041545741191,0.3319732700901581,-0.188169115516039,-0.920826975327372,0.6102615597335509,-0.4046761747147827,0.035896920689847095,0.06282722513089005,191,0.2,-0.23405658773343763,-0.11891606556517464,5,42,decorr_h,11,xgb_3_300_0.05_0.8,750
0.005895541072973568,0.733490723995931,191,-0.005629345284609114,-1.7045411375018866,0.16406189123260084,0.3319732700901581,-0.16791137885755725,-1.1982944358259124,0.8436831775227067,-0.27877244971151527,0.030139206246864916,0.020287958115183247,191,0.2,-0.1375850704882038,-0.13569282658024218,5,42,decorr_h,11,xgb_4_400_0.05_0.8,100
0.016963706684431267,2.57042269822468,191,0.0018042874563953483,0.5261694709952186,0.2518839752171458,0.3319732700901581,-0.0800892948730123,-0.5453345753909994,1.062697329005587,-0.2515378657317373,0.034376061487331855,0.010471204188481676,191,0.0,-0.09174015639715993,-0.061902583206225215,5,42,decorr_h,11,xgb_4_400_0.05_0.8,200
0.011929210059535539,2.010279927446078,191,-0.010875795870356223,-2.6758300997550717,0.10313327967633401,0.3319732700901581,-0.22883999041382408,-1.348505364862472,0.4394656145979242,-0.41370749496456816,0.037083366806163004,0.06217277486910995,191,0.0,-0.2748277072036246,-0.1676088050138559,5,42,decorr_h,11,xgb_4_400_0.05_0.8,500
0.011739542353471574,2.060787902039458,191,-0.010901733462489089,-2.598538071952305,0.09638526342750264,0.3319732700901581,-0.23558800666265545,-1.384931688909722,0.4172750175774893,-0.4299665829328714,0.037779806823436665,0.07198952879581152,191,0.2,-0.29857436583484365,-0.18461469639296524,5,42,decorr_h,11,xgb_4_400_0.05_0.8,750
0.020971821961787877,2.5632932141855904,191,-0.004973644473594833,-1.5330385907669841,0.12255693631127595,0.3319732700901581,-0.20941633377888214,-1.2894875266500416,0.5961903390470565,-0.36954301614785745,0.02844602512831798,0.02617801047120419,191,0.2,-0.18232217967480924,-0.16868083191975558,5,42,decorr_h,11,xgb_2_500_0.05_0.9,100
0.02534367336882609,3.706646650950381,191,-0.004769550435274293,-1.3073917963496597,0.16918398648583577,0.3319732700901581,-0.16278928360432232,-1.0527002698870338,0.6971974382209207,-0.28628385278982216,0.032543173170786754,0.005235602094240838,191,0.0,-0.21702222223468293,-0.07774314200670596,5,42,decorr_h,11,xgb_2_500_0.05_0.9,200
0.022897144346531617,3.425681105633928,191,-0.011327472252098366,-2.3691672531636967,0.06333263455520077,0.3319732700901581,-0.2686406355349573,-1.5099920815363448,0.28430486483824824,-0.48843331166245696,0.03512769122590552,0.05235602094240838,191,0.2,-0.30995782905958946,-0.22141431979947757,5,42,decorr_h,11,xgb_2_500_0.05_0.9,500
0.022821910503327186,3.579807692038799,191,-0.008564266200660099,-1.7703033849302354,0.053474040696868785,0.3319732700901581,-0.2784992293932893,-1.4378635142759986,0.24656196624093257,-0.5513595830060176,0.035266830432907,0.04712041884816754,191,0.2,-0.37271371835246103,-0.18782569518970793,5,42,decorr_h,11,xgb_2_500_0.05_0.9,750
0.038712434287975196,4.1013165718132365,191,0.003549585791782559,1.1273815426926697,0.18282129157944604,0.3319732700901581,-0.14915197851071205,-0.9098975541379635,0.9823883723980779,-0.2096859770938495,0.026267100466157007,0.015706806282722512,191,0.0,-0.18589805539405346,-0.057189287304060255,5,42,swing_union,22,equal,100
0.04526877993178307,5.796227058965527,191,0.006075009849917202,1.8668792173006608,0.18164428389453335,0.3319732700901581,-0.15032898619562474,-0.7580747572593247,1.0612391011830984,-0.1653922024975174,0.033351476135519614,0.031413612565445025,191,0.4,-0.18368959123220308,-0.06316889361373212,5,42,swing_union,22,equal,200
0.05051658428158626,7.443099091928961,191,0.003516769529130134,0.8498940182822665,0.1993621979059741,0.3319732700901581,-0.132611072184184,-0.48205987120566823,1.1815804492054658,-0.26672358970271337,0.0371307548436224,0.1099476439790576,191,0.4,-0.20500183485429568,-0.001248873770236969,5,42,swing_union,22,equal,500
0.05261475580729439,8.141815991799257,191,0.004281084489623445,1.0348541428959257,0.21178784591054667,0.3319732700901581,-0.12018542417961142,-0.4374173137282685,1.2903261410361613,-0.20654046079975297,0.03654370498793122,0.1407068062827225,191,0.4,-0.24391729137775686,-0.001248873770236969,5,42,swing_union,22,equal,750
0.037935105982761216,4.318576978209087,191,0.009243726763259913,2.5006045922357085,0.24327945921710303,0.3319732700901581,-0.08869381087305506,-0.48530835848243115,1.2717750303472026,-0.17732743607991241,0.014422104722773903,0.005235602094240838,191,0.2,-0.2305443199205417,-0.04019072733446161,5,42,swing_union,22,ic_weighted,100
0.04001312093705273,5.187001909356711,191,0.008367032090601809,1.9711392664014673,0.21163906738069316,0.3319732700901581,-0.12033420270946493,-0.4603804679993201,1.2564631024056436,-0.20992587434686338,0.02126673001288676,0.015706806282722512,191,0.4,-0.2531190241871689,-0.013815358281135559,5,42,swing_union,22,ic_weighted,200
0.05291898709257551,7.462296726633083,191,0.011050355376880518,2.4396902707441863,0.34892508120619503,0.3319732700901581,0.01695181111603694,0.40973511437068416,1.8767000212438127,-0.15222086834681403,0.028034092558808395,0.051047120418848166,191,0.4,-0.051190147141138675,-0.01380455493927002,5,42,swing_union,22,ic_weighted,500
0.05464017604886319,7.92681449773217,191,0.011128507174200412,2.4754251568518386,0.4011598563571399,0.3319732700901581,0.06918658626698182,0.6994293921351422,2.137916359530833,-0.1517389964384548,0.026455593239377996,0.0824607329842932,191,0.6,-0.033313928912999224,0.05612296583750065,5,42,swing_union,22,ic_weighted,750
0.029367930565577918,3.0411272920681864,191,-0.005672835182954425,-2.0299277572363934,0.1209231188497224,0.3319732700901581,-0.2110501512404357,-1.4757667897005105,0.6965688389207526,-0.27383621864338015,0.020922127088166265,0.010471204188481676,191,0.0,-0.2621274325021281,-0.11263395602458115,5,42,swing_union,22,ridge_20.0,100
0.024981833461639655,2.8952186833805786,191,-0.008011984953373982,-2.2788019090211815,0.18119925065763187,0.3319732700901581,-0.15077401943252622,-1.0204163034298455,0.8990479923464859,-0.16677593927565693,0.0231641923165639,0.010471204188481676,191,0.2,-0.23285773675555055,-0.13433179317909216,5,42,swing_union,22,ridge_20.0,200
0.03891104879270589,5.13550117508462,191,0.004713174179976523,0.9466393574164176,0.3088781982569324,0.3319732700901581,-0.023095071833225678,-0.05801577782030694,1.2248412579921333,-0.30872613268396265,0.0326989048478215,0.020287958115183247,191,0.4,-0.13557435637360293,-0.011978648602962494,5,42,swing_union,22,ridge_20.0,500
0.03954412773589737,5.453711639578569,191,0.00399722091619569,0.8416644873767546,0.2592618662839157,0.3319732700901581,-0.07271140380624241,-0.3331038244445051,1.117813535126831,-0.30141642909664235,0.03301624698254447,0.07657068062827226,191,0.2,-0.14683977658424374,-0.02444290633611701,5,42,swing_union,22,ridge_20.0,750
0.029224471946668332,3.0387919781367567,191,-0.004901032635200944,-1.7378192461072017,0.14408395391690343,0.3319732700901581,-0.18788931617325466,-1.2611709466845982,0.8137331093150986,-0.2522945401362622,0.0211055635733521,0.005235602094240838,191,0.0,-0.22761832088298617,-0.11343624360001792,5,42,swing_union,22,ridge_200.0,100
0.025528451105938193,2.9655810976874495,191,-0.008415197453788282,-2.361506840914193,0.19356197913219408,0.3319732700901581,-0.138411290957964,-0.9434529000197842,0.958019308403006,-0.15560038881173588,0.023588330063977814,0.010471204188481676,191,0.2,-0.20256379186707596,-0.14348135263357675,5,42,swing_union,22,ridge_200.0,200
0.039301781412302464,5.17155467118615,191,0.004014461930275588,0.8318054266975645,0.2852338251748556,0.3319732700901581,-0.046739444915302464,-0.1950824453679774,1.1909512334974481,-0.30866744285759107,0.03355970995829965,0.025523560209424083,191,0.4,-0.15679828904436033,-0.011978648602962494,5,42,swing_union,22,ridge_200.0,500
0.03996687981431142,5.495087572847314,191,0.0036911543322171217,0.7723037429618733,0.2137839921317557,0.3319732700901581,-0.1181892779584024,-0.6119727256980563,0.9713825268462462,-0.29206672102707365,0.03322944318114909,0.08704188481675393,191,0.2,-0.1544377602287379,-0.07658772247251722,5,42,swing_union,22,ridge_200.0,750
0.03002669401827742,3.1554980481970194,191,-0.00390016214424715,-1.374270869479546,0.13359219774120845,0.3319732700901581,-0.19838107234894964,-1.318019218309527,0.7491227453051079,-0.2445040264110323,0.02226968959627447,0.0,191,0.0,-0.21504355138172293,-0.13042639228638475,5,42,swing_union,22,lasso_0.0005,100
0.026459732181199177,3.1056482032736903,191,-0.008064573750153419,-2.294217321236927,0.15928651901432733,0.3319732700901581,-0.17268675107583076,-1.1590538065753395,0.799705370297635,-0.16486900873962296,0.02249766950754795,0.010471204188481676,191,0.2,-0.20506646312488264,-0.15288248814878502,5,42,swing_union,22,lasso_0.0005,200
0.04016721332018957,5.282169711056096,191,0.002316669999811974,0.49715515148254863,0.3042514685853668,0.3319732700901581,-0.02772180150479131,-0.17156825815570073,1.208992952437549,-0.2879917387172676,0.034049931877464905,0.031413612565445025,191,0.2,-0.10704471854078845,-0.008468396961688884,5,42,swing_union,22,lasso_0.0005,500
0.040973569047283526,5.6293146069710405,191,0.0031761090193158357,0.6916053276752543,0.22204144537974746,0.3319732700901581,-0.10993182471041063,-0.6239093713124058,0.9447860112169093,-0.2885980564852756,0.032426577437538635,0.08180628272251309,191,0.0,-0.15211150492965742,-0.09289996444369242,5,42,swing_union,22,lasso_0.0005,750
0.03189649634114147,3.364842254380604,191,0.003562068110770736,0.9606734214108866,0.19746192413127095,0.3319732700901581,-0.13451134595888714,-0.8204647650707896,1.0344637932051843,-0.2468660143839716,0.016384241037356802,0.031413612565445025,191,0.2,-0.2323452016600861,-0.04994933959948378,5,42,swing_union,22,pcr_8,100
0.02831901663228908,3.386478988061786,191,0.0013512857355840544,0.33298847312244434,0.16324456638663198,0.3319732700901581,-0.1687287037035261,-0.7904909969594434,1.0327961200211755,-0.20994813188009587,0.02190533263563742,0.03664921465968586,191,0.2,-0.1565780665025388,-0.1255621654381338,5,42,swing_union,22,pcr_8,200
0.04851176089849088,6.2656264168964695,191,0.005724261817156644,1.3963945700051277,0.3297805883046556,0.3319732700901581,-0.0021926817855024705,0.31656373988524966,1.7269171368978873,-0.17009446875700251,0.024932923922293942,0.08835078534031414,191,0.4,-0.09570407195695518,-0.009623542428016663,5,42,swing_union,22,pcr_8,500
0.05011545721428208,6.781638104199384,191,0.007320858650299579,1.8282686212746437,0.3009072110540765,0.3319732700901581,-0.031066059036081617,0.14400629334026557,1.6568246469501646,-0.16448126122916673,0.024438231175960976,0.12892670157068062,191,0.4,-0.15029572580485284,-0.009623542428016663,5,42,swing_union,22,pcr_8,750
0.022198473359033313,2.823067003547812,191,0.002259804533199646,0.6528867967268059,0.1685461713279408,0.3319732700901581,-0.16342709876221728,-1.0498292202710162,0.8579835461523073,-0.26732353078359206,0.0273182300673817,0.010471204188481676,191,0.2,-0.1591969649452606,-0.11337475832412747,5,42,swing_union,22,xgb_3_300_0.05_0.8,100
0.015829756089404158,2.2666553060949473,191,-0.005595446492335637,-1.453126915655076,0.1664445398260781,0.3319732700901581,-0.16552873026408,-1.0679790936293145,0.684847932978375,-0.31805933489854565,0.03347924408763268,0.020942408376963352,191,0.0,-0.21722561310822464,-0.09803395475391619,5,42,swing_union,22,xgb_3_300_0.05_0.8,200
0.026781150539376117,4.106447960058745,191,-0.006522582887784036,-1.3701903082818496,0.2677662237659839,0.3319732700901581,-0.06420704632417418,-0.26964112665394385,0.9563177021016482,-0.35504107905616644,0.03682301544443751,0.010471204188481676,191,0.2,-0.19752161167745308,-0.04768616998213748,5,42,swing_union,22,xgb_3_300_0.05_0.8,500
0.026754828818698975,4.379239833751367,191,-0.0063261234967028285,-1.2656725742562909,0.23165327628744525,0.3319732700901581,-0.10031999380271284,-0.4594382439318223,0.8421545329998159,-0.34633086945834346,0.0381808605556438,0.02617801047120419,191,0.2,-0.19634175905842366,-0.05445693354902292,5,42,swing_union,22,xgb_3_300_0.05_0.8,750
0.0017922185158671723,0.21962560675875634,191,9.926930996369942e-05,0.027217062428836297,0.13774030898719247,0.3319732700901581,-0.19423296110296562,-1.3134876718700437,0.7241246004794526,-0.22053510651850505,0.03001609647549822,0.010471204188481676,191,0.2,-0.17400331759202126,-0.12625159022743626,5,42,swing_union,22,xgb_4_400_0.05_0.8,100
0.005209132388556359,0.742973646284554,191,-0.0020087949824348795,-0.4959593526473352,0.2163996340893528,0.3319732700901581,-0.11557363600080528,-0.7512597553377776,0.8979990771177911,-0.29413855294042723,0.034221551424742605,0.020942408376963352,191,0.2,-0.21263742484993164,-0.015472187511106461,5,42,swing_union,22,xgb_4_400_0.05_0.8,200
0.017539454852787753,2.9500565284517037,191,-0.006928632461285482,-1.4588160665004364,0.19976450705831827,0.3319732700901581,-0.13220876303183982,-0.6619076520810374,0.7389534925984113,-0.36120448459775867,0.0378707484552458,0.015706806282722512,191,0.4,-0.26049816083582766,-0.10771769556897204,5,42,swing_union,22,xgb_4_400_0.05_0.8,500
0.017690894139480544,3.1407330373431233,191,-0.006036982714339935,-1.2274386461776379,0.1984503540003324,0.3319732700901581,-0.1335229160898257,-0.6771177105529232,0.735151471289741,-0.3691240095017315,0.038040049811868384,0.02617801047120419,191,0.4,-0.2554629199860098,-0.0904921964091906,5,42,swing_union,22,xgb_4_400_0.05_0.8,750
0.02029352782800956,2.4153942599148603,191,-0.0010252756295793968,-0.34234122599122624,0.22528164917218652,0.3319732700901581,-0.10669162091797157,-0.652607813828151,1.0703043133002061,-0.2470992333866623,0.026231910056442972,0.010471204188481676,191,0.4,-0.13885678769725485,-0.07886185129890821,5,42,swing_union,22,xgb_2_500_0.05_0.9,100
0.01760008495682764,2.369613716247809,191,-0.007229951758873868,-2.1570689569332404,0.24385743452258035,0.3319732700901581,-0.08811583556757774,-0.6453419215625485,1.0447226962718428,-0.24089076844095592,0.030141386353355955,0.010471204188481676,191,0.0,-0.1163727702560915,-0.03990722633698551,5,42,swing_union,22,xgb_2_500_0.05_0.9,200
0.028912895078540418,4.115361259964769,191,-0.010788620308197605,-2.409700306406792,0.2704566954049479,0.3319732700901581,-0.06151657468521021,-0.23959909268600824,1.0061361179573065,-0.3493630489094254,0.03399723037230158,0.02617801047120419,191,0.4,-0.16279196879661018,-0.017869167029857524,5,42,swing_union,22,xgb_2_500_0.05_0.9,500
0.02961838779745326,4.475229303064357,191,-0.008302254829048642,-1.741823974850201,0.23439696328247783,0.3319732700901581,-0.09757630680768026,-0.43547565089668455,0.8887712875135109,-0.3757158568119735,0.0341800192490097,0.02617801047120419,191,0.4,-0.2077123413499401,-0.017869167029857524,5,42,swing_union,22,xgb_2_500_0.05_0.9,750
0.02049469245013021,1.8204071508468236,191,0.005291623765534444,1.6968112127377484,0.19351801986676942,0.3319732700901581,-0.13845525022338867,-0.8722304422403051,1.1211149463104277,-0.1249124994644838,0.0294345476515049,0.020942408376963352,191,0.2,-0.18327709072877207,-0.1006006267452959,5,42,incumbent,14,equal,100
0.02934862332353779,3.057916616877824,191,0.0014620727679024192,0.4112601937121447,0.19711667624763418,0.3319732700901581,-0.1348565938425239,-0.5158457371537543,1.23733622512487,-0.17374948690066738,0.03384530122847421,0.04712041884816754,191,0.2,-0.168599274464572,-0.06070667331004331,5,42,incumbent,14,equal,200
0.05701709482737383,7.5127391433206965,191,0.016704668011760133,3.2176450827520275,0.2750898465712739,0.3319732700901581,-0.0568834235188842,-0.04528487245854265,1.82188443798463,-0.11787160261167628,0.04343600629872047,0.1551047120418848,191,0.4,-0.1412601447245282,-0.043052732944488414,5,42,incumbent,14,equal,500
0.0537389978139221,7.498971791237763,191,0.009833157146642112,1.9613167587166325,0.2782739886164327,0.3319732700901581,-0.05369928147372538,-0.049431541900775755,2.1354009677848076,-0.06848560960249017,0.03879185791650824,0.2755235602094241,191,0.4,-0.12380779085893767,-0.043052732944488414,5,42,incumbent,14,equal,750
0.02305105718231222,2.1504579253491993,191,0.007691506930280731,2.375631513839429,0.19834781180920058,0.3319732700901581,-0.1336254582809575,-0.879247053418913,1.1028846376095751,-0.16996993812670902,0.02554513881005341,0.015706806282722512,191,0.2,-0.18287590461465508,-0.09937038413476207,5,42,incumbent,14,ic_weighted,100
0.025836475914162778,2.7340662100546265,191,0.0073286452213624075,2.093817332567483,0.21033442938204927,0.3319732700901581,-0.12163884070810882,-0.45788990188694045,1.3564661334671018,-0.20537925622669606,0.02579196235666959,0.010471204188481676,191,0.2,-0.1486801385984171,-0.061929601524342126,5,42,incumbent,14,ic_weighted,200
0.0488382569813236,6.200468758346831,191,0.004434037695185364,0.9599610703470751,0.23032981416704823,0.3319732700901581,-0.10164345592310986,-0.31705783386269165,1.4680938521345939,-0.10786038721938107,0.037367009542675085,0.06282722513089005,191,0.4,-0.1818287992400902,-0.03050333261489868,5,42,incumbent,14,ic_weighted,500
0.048006057507036265,6.5036625812106825,191,0.0004045020701139385,0.0896205436087006,0.21243674264499846,0.3319732700901581,-0.11953652744515963,-0.44265481791876005,1.626404855377773,-0.12369067064083239,0.03524026611385081,0.1662303664921466,191,0.2,-0.15013798187086225,-0.06243768126116567,5,42,incumbent,14,ic_weighted,750
0.025405832639518657,2.821726200020601,191,0.007887175355438163,2.4299039920697227,0.2132352964849531,0.3319732700901581,-0.118737973605205,-0.7451164895354379,1.0477068682420103,-0.270698426117683,0.027871571331879272,0.010471204188481676,191,0.0,-0.14181119872350245,-0.04484647079355941,5,42,incumbent,14,ridge_20.0,100
0.01980121470781629,2.478201679587488,191,-0.00352938140069588,-0.9868931191411706,0.18361419236792953,0.3319732700901581,-0.14835907772222856,-0.9544406863873036,0.935883421684998,-0.19358605695018682,0.03208204166517361,0.020942408376963352,191,0.0,-0.17163051939004148,-0.06360258785037065,5,42,incumbent,14,ridge_20.0,200
0.06363723099070653,10.156855318340064,191,0.028208315206072365,5.519509333633253,0.3876187205526018,0.3319732700901581,0.055645450462443735,0.36509094083436366,1.5934052670015117,-0.21886673856729266,0.035749155053179216,0.11518324607329843,191,0.6,-0.10628101470071516,0.011897483337361514,5,42,incumbent,14,ridge_20.0,500
0.060261602717520756,10.022304016043426,191,0.02601802957619672,5.332836413719481,0.3683277670622971,0.3319732700901581,0.036354496972138994,0.23392605652776924,1.695039042896283,-0.13932185921008733,0.0351852348436329,0.18782722513089006,191,0.4,-0.041112391906984236,-0.022719450294971355,5,42,incumbent,14,ridge_20.0,750
0.026095085614341918,2.875819088658795,191,0.008446975801315607,2.5602910075698677,0.21622682109928104,0.3319732700901581,-0.11574644899087705,-0.7171993307237934,1.0619140447451096,-0.270698426117683,0.027675965843225785,0.010471204188481676,191,0.0,-0.13564115177478975,-0.04484647079355941,5,42,incumbent,14,ridge_200.0,100
0.020673515517955734,2.571339466145496,191,-0.003910843101305721,-1.0879549385714153,0.17201562236504153,0.3319732700901581,-0.15995764772511656,-1.0869453232353692,0.879626135878804,-0.2183539771172598,0.032101486380515326,0.020942408376963352,191,0.0,-0.1494147114760206,-0.09500823226048682,5,42,incumbent,14,ridge_200.0,200
0.06415477117020137,10.149163850750082,191,0.02835213375358272,5.416756766371966,0.3839853529066317,0.3319732700901581,0.052012082816473626,0.39012158370072025,1.6258667333082957,-0.22997692312805662,0.035607893917786855,0.1099476439790576,191,0.6,-0.11067030632220609,0.035379938108893505,5,42,incumbent,14,ridge_200.0,500
0.06077373363536191,10.01942755362109,191,0.02617144608060727,5.315194806297532,0.3763086865190468,0.3319732700901581,0.04433541642888872,0.3282967266116491,1.7673158079967957,-0.13932185921008733,0.035452918478897234,0.18259162303664922,191,0.4,-0.03767685240966423,-0.015581198036670574,5,42,incumbent,14,ridge_200.0,750
0.025783921626456006,2.827692558169702,191,0.009045316815785869,2.746371245987033,0.1698690141410064,0.3319732700901581,-0.16210425594915168,-1.045156589631442,0.8326227915821612,-0.31937256015195215,0.027701253805287165,0.005235602094240838,191,0.0,-0.14493444532095323,-0.109733511691531,5,42,incumbent,14,lasso_0.0005,100
0.021075504013898606,2.6071232048012845,191,-0.00321733661810258,-0.9405327484023268,0.20184499804059808,0.3319732700901581,-0.13012827204956,-0.8401924952048977,1.01066872741607,-0.2126443046311367,0.03246204132193035,0.010471204188481676,191,0.0,-0.1478956004307932,-0.0713252913375596,5,42,incumbent,14,lasso_0.0005,200
0.0640395194989025,10.102865813568537,191,0.02881377755240074,5.3714133370046495,0.4092819457148389,0.3319732700901581,0.0773086756246808,0.5049076130499304,1.718554119784934,-0.19928977811686677,0.03505189970117191,0.12041884816753927,191,0.6,-0.02692361921071995,0.023506913624415482,5,42,incumbent,14,lasso_0.0005,500
0.06052427264168742,9.948164110902146,191,0.026159269964390712,5.400644847694297,0.39878361276147856,0.3319732700901581,0.06681034267132047,0.428914895126358,1.8140383205464363,-0.13932185921008755,0.03555179007332431,0.18782722513089006,191,0.6,-0.02692361921071995,0.009542033225058644,5,42,incumbent,14,lasso_0.0005,750
0.03061815074422633,3.230435073707854,191,0.015822660048731178,4.485018394430334,0.22047621333661693,0.3319732700901581,-0.11149705675354116,-0.6436255202414914,1.072873080451112,-0.1770168685533906,0.02431737264591421,0.0,191,0.4,-0.20978679257853527,-0.014461152255535126,5,42,incumbent,14,pcr_8,100
0.0261245598653583,3.2995131444469687,191,0.0005536359169213248,0.15963492995820022,0.1648867000253822,0.3319732700901581,-0.1670865700647759,-1.0486869545415665,0.8184271321027519,-0.25959431509589803,0.029680143149972308,0.015706806282722512,191,0.0,-0.23114834122594918,-0.09869657518461039,5,42,incumbent,14,pcr_8,200
0.06201511994254987,9.204128150721992,191,0.0157710024672536,3.2967666132407842,0.3234133403957846,0.3319732700901581,-0.00855992969437347,0.0038135891833882816,1.5699942435994796,-0.10943134659178844,0.03897670356854244,0.12041884816753927,191,0.4,-0.22671263306759692,-0.006443529308437612,5,42,incumbent,14,pcr_8,500
0.058592906071597686,9.128706633714863,191,0.01689863998286855,3.53087301121862,0.3338540438273472,0.3319732700901581,0.0018807737371890898,0.03385959513229144,1.8417803500343735,-0.09874746184678485,0.034744239177914076,0.18717277486910994,191,0.4,-0.2114782066172839,-0.01757192611694325,5,42,incumbent,14,pcr_8,750
0.008952434457514135,1.067835922370889,191,0.0020368313953202434,0.5562487845883656,0.18246355546045612,0.3319732700901581,-0.14950971462970197,-0.921466063870277,0.8662036924408786,-0.24894064803491855,0.0267559984732516,0.015706806282722512,191,0.2,-0.2545087170630306,-0.041201230057905436,5,42,incumbent,14,xgb_3_300_0.05_0.8,100
0.004310475691323813,0.6324174148201409,191,-0.006456182401685814,-1.616751713828947,0.21456859504646641,0.3319732700901581,-0.11740467504369168,-0.740019701828945,0.9634283225961433,-0.29414667768483294,0.03176568264060652,0.010471204188481676,191,0.4,-0.16298397528441733,-0.10800566846174608,5,42,incumbent,14,xgb_3_300_0.05_0.8,200
0.04431129521553861,8.933446041405462,191,0.005234244786671007,1.208272756374982,0.32568862006755506,0.3319732700901581,-0.006284650022603033,-0.04014708102204687,1.4162183463259883,-0.22943845287310127,0.04634891549889621,0.041884816753926704,191,0.4,-0.18555504759375774,-0.03926890538779371,5,42,incumbent,14,xgb_3_300_0.05_0.8,500
0.04361146917603768,9.600086553947563,191,0.005247188973391712,1.2014166036324525,0.35659205263507365,0.3319732700901581,0.024618782544915563,0.15617575746243115,1.4897122250560695,-0.265453501918398,0.04748414701134095,0.05235602094240838,191,0.6,-0.17187313673932936,0.005584977567195892,5,42,incumbent,14,xgb_3_300_0.05_0.8,750
0.0002991475842716429,0.03730109093219018,191,0.007610287687970394,1.8822529477059313,0.2596090087104055,0.3319732700901581,-0.0723642613797526,-0.3622614915191428,1.230854632638143,-0.1438100823102949,0.02871168213112565,0.020942408376963352,191,0.4,-0.1875906306828744,-0.02017422765493393,5,42,incumbent,14,xgb_4_400_0.05_0.8,100
0.003952669744312036,0.6020535538736826,191,0.00014528488320986015,0.03247049740125931,0.2024617511199276,0.3319732700901581,-0.1295115189702305,-0.8083130722248529,0.9266112749768833,-0.2897400644476138,0.03119970035981829,0.02617801047120419,191,0.2,-0.2243347557538412,-0.09707471075697871,5,42,incumbent,14,xgb_4_400_0.05_0.8,200
0.03585493786702442,7.875048021466535,191,0.012245762627571821,2.785873149574231,0.3657781557158126,0.3319732700901581,0.033804885625654535,0.2712437392318461,1.5093828247021854,-0.23512304717554866,0.04196394588204582,0.02617801047120419,191,0.2,-0.10265142663799232,-0.025454135014867152,5,42,incumbent,14,xgb_4_400_0.05_0.8,500
0.03515883078473629,8.045973300588551,191,0.012125394593543953,2.723339180462492,0.33223539208686015,0.3319732700901581,0.00026212199670205827,0.047061677987210844,1.4586011634252876,-0.25044850318978085,0.04715134938960461,0.05759162303664921,191,0.2,-0.16300671734618277,-0.05386817487784712,5,42,incumbent,14,xgb_4_400_0.05_0.8,750
0.009781965190385752,1.2457197481106457,191,-0.00025391372418060354,-0.0820002198905598,0.23321280545358714,0.3319732700901581,-0.09876046463657095,-0.639266629927594,1.100964873734655,-0.19831938978000985,0.027429958232229594,0.005235602094240838,191,0.2,-0.1280304580733651,-0.0772360274788888,5,42,incumbent,14,xgb_2_500_0.05_0.9,100
0.00506480607055179,0.7748424902707024,191,-0.005437234877389295,-1.5669559375616189,0.2177848809139724,0.3319732700901581,-0.11418838917618568,-0.7486261618165863,0.954190117217732,-0.24082532569892967,0.027982389470410294,0.005235602094240838,191,0.4,-0.1553270827025106,-0.05891465107078586,5,42,incumbent,14,xgb_2_500_0.05_0.9,200
0.048976264133056634,9.70900397964651,191,0.016456512758064607,3.6608041125710193,0.3914960459412098,0.3319732700901581,0.0595227758510517,0.3999614322063964,1.5964757386270807,-0.22430644788500742,0.041106100882051674,0.08900523560209424,191,0.6,-0.11177966530793182,0.03231601975572551,5,42,incumbent,14,xgb_2_500_0.05_0.9,500
0.048055889474920475,10.415846946991353,191,0.015021533577298228,3.421538516012287,0.31583372638192975,0.3319732700901581,-0.016139543708228343,-0.08197688086457418,1.374060868523753,-0.25230917968717226,0.04186250665101114,0.08900523560209424,191,0.2,-0.08736741796458736,-0.025003962218761333,5,42,incumbent,14,xgb_2_500_0.05_0.9,750
