cand,fset,h,how,filt,gate,univ,topk,topk_t,ann,bench,excess,ir,sharpe,maxdd,cost,cash,hold,yr_pos,y2020,y2021,y2022,y2023,y2024
surv10,surv10,10,equal,none,always,500,0.002947588765696715,1.53102491603911,0.27271768179977696,0.29716493118767007,-0.02444724938789311,-0.12180290172579163,1.061949402046618,-0.4023991770374813,0.05456251104930967,1.1102230246251565e-16,30.0,0.4,0.014863033646278279,-0.16488151938670348,0.15766079213124295,-0.08476337493434805,-0.01835240069858024
surv10,surv10,10,equal,none,ma200,500,0.002947588765696715,1.53102491603911,0.17482543293380504,0.29716493118767007,-0.12233949825386503,-0.735228109331899,0.8515225080938648,-0.29268743536212494,0.04994945142057506,0.12000000000000002,30.0,0.0,-0.19254616699324312,-0.1648815193867036,-0.029629911380626095,-0.10520201914891214,-0.018352400698581572
surv10,surv10,10,equal,none,vol_calm,500,0.002947588765696715,1.53102491603911,0.18590807977524482,0.29716493118767007,-0.11125685141242525,-0.6977139981384067,0.84353822586513,-0.3710826124745258,0.05213456896340613,0.07063829787234051,30.0,0.2,-0.11580194968660007,-0.19092485958628302,0.0005840673250452344,-0.1377784581335958,-0.00045288058369574724
surv10,surv10,10,equal,none,always,750,0.002947588765696715,1.53102491603911,0.27099907481090657,0.29716493118767007,-0.026165856376763497,-0.12907194043471568,1.0497413557093345,-0.4023991770374813,0.05832114849482846,1.1102230246251565e-16,20.0,0.6,0.014863033646278279,-0.1580945082186369,0.17144996065301044,-0.14011742565232432,0.02105206901625123
surv10,surv10,10,equal,none,ma200,750,0.002947588765696715,1.53102491603911,0.17042692953952732,0.29716493118767007,-0.12673800164814275,-0.7655210363129771,0.8247093776026522,-0.29268743536212494,0.05380137273956208,0.11659574468085109,20.0,0.2,-0.19254616699324312,-0.1580945082186369,-0.028732376094307455,-0.15931985220926947,0.021052069016251895
surv10,surv10,10,equal,none,vol_calm,750,0.002947588765696715,1.53102491603911,0.19067415085327566,0.29716493118767007,-0.10649078033439441,-0.6649147566673597,0.8544563024539445,-0.3710826124745258,0.05447935634163648,0.07319148936170222,20.0,0.4,-0.11580194968660007,-0.18434950274618456,0.0138264736888003,-0.17404995013516456,0.04367206472972729
surv10,surv10,10,equal,above50dma,always,500,0.002947588765696715,1.53102491603911,0.3086470312918832,0.29716493118767007,0.011482100104213133,0.07225551094317363,1.3085785600271613,-0.36400167700629016,0.04813620823195294,0.028085106382978828,30.0,0.4,-0.011928798800048157,-0.043213009231028554,0.11430632167385824,-0.06355805833665851,0.019404506123251952
surv10,surv10,10,equal,above50dma,ma200,500,0.002947588765696715,1.53102491603911,0.24266475177289792,0.29716493118767007,-0.05450017941477214,-0.3428459978257605,1.1566325006573086,-0.3060354596980889,0.045770570792243136,0.11829787234042555,30.0,0.2,-0.10175610259247059,-0.043213009231028665,-0.0815919485082538,-0.04731980501160671,0.019404506123253062
surv10,surv10,10,equal,above50dma,vol_calm,500,0.002947588765696715,1.53102491603911,0.2881146062436093,0.29716493118767007,-0.009050324944060772,-0.06280991261511212,1.2643104491399357,-0.3630681644708733,0.04654697825180066,0.08595744680851072,30.0,0.4,-0.08690044122339025,-0.04807266632734353,0.02768185440996107,-0.06373281817139786,0.10700733681444174
surv10,surv10,10,equal,above50dma,always,750,0.002947588765696715,1.53102491603911,0.3064634271013231,0.29716493118767007,0.00929849591365306,0.055693832873887204,1.3113740197500259,-0.36400167700629016,0.05077284538179441,0.03319148936170223,30.0,0.2,-0.011928798800048157,-0.04045284310422148,0.11144968913596753,-0.045735185434779835,-0.008789251280557742
surv10,surv10,10,equal,above50dma,ma200,750,0.002947588765696715,1.53102491603911,0.23812519031585078,0.29716493118767007,-0.05903974087181929,-0.3799788032823171,1.1491008442056094,-0.3060354596980889,0.047965343594896216,0.12425531914893619,30.0,0.0,-0.10175610259247059,-0.040452843104221925,-0.047834589000738004,-0.07448652082142226,-0.00878925128055763
surv10,surv10,10,equal,above50dma,vol_calm,750,0.002947588765696715,1.53102491603911,0.2850772478470365,0.29716493118767007,-0.012087683340633593,-0.07993812360997453,1.2514956610464674,-0.3630681644708733,0.04812422009917701,0.09361702127659582,30.0,0.4,-0.08690044122339025,-0.06023220755905334,0.01940982663687163,-0.041789183036015976,0.09205924561259504
surv10,surv10,10,equal,trend_abs,always,500,0.002947588765696715,1.53102491603911,0.3086470312918832,0.29716493118767007,0.011482100104213133,0.07225551094317363,1.3085785600271613,-0.36400167700629016,0.04813620823195294,0.028085106382978828,30.0,0.4,-0.011928798800048157,-0.043213009231028554,0.11430632167385824,-0.06355805833665851,0.019404506123251952
surv10,surv10,10,equal,trend_abs,ma200,500,0.002947588765696715,1.53102491603911,0.24266475177289792,0.29716493118767007,-0.05450017941477214,-0.3428459978257605,1.1566325006573086,-0.3060354596980889,0.045770570792243136,0.11829787234042555,30.0,0.2,-0.10175610259247059,-0.043213009231028665,-0.0815919485082538,-0.04731980501160671,0.019404506123253062
surv10,surv10,10,equal,trend_abs,vol_calm,500,0.002947588765696715,1.53102491603911,0.2881146062436093,0.29716493118767007,-0.009050324944060772,-0.06280991261511212,1.2643104491399357,-0.3630681644708733,0.04654697825180066,0.08595744680851072,30.0,0.4,-0.08690044122339025,-0.04807266632734353,0.02768185440996107,-0.06373281817139786,0.10700733681444174
surv10,surv10,10,equal,trend_abs,always,750,0.002947588765696715,1.53102491603911,0.3064634271013231,0.29716493118767007,0.00929849591365306,0.055693832873887204,1.3113740197500259,-0.36400167700629016,0.05077284538179441,0.03319148936170223,30.0,0.2,-0.011928798800048157,-0.04045284310422148,0.11144968913596753,-0.045735185434779835,-0.008789251280557742
surv10,surv10,10,equal,trend_abs,ma200,750,0.002947588765696715,1.53102491603911,0.23812519031585078,0.29716493118767007,-0.05903974087181929,-0.3799788032823171,1.1491008442056094,-0.3060354596980889,0.047965343594896216,0.12425531914893619,30.0,0.0,-0.10175610259247059,-0.040452843104221925,-0.047834589000738004,-0.07448652082142226,-0.00878925128055763
surv10,surv10,10,equal,trend_abs,vol_calm,750,0.002947588765696715,1.53102491603911,0.2850772478470365,0.29716493118767007,-0.012087683340633593,-0.07993812360997453,1.2514956610464674,-0.3630681644708733,0.04812422009917701,0.09361702127659582,30.0,0.4,-0.08690044122339025,-0.06023220755905334,0.01940982663687163,-0.041789183036015976,0.09205924561259504
surv10,surv10,10,ridge,none,always,500,-0.0015955928413670653,-0.9392449774536522,0.22291259091727422,0.29716493118767007,-0.07425234027039584,-0.5640315845117003,1.0391580528936366,-0.41680979941479157,0.0320954431981559,1.1102230246251565e-16,40.0,0.2,-0.20272659093241718,-0.014878934662432064,0.02454850489681082,-0.06392771321506063,-0.05121524144859524
surv10,surv10,10,ridge,none,ma200,500,-0.0015955928413670653,-0.9392449774536522,0.17085382705508878,0.29716493118767007,-0.1263111041325813,-0.844844423859352,0.9083640855877116,-0.3406564649323688,0.02943454746196326,0.0961702127659575,35.0,0.0,-0.33910045461739224,-0.00218890523072357,-0.04557617606673081,-0.05694875163009616,-0.05121524144859424
surv10,surv10,10,ridge,none,vol_calm,500,-0.0015955928413670653,-0.9392449774536522,0.17139301229520032,0.29716493118767007,-0.12577191889246975,-0.863628244822781,0.881076796753217,-0.36534800258140665,0.029927361912208666,0.06893617021276605,40.0,0.0,-0.3217437010571308,-0.024521902912751026,-0.002795730554815412,-0.06958562361404519,-0.0705467930532131
surv10,surv10,10,ridge,none,always,750,-0.0015955928413670653,-0.9392449774536522,0.21254852029947413,0.29716493118767007,-0.08461641088819594,-0.6274834122420061,0.984438958590015,-0.41680979941479157,0.035267193290326224,1.1102230246251565e-16,30.0,0.2,-0.20272659093241718,-0.014210553757788125,0.02711849988999182,-0.08703148713187103,-0.06533891475346354
surv10,surv10,10,ridge,none,ma200,750,-0.0015955928413670653,-0.9392449774536522,0.150734647721408,0.29716493118767007,-0.14643028346626208,-0.968406148343123,0.8009707579256031,-0.3406564649323688,0.03333467626962212,0.09957446808510641,30.0,0.0,-0.33910045461739224,-0.0015119144468966894,-0.046398424259266324,-0.1144190810721798,-0.06533891475346432
surv10,surv10,10,ridge,none,vol_calm,750,-0.0015955928413670653,-0.9392449774536522,0.1652044298754063,0.29716493118767007,-0.13196050131226378,-0.8889867612715584,0.855122998828355,-0.36534800258140665,0.032804849228913115,0.07489361702127667,30.0,0.0,-0.3217437010571308,-0.030539027679086228,-0.04291147416887342,-0.0783169127549257,-0.042126223368932014
surv10,surv10,10,ridge,above50dma,always,500,-0.0015955928413670653,-0.9392449774536522,0.1962628231584005,0.29716493118767007,-0.10090210802926958,-0.6213620894519429,1.0236552102927736,-0.3090061147569281,0.02979766625954235,0.010212765957446917,40.0,0.2,-0.23455477510806355,0.04770134290771999,-0.029301350959384576,-0.10193680540538919,-0.09363093543959355
surv10,surv10,10,ridge,above50dma,ma200,500,-0.0015955928413670653,-0.9392449774536522,0.17732002815596948,0.29716493118767007,-0.11984490303170059,-0.7571915813240457,0.982005481317457,-0.30048419149684946,0.0289265957304449,0.08765957446808514,40.0,0.2,-0.23124906745502338,0.029998844432596705,-0.09943241087762189,-0.09712819391073757,-0.09363093543959333
surv10,surv10,10,ridge,above50dma,vol_calm,500,-0.0015955928413670653,-0.9392449774536522,0.1817377702879328,0.29716493118767007,-0.11542716089973726,-0.6891179518620298,0.9709420772124574,-0.3090061147569281,0.028313738796454355,0.06468085106382987,40.0,0.2,-0.2830198590649444,0.0407975028054679,-0.011931489579712795,-0.11248688096689285,-0.09094106084029518
surv10,surv10,10,ridge,above50dma,always,750,-0.0015955928413670653,-0.9392449774536522,0.19369834251663098,0.29716493118767007,-0.10346658867103908,-0.633213963822763,1.0058014348551902,-0.3090061147569281,0.03410321438738309,0.011489361702127766,30.0,0.2,-0.23455477510806355,0.05112614899014867,-0.03794497098379446,-0.1436792452699185,-0.0524030533253963
surv10,surv10,10,ridge,above50dma,ma200,750,-0.0015955928413670653,-0.9392449774536522,0.17434113747325575,0.29716493118767007,-0.12282379371441432,-0.7697907717579663,0.9627527072990564,-0.30048419149684946,0.0324069928986936,0.09574468085106386,30.0,0.2,-0.23124906745502338,0.03336578323742723,-0.11045077645079948,-0.13828852494653865,-0.052403053325396076
surv10,surv10,10,ridge,above50dma,vol_calm,750,-0.0015955928413670653,-0.9392449774536522,0.170366487627156,0.29716493118767007,-0.12679844356051406,-0.7531798833954562,0.9223197087474614,-0.3090061147569281,0.03138676840312949,0.06936170212765966,30.0,0.2,-0.2830198590649444,0.044199741088652544,-0.035843566672474236,-0.14384759832197058,-0.08103722900552912
surv10,surv10,10,ridge,trend_abs,always,500,-0.0015955928413670653,-0.9392449774536522,0.1962628231584005,0.29716493118767007,-0.10090210802926958,-0.6213620894519429,1.0236552102927736,-0.3090061147569281,0.02979766625954235,0.010212765957446917,40.0,0.2,-0.23455477510806355,0.04770134290771999,-0.029301350959384576,-0.10193680540538919,-0.09363093543959355
surv10,surv10,10,ridge,trend_abs,ma200,500,-0.0015955928413670653,-0.9392449774536522,0.17732002815596948,0.29716493118767007,-0.11984490303170059,-0.7571915813240457,0.982005481317457,-0.30048419149684946,0.0289265957304449,0.08765957446808514,40.0,0.2,-0.23124906745502338,0.029998844432596705,-0.09943241087762189,-0.09712819391073757,-0.09363093543959333
surv10,surv10,10,ridge,trend_abs,vol_calm,500,-0.0015955928413670653,-0.9392449774536522,0.1806387808629546,0.29716493118767007,-0.11652615032471547,-0.6952879567363742,0.9658004313575279,-0.3090061147569281,0.02787742891141993,0.06468085106382987,40.0,0.2,-0.286146706856772,0.04079750280546768,-0.011931489579713461,-0.11248688096689219,-0.09094106084029563
surv10,surv10,10,ridge,trend_abs,always,750,-0.0015955928413670653,-0.9392449774536522,0.19369834251663098,0.29716493118767007,-0.10346658867103908,-0.633213963822763,1.0058014348551902,-0.3090061147569281,0.03410321438738309,0.011489361702127766,30.0,0.2,-0.23455477510806355,0.05112614899014867,-0.03794497098379446,-0.1436792452699185,-0.0524030533253963
surv10,surv10,10,ridge,trend_abs,ma200,750,-0.0015955928413670653,-0.9392449774536522,0.17434113747325575,0.29716493118767007,-0.12282379371441432,-0.7697907717579663,0.9627527072990564,-0.30048419149684946,0.0324069928986936,0.09574468085106386,30.0,0.2,-0.23124906745502338,0.03336578323742723,-0.11045077645079948,-0.13828852494653865,-0.052403053325396076
surv10,surv10,10,ridge,trend_abs,vol_calm,750,-0.0015955928413670653,-0.9392449774536522,0.16927807323811805,0.29716493118767007,-0.127886857949552,-0.759311613741042,0.9171646946442469,-0.3090061147569281,0.03095045851809506,0.06936170212765966,30.0,0.2,-0.286146706856772,0.0441997410886521,-0.03584356667247324,-0.14384759832197003,-0.08103722900552957
surv10,surv10,21,equal,none,always,500,0.003995791816280908,1.4108054356535726,0.31186871348741385,0.29716493118767007,0.014703782299743784,0.09276162977481663,1.1902431196740824,-0.4023991770374813,0.05295913028019482,1.1102230246251565e-16,30.0,0.2,-0.0049631248332723255,-0.03527014103081538,0.17684381892369494,-0.08476337493434849,-0.018352400698580573
surv10,surv10,21,equal,none,ma200,500,0.003995791816280908,1.4108054356535726,0.21069654461570608,0.29716493118767007,-0.08646838657196398,-0.534525507621452,1.005189348924784,-0.29268743536212494,0.048463940092362365,0.12085106382978726,30.0,0.0,-0.2083206075990578,-0.03527014103081516,-0.014138590637398418,-0.10520201914891325,-0.01835240069858013
surv10,surv10,21,equal,none,vol_calm,500,0.003995791816280908,1.4108054356535726,0.23512196066528368,0.29716493118767007,-0.06204297052238639,-0.394964329630692,1.0249440375447536,-0.3710826124745258,0.05138498393081437,0.07148936170212776,30.0,0.2,-0.104602093681738,-0.040225441333946343,0.008668500365365928,-0.1377784581335958,-0.00045288058369519213
surv10,surv10,21,equal,none,always,750,0.003995791816280908,1.4108054356535726,0.30214925778251245,0.29716493118767007,0.004984326594842381,0.028495357434613382,1.18724832227802,-0.4023991770374813,0.05693293898817285,1.1102230246251565e-16,22.5,0.4,-0.0049631248332723255,-0.0846163140889532,0.2219064298600557,-0.14011742565232466,0.02105206901625123
surv10,surv10,21,equal,none,ma200,750,0.003995791816280908,1.4108054356535726,0.18876763569063404,0.29716493118767007,-0.10839729549703603,-0.6773572023551055,0.9255512946426734,-0.29268743536212494,0.05253360424938268,0.11914893617021279,20.0,0.2,-0.2083206075990578,-0.08461631408895309,-0.02524218377691767,-0.15931985220926947,0.021052069016251895
surv10,surv10,21,equal,none,vol_calm,750,0.003995791816280908,1.4108054356535726,0.2188705548402905,0.29716493118767007,-0.07829437634737957,-0.49967672355352805,0.9723293206826006,-0.3710826124745258,0.053519199342052515,0.07659574468085116,20.0,0.4,-0.104602093681738,-0.09382786328958215,0.001839494049826973,-0.17404995013516478,0.043672064729726845
surv10,surv10,21,equal,above50dma,always,500,0.003995791816280908,1.4108054356535726,0.289242766354753,0.29716493118767007,-0.007922164832917078,-0.05826325997623493,1.272801385018339,-0.36400167700629016,0.04546686469187711,0.02212765957446819,30.0,0.4,-0.04577701036556858,-0.09865037003482413,0.13232947378193405,-0.06355805833665873,0.019404506123252174
surv10,surv10,21,equal,above50dma,ma200,500,0.003995791816280908,1.4108054356535726,0.23413626220586292,0.29716493118767007,-0.06302866898180715,-0.3975035692281421,1.1561546659794382,-0.3060354596980889,0.04313638313410173,0.11234042553191492,30.0,0.2,-0.1328108769584937,-0.09865037003482346,-0.03022180420749032,-0.04731980501160682,0.019404506123251286
surv10,surv10,21,equal,above50dma,vol_calm,500,0.003995791816280908,1.4108054356535726,0.28694652675934385,0.29716493118767007,-0.010218404428326222,-0.07387405915527766,1.27612202372983,-0.3630681644708733,0.044114345332112816,0.08000000000000008,30.0,0.4,-0.0938052035237803,-0.08227256475996192,0.06471468571377081,-0.06373281817139786,0.10700733681444152
surv10,surv10,21,equal,above50dma,always,750,0.003995791816280908,1.4108054356535726,0.2854645389436101,0.29716493118767007,-0.011700392244059943,-0.08467474596326328,1.2646621101831776,-0.36400167700629016,0.048872542238674314,0.027234042553191593,30.0,0.2,-0.04577701036556858,-0.11286239182728697,0.14488841084153514,-0.04573518543477917,-0.008789251280557742
surv10,surv10,21,equal,above50dma,ma200,750,0.003995791816280908,1.4108054356535726,0.2181006221038777,0.29716493118767007,-0.07906430908379236,-0.49887211295405337,1.0956882389468554,-0.3060354596980889,0.04609025601159583,0.12000000000000001,30.0,0.0,-0.1328108769584937,-0.11286239182728663,-0.019465762256155705,-0.07448652082142171,-0.00878925128055763
surv10,surv10,21,equal,above50dma,vol_calm,750,0.003995791816280908,1.4108054356535726,0.28312182158368215,0.29716493118767007,-0.014043109603987913,-0.09611157805028611,1.261483406948924,-0.3630681644708733,0.04636159440313711,0.08680851063829795,30.0,0.4,-0.0938052035237803,-0.09663349571425162,0.05614457287890273,-0.041789183036015976,0.09205924561259393
surv10,surv10,21,equal,trend_abs,always,500,0.003995791816280908,1.4108054356535726,0.289242766354753,0.29716493118767007,-0.007922164832917078,-0.05826325997623493,1.272801385018339,-0.36400167700629016,0.04546686469187711,0.02212765957446819,30.0,0.4,-0.04577701036556858,-0.09865037003482413,0.13232947378193405,-0.06355805833665873,0.019404506123252174
surv10,surv10,21,equal,trend_abs,ma200,500,0.003995791816280908,1.4108054356535726,0.23413626220586292,0.29716493118767007,-0.06302866898180715,-0.3975035692281421,1.1561546659794382,-0.3060354596980889,0.04313638313410173,0.11234042553191492,30.0,0.2,-0.1328108769584937,-0.09865037003482346,-0.03022180420749032,-0.04731980501160682,0.019404506123251286
surv10,surv10,21,equal,trend_abs,vol_calm,500,0.003995791816280908,1.4108054356535726,0.28694652675934385,0.29716493118767007,-0.010218404428326222,-0.07387405915527766,1.27612202372983,-0.3630681644708733,0.044114345332112816,0.08000000000000008,30.0,0.4,-0.0938052035237803,-0.08227256475996192,0.06471468571377081,-0.06373281817139786,0.10700733681444152
surv10,surv10,21,equal,trend_abs,always,750,0.003995791816280908,1.4108054356535726,0.2854645389436101,0.29716493118767007,-0.011700392244059943,-0.08467474596326328,1.2646621101831776,-0.36400167700629016,0.048872542238674314,0.027234042553191593,30.0,0.2,-0.04577701036556858,-0.11286239182728697,0.14488841084153514,-0.04573518543477917,-0.008789251280557742
surv10,surv10,21,equal,trend_abs,ma200,750,0.003995791816280908,1.4108054356535726,0.2181006221038777,0.29716493118767007,-0.07906430908379236,-0.49887211295405337,1.0956882389468554,-0.3060354596980889,0.04609025601159583,0.12000000000000001,30.0,0.0,-0.1328108769584937,-0.11286239182728663,-0.019465762256155705,-0.07448652082142171,-0.00878925128055763
surv10,surv10,21,equal,trend_abs,vol_calm,750,0.003995791816280908,1.4108054356535726,0.28312182158368215,0.29716493118767007,-0.014043109603987913,-0.09611157805028611,1.261483406948924,-0.3630681644708733,0.04636159440313711,0.08680851063829795,30.0,0.4,-0.0938052035237803,-0.09663349571425162,0.05614457287890273,-0.041789183036015976,0.09205924561259393
surv10,surv10,21,ridge,none,always,500,-0.004945523114330561,-1.696512613086679,0.22454243164627496,0.29716493118767007,-0.0726224995413951,-0.5009889213436076,0.9924315108836155,-0.4005836940316365,0.028901142232261923,1.1102230246251565e-16,40.0,0.2,-0.19554374325116297,-0.012284822832682396,-0.03932727489777765,-0.07276154510987864,0.025135357858656615
surv10,surv10,21,ridge,none,ma200,500,-0.004945523114330561,-1.696512613086679,0.15296866711714197,0.29716493118767007,-0.1441962640705281,-0.8936511702876427,0.7705670236609735,-0.3334339313020468,0.026158797045176374,0.09361702127659577,40.0,0.4,-0.35624731833155265,0.011543707358833144,-0.12152561126675454,-0.09875547850321276,0.02585521050140005
surv10,surv10,21,ridge,none,vol_calm,500,-0.004945523114330561,-1.696512613086679,0.15305303626999556,0.29716493118767007,-0.1441118949176745,-0.9617672087606607,0.7436604943476837,-0.3583457304089266,0.026384898184745476,0.051063829787234144,40.0,0.2,-0.3035006330057263,0.03822949441699075,-0.0769536844536366,-0.07817530004650275,-0.12415034415019044
surv10,surv10,21,ridge,none,always,750,-0.004945523114330561,-1.696512613086679,0.22409709371760367,0.29716493118767007,-0.0730678374700664,-0.516532774120823,0.9910992177330488,-0.4005836940316365,0.029380342835823362,1.1102230246251565e-16,40.0,0.2,-0.19554374325116297,-0.024310977602447714,-0.04262688093980738,-0.08628100990083654,0.056446126250282
surv10,surv10,21,ridge,none,ma200,750,-0.004945523114330561,-1.696512613086679,0.15090553095285464,0.29716493118767007,-0.14625940023481543,-0.9125850538663298,0.7599178287277206,-0.3334339313020468,0.026129376766542135,0.09531914893617023,40.0,0.2,-0.35624731833155265,-0.0007821470189359747,-0.11823788190811013,-0.12382009201980004,0.056446126250282
surv10,surv10,21,ridge,none,vol_calm,750,-0.004945523114330561,-1.696512613086679,0.16901325817569135,0.29716493118767007,-0.12815167301197872,-0.8635099563460099,0.8144874685573024,-0.3583457304089266,0.026412674427394707,0.0502127659574469,40.0,0.2,-0.3035006330057263,0.02557846859794588,-0.0568138625667981,-0.10713957173302902,-0.045747854745869065
surv10,surv10,21,ridge,above50dma,always,500,-0.004945523114330561,-1.696512613086679,0.16091990741306472,0.29716493118767007,-0.13624502377460534,-0.8162006845390217,0.7965445852300734,-0.3432438697352843,0.02663764333746389,0.0068085106382979824,40.0,0.2,-0.1724601164603382,-0.028494249513150383,-0.14599832311036254,-0.16113210155804147,0.009807921382927187
surv10,surv10,21,ridge,above50dma,ma200,500,-0.004945523114330561,-1.696512613086679,0.13158378931548675,0.29716493118767007,-0.1655811418721833,-0.9457779972390593,0.6975493765958094,-0.33487969621440616,0.022648749912912283,0.08510638297872344,50.0,0.2,-0.26089677535535893,-0.04602741907529728,-0.1668627917536062,-0.15763288507055473,0.02498614195399229
surv10,surv10,21,ridge,above50dma,vol_calm,500,-0.004945523114330561,-1.696512613086679,0.09771532424733653,0.29716493118767007,-0.19944960694033353,-1.214654059652546,0.5402448502536451,-0.3432438697352843,0.02475739059342862,0.049361702127659654,40.0,0.0,-0.25572638042586526,-0.039688432638755655,-0.16329605608367048,-0.1402081507374584,-0.13292741651704376
surv10,surv10,21,ridge,above50dma,always,750,-0.004945523114330561,-1.696512613086679,0.16362416508313626,0.29716493118767007,-0.1335407661045338,-0.8145894230168489,0.8051283877164894,-0.3432438697352843,0.027393151809270034,0.0068085106382979824,40.0,0.2,-0.1724601164603382,-0.028494249513150383,-0.15076656662936772,-0.160358808263541,0.02817243098146549
surv10,surv10,21,ridge,above50dma,ma200,750,-0.004945523114330561,-1.696512613086679,0.14173561237131294,0.29716493118767007,-0.15542931881635713,-0.8973327870683389,0.7386210457669251,-0.33487969621440616,0.022903508703892093,0.08851063829787237,45.0,0.2,-0.26089677535535893,-0.04602741907529728,-0.16729593988333502,-0.10342380621469538,0.006995173141530531
surv10,surv10,21,ridge,above50dma,vol_calm,750,-0.004945523114330561,-1.696512613086679,0.12110128622075189,0.29716493118767007,-0.17606364496691818,-1.0781959436542268,0.6404460850810214,-0.3432438697352843,0.025147856311532806,0.051914893617021354,40.0,0.0,-0.25572638042586526,-0.039688432638755655,-0.1667437142225332,-0.16378869729592427,-0.01179602823359438
surv10,surv10,21,ridge,trend_abs,always,500,-0.004945523114330561,-1.696512613086679,0.16672043116613477,0.29716493118767007,-0.1304445000215353,-0.7841935177428171,0.8193325780805615,-0.3432438697352843,0.025983684254201913,0.0068085106382979824,40.0,0.2,-0.1758467878806198,-0.028494249513150827,-0.1215968811367798,-0.1611321015580418,0.009807921382926743
surv10,surv10,21,ridge,trend_abs,ma200,500,-0.004945523114330561,-1.696512613086679,0.13158378931548675,0.29716493118767007,-0.1655811418721833,-0.9457779972390593,0.6975493765958094,-0.33487969621440616,0.022648749912912283,0.08510638297872344,50.0,0.2,-0.26089677535535893,-0.04602741907529728,-0.1668627917536062,-0.15763288507055473,0.02498614195399229
surv10,surv10,21,ridge,trend_abs,vol_calm,500,-0.004945523114330561,-1.696512613086679,0.10315935138091681,0.29716493118767007,-0.19400557980675326,-1.1806557229767891,0.562743571728817,-0.3432438697352843,0.023930977781455243,0.049361702127659654,40.0,0.0,-0.258980012757131,-0.03968843263875477,-0.13946831311025987,-0.14020815073745851,-0.1329274165170431
surv10,surv10,21,ridge,trend_abs,always,750,-0.004945523114330561,-1.696512613086679,0.16943820063038695,0.29716493118767007,-0.12772673055728312,-0.7820174164446506,0.8278371950262927,-0.3432438697352843,0.02673919272600805,0.0068085106382979824,40.0,0.2,-0.1758467878806198,-0.028494249513150827,-0.1265013679685253,-0.1603588082635411,0.028172430981464824
surv10,surv10,21,ridge,trend_abs,ma200,750,-0.004945523114330561,-1.696512613086679,0.14173561237131294,0.29716493118767007,-0.15542931881635713,-0.8973327870683389,0.7386210457669251,-0.33487969621440616,0.022903508703892093,0.08851063829787237,45.0,0.2,-0.26089677535535893,-0.04602741907529728,-0.16729593988333502,-0.10342380621469538,0.006995173141530531
surv10,surv10,21,ridge,trend_abs,vol_calm,750,-0.004945523114330561,-1.696512613086679,0.12666129407238857,0.29716493118767007,-0.1705036371152815,-1.0434172065370113,0.6629717654156804,-0.3432438697352843,0.02432144349955943,0.051914893617021354,40.0,0.0,-0.258980012757131,-0.03968843263875477,-0.14301415402044737,-0.16378869729592416,-0.011796028233594047
surv10,surv10,42,equal,none,always,500,0.0013767004995814203,0.36640012748437945,0.32366250644820327,0.29716493118767007,0.0264975752605332,0.1529906795855725,1.2520176761463198,-0.4023991770374813,0.04993541955244882,1.1102230246251565e-16,30.0,0.4,-0.0049631248332723255,-0.030401501647622453,0.13479444421121967,-0.0847633749343486,0.052863676364026
surv10,surv10,42,equal,none,ma200,500,0.0013767004995814203,0.36640012748437945,0.2266268947081893,0.29716493118767007,-0.07053803647948076,-0.46410006678036003,1.0896315631362021,-0.29268743536212494,0.04650161893499711,0.10638297872340428,30.0,0.2,-0.2083206075990578,-0.030401501647622342,-0.029065546936695608,-0.10520201914891258,0.052863676364026224
surv10,surv10,42,equal,none,vol_calm,500,0.0013767004995814203,0.36640012748437945,0.23958799077170467,0.29716493118767007,-0.057576940415965394,-0.3739118662454086,1.0484023782321712,-0.3710826124745258,0.04897560460569098,0.06893617021276605,30.0,0.2,-0.104602093681738,-0.03538180954224346,0.07705856103371822,-0.13777845813359524,-0.054102518455966475
surv10,surv10,42,equal,none,always,750,0.0013767004995814203,0.36640012748437945,0.28699398451811775,0.29716493118767007,-0.010170946669552317,-0.0504519452825784,1.1190710414656402,-0.4023991770374813,0.05305394641046149,1.1102230246251565e-16,30.0,0.4,-0.0049631248332723255,-0.06734992405131945,0.14560215440202984,-0.1401174256523232,0.0175548642216512
surv10,surv10,42,equal,none,ma200,750,0.0013767004995814203,0.36640012748437945,0.18583075656471082,0.29716493118767007,-0.11133417462295925,-0.7060732372885784,0.9026447017421754,-0.29268743536212494,0.05018936719904631,0.10808510638297876,30.0,0.2,-0.2083206075990578,-0.06734992405131912,-0.04655501675967699,-0.15931985220926903,0.017554864221651867
surv10,surv10,42,equal,none,vol_calm,750,0.0013767004995814203,0.36640012748437945,0.2388354172345204,0.29716493118767007,-0.05832951395314967,-0.37314979591600655,1.0371503343892297,-0.3710826124745258,0.051032261094595445,0.07319148936170222,30.0,0.4,-0.104602093681738,-0.07673522574917668,0.06995148518661565,-0.174049950135166,0.0375481562821709
surv10,surv10,42,equal,above50dma,always,500,0.0013767004995814203,0.36640012748437945,0.262655605713785,0.29716493118767007,-0.03450932547388508,-0.21838938147084574,1.1620055677632302,-0.36400167700629016,0.0444253831687708,0.020425531914893724,30.0,0.4,-0.04577701036556858,-0.11083759325110665,0.017645095009745537,-0.06355805833665895,0.04652973839510022
surv10,surv10,42,equal,above50dma,ma200,500,0.0013767004995814203,0.36640012748437945,0.21739422999614466,0.29716493118767007,-0.0797707011915254,-0.4964568934542147,1.0638201501563112,-0.3060354596980889,0.04281264538310716,0.10127659574468088,30.0,0.2,-0.1328108769584937,-0.1108375932511062,-0.09633073536873238,-0.04731980501160593,0.04652973839510022
surv10,surv10,42,equal,above50dma,vol_calm,500,0.0013767004995814203,0.36640012748437945,0.24318922905440088,0.29716493118767007,-0.05397570213326919,-0.3334018319515024,1.0988299831904502,-0.3630681644708733,0.04326898030411941,0.07744680851063838,30.0,0.2,-0.0938052035237803,-0.09468123364176839,0.03930327474593298,-0.06373281817139742,-0.019296123709096946
surv10,surv10,42,equal,above50dma,always,750,0.0013767004995814203,0.36640012748437945,0.2352897765698938,0.29716493118767007,-0.06187515461777626,-0.3953697163534327,1.0481039324438872,-0.36400167700629016,0.04775391485061279,0.020851063829787343,30.0,0.2,-0.04577701036556858,-0.12194168473714273,0.008652154206073348,-0.04573518543477961,-0.04823389224699637
surv10,surv10,42,equal,above50dma,ma200,750,0.0013767004995814203,0.36640012748437945,0.177392013432351,0.29716493118767007,-0.11977291775531906,-0.7474201602383774,0.8826706774001513,-0.3060354596980889,0.045588518176796676,0.10510638297872342,30.0,0.0,-0.1328108769584937,-0.1219416847371424,-0.10978500547836234,-0.07448652082142226,-0.04823389224699692
surv10,surv10,42,equal,above50dma,vol_calm,750,0.0013767004995814203,0.36640012748437945,0.2431281587449201,0.29716493118767007,-0.05403677244274996,-0.33185328116226626,1.0956588041864386,-0.3630681644708733,0.04548206975895902,0.08893617021276604,30.0,0.2,-0.0938052035237803,-0.10587888112211041,0.04749596397029299,-0.04178918303601653,-0.0369177001418477
surv10,surv10,42,equal,trend_abs,always,500,0.0013767004995814203,0.36640012748437945,0.26673683229796685,0.29716493118767007,-0.030428098889703215,-0.19012896245035274,1.1730764840900676,-0.36400167700629016,0.044383914736693425,0.021276595744680958,30.0,0.4,-0.04577701036556858,-0.11083759325110665,0.03388843619662296,-0.06355805833665806,0.04652973839510022
surv10,surv10,42,equal,trend_abs,ma200,500,0.0013767004995814203,0.36640012748437945,0.2212418063373045,0.29716493118767007,-0.07592312485036556,-0.4677454346035219,1.074008093724725,-0.3060354596980889,0.04277117695102978,0.10212765957446812,30.0,0.2,-0.1328108769584937,-0.1108375932511062,-0.08219450727804889,-0.04731980501160693,0.04652973839509955
surv10,surv10,42,equal,trend_abs,vol_calm,500,0.0013767004995814203,0.36640012748437945,0.24823457662791948,0.29716493118767007,-0.04893035455975059,-0.2996787956541773,1.114008889348596,-0.3630681644708733,0.04324025695225906,0.07829787234042562,30.0,0.2,-0.0938052035237803,-0.09468123364176839,0.060019952577728075,-0.06373281817139698,-0.01929612370909739
surv10,surv10,42,equal,trend_abs,always,750,0.0013767004995814203,0.36640012748437945,0.23928996276614622,0.29716493118767007,-0.05787496842152384,-0.3656769270226903,1.059620422899184,-0.36400167700629016,0.04771244641853542,0.021702127659574574,30.0,0.2,-0.04577701036556858,-0.12194168473714273,0.024782408146804213,-0.0457351854347795,-0.048233892246996035
surv10,surv10,42,equal,trend_abs,ma200,750,0.0013767004995814203,0.36640012748437945,0.18110346956636558,0.29716493118767007,-0.11606146162130448,-0.7158156348246326,0.893763296792114,-0.3060354596980889,0.0455470497447193,0.10595744680851066,30.0,0.0,-0.1328108769584937,-0.1219416847371424,-0.0958844119237594,-0.07448652082142282,-0.04823389224699759
surv10,surv10,42,equal,trend_abs,vol_calm,750,0.0013767004995814203,0.36640012748437945,0.24714627059892957,0.29716493118767007,-0.05001866058874049,-0.30403107116995304,1.1068812638309964,-0.3630681644708733,0.04544060132688166,0.08978723404255327,30.0,0.2,-0.0938052035237803,-0.10587888112211041,0.06419839713391484,-0.04178918303601631,-0.03691770014184792
surv10,surv10,42,ridge,none,always,500,-0.009021811666015723,-2.1211282131938867,0.22174334770695303,0.29716493118767007,-0.07542158348071704,-0.5140394021766813,0.9880607036974822,-0.263186638059669,0.024391262759522435,1.1102230246251565e-16,60.0,0.2,0.060536532700962375,-0.027304547609774854,-0.07335910782628952,-0.21336966106434818,-0.05981276588986795
surv10,surv10,42,ridge,none,ma200,500,-0.009021811666015723,-2.1211282131938867,0.14300036536601102,0.29716493118767007,-0.15416456582165905,-0.9818583358929108,0.7027888263752201,-0.271054943085451,0.02215645082193425,0.08595744680851068,55.0,0.0,-0.17272178902565827,-0.06569844905702182,-0.11699558803907895,-0.2069940948335065,-0.05981276588986728
surv10,surv10,42,ridge,none,vol_calm,500,-0.009021811666015723,-2.1211282131938867,0.1430134092073574,0.29716493118767007,-0.15415152198031268,-0.9802627466175684,0.676689169564398,-0.337055814543195,0.023011059823185274,0.034042553191489466,60.0,0.0,-0.16259311337581572,-0.08646106410545717,-0.12353787847809128,-0.2099332254484888,-0.02544185524580589
surv10,surv10,42,ridge,none,always,750,-0.009021811666015723,-2.1211282131938867,0.24086757712561102,0.29716493118767007,-0.056297354062059046,-0.3908743381616745,1.0583590635917115,-0.25785887684479136,0.024770021762250204,1.1102230246251565e-16,50.0,0.4,0.060536532700962375,-0.05824619752519422,0.02176968261974377,-0.19464952083686105,-0.07457146207800647
surv10,surv10,42,ridge,none,ma200,750,-0.009021811666015723,-2.1211282131938867,0.14765966885741455,0.29716493118767007,-0.14950526233025552,-0.9465314230772004,0.7314334890268535,-0.2811993609603317,0.022959811257267263,0.08851063829787237,50.0,0.0,-0.17272178902565827,-0.04585782619303691,-0.1292429566582941,-0.1881244365020862,-0.07457146207800647
surv10,surv10,42,ridge,none,vol_calm,750,-0.009021811666015723,-2.1211282131938867,0.1245582135545118,0.29716493118767007,-0.17260671763315827,-1.086524188572713,0.607902479777322,-0.32639577405658526,0.023819015574944254,0.04170212765957457,50.0,0.0,-0.16259311337581572,-0.06706135158185411,-0.10767246548055476,-0.21417989614039368,-0.13110147773990743
surv10,surv10,42,ridge,above50dma,always,500,-0.009021811666015723,-2.1211282131938867,0.23718439957600257,0.29716493118767007,-0.0599805316116675,-0.30199023890677945,1.0703014012064227,-0.2936329749062717,0.02297090956179241,0.00425531914893628,60.0,0.0,-0.01211783306399039,-0.019238996014307008,-0.07621019080741731,-0.08826516469259482,-0.03461682588809056
surv10,surv10,42,ridge,above50dma,ma200,500,-0.009021811666015723,-2.1211282131938867,0.15483761869160784,0.29716493118767007,-0.14232731249606223,-0.7908371178352441,0.7871593803041983,-0.32577709378108277,0.02125657139306738,0.08680851063829789,50.0,0.0,-0.13555938928633304,-0.033414530696902034,-0.2241537475692753,-0.10140080761789283,-0.0346168258880899
surv10,surv10,42,ridge,above50dma,vol_calm,500,-0.009021811666015723,-2.1211282131938867,0.20272787603243803,0.29716493118767007,-0.09443705515523204,-0.49333432785297404,0.952904265224765,-0.3162559226818603,0.021912312920345126,0.03914893617021287,60.0,0.0,-0.12472989171113569,-0.015093099947843691,-0.10611170829911198,-0.08428220356690308,-0.028295851359052437
surv10,surv10,42,ridge,above50dma,always,750,-0.009021811666015723,-2.1211282131938867,0.2323135650946453,0.29716493118767007,-0.06485136609302478,-0.3232816851643464,1.0460346667264122,-0.31238453076101846,0.02348835241250503,0.00425531914893628,50.0,0.0,-0.01211783306399039,-0.014392999111874971,-0.10237946104107098,-0.07997602811920668,-0.03785007310817323
surv10,surv10,42,ridge,above50dma,ma200,750,-0.009021811666015723,-2.1211282131938867,0.15032670945206572,0.29716493118767007,-0.14683822173560435,-0.8144496343613847,0.7646028324040577,-0.325777093781083,0.021454083116294768,0.08680851063829789,50.0,0.0,-0.13555938928633304,-0.05529484078230951,-0.2241537475692753,-0.09323109517306782,-0.03785007310817268
surv10,surv10,42,ridge,above50dma,vol_calm,750,-0.009021811666015723,-2.1211282131938867,0.1797286104069118,0.29716493118767007,-0.11743632078075827,-0.6266559911848292,0.872120914615148,-0.3162559226818604,0.02174242693402038,0.042553191489361805,50.0,0.0,-0.12472989171113569,-0.023461267122937057,-0.1061117082991121,-0.06182969761731494,-0.12903926132244947
surv10,surv10,42,ridge,trend_abs,always,500,-0.009021811666015723,-2.1211282131938867,0.20449729095528446,0.29716493118767007,-0.0926676402323856,-0.5114608295335664,0.9543883746505436,-0.2936329749062717,0.022727774333752303,0.00425531914893628,55.0,0.0,-0.01211783306399039,-0.019238996014307008,-0.07580136860841646,-0.1954986004199576,-0.03461682588809034
surv10,surv10,42,ridge,trend_abs,ma200,500,-0.009021811666015723,-2.1211282131938867,0.15483761869160784,0.29716493118767007,-0.14232731249606223,-0.7908371178352441,0.7871593803041983,-0.32577709378108277,0.02125657139306738,0.08680851063829789,50.0,0.0,-0.13555938928633304,-0.033414530696902034,-0.2241537475692753,-0.10140080761789283,-0.0346168258880899
surv10,surv10,42,ridge,trend_abs,vol_calm,500,-0.009021811666015723,-2.1211282131938867,0.16884121378389993,0.29716493118767007,-0.12832371740377013,-0.7120304706102709,0.8270679917550435,-0.3162559226818603,0.02166916575108072,0.04085106382978733,55.0,0.0,-0.12472989171113569,-0.015093099947843691,-0.10571611898492239,-0.19893793577296637,-0.028295851359052326
surv10,surv10,42,ridge,trend_abs,always,750,-0.009021811666015723,-2.1211282131938867,0.19641407641241826,0.29716493118767007,-0.10075085477525181,-0.5479764515443855,0.9170433265726091,-0.31238453076101846,0.023544015669037632,0.00425531914893628,50.0,0.0,-0.01211783306399039,-0.014392999111874971,-0.1019822200248206,-0.19865497332313997,-0.037850073108172566
surv10,surv10,42,ridge,trend_abs,ma200,750,-0.009021811666015723,-2.1211282131938867,0.15032670945206572,0.29716493118767007,-0.14683822173560435,-0.8144496343613847,0.7646028324040577,-0.325777093781083,0.021454083116294768,0.08680851063829789,50.0,0.0,-0.13555938928633304,-0.05529484078230951,-0.2241537475692753,-0.09323109517306782,-0.03785007310817268
surv10,surv10,42,ridge,trend_abs,vol_calm,750,-0.009021811666015723,-2.1211282131938867,0.14224341148614528,0.29716493118767007,-0.1549215197015248,-0.8722697173715007,0.7268811445008478,-0.3162559226818604,0.021563699382356794,0.042553191489361805,50.0,0.0,-0.12472989171113569,-0.023461267122937057,-0.10571611898492272,-0.19337145433923142,-0.1290392613224487
surv21,surv21,10,equal,none,always,500,0.004213900350331699,2.415382327200773,0.37997929466468716,0.29716493118767007,0.0828143634770171,0.4694453076307396,1.4383447007930583,-0.3542530531554223,0.04434380750498689,1.1102230246251565e-16,30.0,0.8,0.010775377656166318,-0.06935169971008437,0.17630716119937584,0.018243794259358515,0.13404363747931458
surv21,surv21,10,equal,none,ma200,500,0.004213900350331699,2.415382327200773,0.3438723421085592,0.29716493118767007,0.04670741092088915,0.1986110184864552,1.445865442879682,-0.2725002549053379,0.04165027369370305,0.08595744680851067,30.0,0.6,-0.011262859596033792,-0.06935169971008481,0.020037838628888194,0.023504274887905963,0.13404363747931392
surv21,surv21,10,equal,none,vol_calm,500,0.004213900350331699,2.415382327200773,0.3048227152925205,0.29716493118767007,0.007657784104850407,0.024720149108456553,1.22614856580278,-0.3445294584517855,0.04238019402742022,0.057872340425532014,30.0,0.4,-0.021863035626684124,-0.14238323532986275,0.10414286494945091,-0.058963969970160734,0.11467039064957585
surv21,surv21,10,equal,none,always,750,0.004213900350331699,2.415382327200773,0.3533250463571296,0.29716493118767007,0.05616011516945951,0.31898175990783056,1.3522098429786584,-0.3542530531554223,0.046006215589519735,1.1102230246251565e-16,30.0,0.8,0.010775377656166318,-0.09895247760003523,0.17833712142681857,0.005812945569903194,0.08092805564466699
surv21,surv21,10,equal,none,ma200,750,0.004213900350331699,2.415382327200773,0.3055152448033316,0.29716493118767007,0.00835031361566152,0.0024258921900444297,1.2977153606094147,-0.2725002549053379,0.04273624586701442,0.08255319148936174,30.0,0.4,-0.011262859596033792,-0.09895247760003578,-0.01669824220172922,0.006883386590979201,0.08092805564466743
surv21,surv21,10,equal,none,vol_calm,750,0.004213900350331699,2.415382327200773,0.29860965057503863,0.29716493118767007,0.0014447193873685649,-0.009863085498148282,1.2052759752810744,-0.3445294584517855,0.04326376992509484,0.06042553191489371,30.0,0.4,-0.021863035626684124,-0.16802073531232453,0.10737474175324113,-0.017418762044500324,0.0717032708729779
surv21,surv21,10,equal,above50dma,always,500,0.004213900350331699,2.415382327200773,0.38110001590044673,0.29716493118767007,0.08393508471277666,0.5106841879824638,1.4181351133264752,-0.37174182987160975,0.04115845917853137,0.0034042553191490463,30.0,0.8,0.0621665244974261,-0.10924066666967802,0.0850307219826405,0.14178744398694199,0.11844886642530716
surv21,surv21,10,equal,above50dma,ma200,500,0.004213900350331699,2.415382327200773,0.34211911150111707,0.29716493118767007,0.044954180313447,0.2242009944608196,1.4185135575375876,-0.294880905473218,0.039134225026651454,0.08000000000000004,30.0,0.6,0.03155378228877903,-0.11313965204031107,-0.06539796023664513,0.15739864730538144,0.11844886642530628
surv21,surv21,10,equal,above50dma,vol_calm,500,0.004213900350331699,2.415382327200773,0.3266929886717178,0.29716493118767007,0.029528057484047743,0.18759953369589402,1.2729668040219249,-0.3723600547406922,0.04050656572029048,0.051914893617021375,30.0,0.8,0.018252508183049576,-0.11315392484579001,0.09365885259465179,0.0763183688525173,0.014132980055731492
surv21,surv21,10,equal,above50dma,always,750,0.004213900350331699,2.415382327200773,0.32847447055229173,0.29716493118767007,0.031309539364621664,0.21444915756930974,1.2583196767384666,-0.37174182987160975,0.0428516731143179,0.003829787234042663,30.0,0.6,0.0621665244974261,-0.0807773153393414,0.07130542303076437,-0.008887021854234955,0.05532061526475962
surv21,surv21,10,equal,above50dma,ma200,750,0.004213900350331699,2.415382327200773,0.2956272440933039,0.29716493118767007,-0.0015376870943661913,-0.025040670078972302,1.2561019067357928,-0.294880905473218,0.04077393525544752,0.0838297872340426,30.0,0.4,0.03155378228877903,-0.0848008890092865,-0.057110563205759135,-0.00011971508929908836,0.055320615264759176
surv21,surv21,10,equal,above50dma,vol_calm,750,0.004213900350331699,2.415382327200773,0.29060512186593646,0.29716493118767007,-0.006559809321733612,-0.016074852774185838,1.1499754840827519,-0.3723600547406922,0.04161221264874175,0.059574468085106476,30.0,0.6,0.018252508183049576,-0.09482274642638522,0.046850724051025416,-0.02745591524822022,0.011374915253582918
surv21,surv21,10,equal,trend_abs,always,500,0.004213900350331699,2.415382327200773,0.38110001590044673,0.29716493118767007,0.08393508471277666,0.5106841879824638,1.4181351133264752,-0.37174182987160975,0.04115845917853137,0.0034042553191490463,30.0,0.8,0.0621665244974261,-0.10924066666967802,0.0850307219826405,0.14178744398694199,0.11844886642530716
surv21,surv21,10,equal,trend_abs,ma200,500,0.004213900350331699,2.415382327200773,0.34211911150111707,0.29716493118767007,0.044954180313447,0.2242009944608196,1.4185135575375876,-0.294880905473218,0.039134225026651454,0.08000000000000004,30.0,0.6,0.03155378228877903,-0.11313965204031107,-0.06539796023664513,0.15739864730538144,0.11844886642530628
surv21,surv21,10,equal,trend_abs,vol_calm,500,0.004213900350331699,2.415382327200773,0.3266929886717178,0.29716493118767007,0.029528057484047743,0.18759953369589402,1.2729668040219249,-0.3723600547406922,0.04050656572029048,0.051914893617021375,30.0,0.8,0.018252508183049576,-0.11315392484579001,0.09365885259465179,0.0763183688525173,0.014132980055731492
surv21,surv21,10,equal,trend_abs,always,750,0.004213900350331699,2.415382327200773,0.32847447055229173,0.29716493118767007,0.031309539364621664,0.21444915756930974,1.2583196767384666,-0.37174182987160975,0.0428516731143179,0.003829787234042663,30.0,0.6,0.0621665244974261,-0.0807773153393414,0.07130542303076437,-0.008887021854234955,0.05532061526475962
surv21,surv21,10,equal,trend_abs,ma200,750,0.004213900350331699,2.415382327200773,0.2956272440933039,0.29716493118767007,-0.0015376870943661913,-0.025040670078972302,1.2561019067357928,-0.294880905473218,0.04077393525544752,0.0838297872340426,30.0,0.4,0.03155378228877903,-0.0848008890092865,-0.057110563205759135,-0.00011971508929908836,0.055320615264759176
surv21,surv21,10,equal,trend_abs,vol_calm,750,0.004213900350331699,2.415382327200773,0.29060512186593646,0.29716493118767007,-0.006559809321733612,-0.016074852774185838,1.1499754840827519,-0.3723600547406922,0.04161221264874175,0.059574468085106476,30.0,0.6,0.018252508183049576,-0.09482274642638522,0.046850724051025416,-0.02745591524822022,0.011374915253582918
surv21,surv21,10,ridge,none,always,500,0.00022530721839381993,0.1399946097215995,0.25826084129571525,0.29716493118767007,-0.03890408989195482,-0.28392835829218444,1.1244362758475088,-0.3531699888390609,0.040100285391600675,1.1102230246251565e-16,30.0,0.4,-0.10720908354398162,-0.10206012013002319,0.07282570525808008,0.007219257299409199,-0.05678767152921438
surv21,surv21,10,ridge,none,ma200,500,0.00022530721839381993,0.1399946097215995,0.2115319214782958,0.29716493118767007,-0.08563300970937426,-0.5665268816349139,1.0741341692295576,-0.22329262213609702,0.03810550641910227,0.1021276595744681,30.0,0.2,-0.19037854154774703,-0.11661471870097362,-0.051198382824560906,0.024793232112566344,-0.05678767152921471
surv21,surv21,10,ridge,none,vol_calm,500,0.00022530721839381993,0.1399946097215995,0.2250959755343538,0.29716493118767007,-0.07206895565331628,-0.4746856962392677,1.0162367373056453,-0.34081906912785054,0.036276105680283055,0.07063829787234051,30.0,0.4,-0.2813907419851128,-0.06756505388137035,0.03224555618472302,-0.03213460827302739,0.06724940386144307
surv21,surv21,10,ridge,none,always,750,0.00022530721839381993,0.1399946097215995,0.28676316107377087,0.29716493118767007,-0.0104017701138992,-0.11229281568688904,1.2415382377412145,-0.3531699888390609,0.043764969638725254,1.1102230246251565e-16,30.0,0.6,-0.10720908354398162,-0.07009447616891318,0.08094209159161214,0.001517072711540557,0.008979221545646787
surv21,surv21,10,ridge,none,ma200,750,0.00022530721839381993,0.1399946097215995,0.2345066467583894,0.29716493118767007,-0.06265828442928068,-0.44289124579167916,1.1866201049735317,-0.22515443491297815,0.041362896543402944,0.1021276595744681,30.0,0.4,-0.19037854154774703,-0.08516720198462291,-0.04316531058176787,0.0013857961193255441,0.008979221545647453
surv21,surv21,10,ridge,none,vol_calm,750,0.00022530721839381993,0.1399946097215995,0.20009903007129637,0.29716493118767007,-0.0970659011163737,-0.6462612280755912,0.9261728942493597,-0.34081906912785054,0.040581066757973606,0.07744680851063837,30.0,0.2,-0.2813907419851128,-0.06756505388137035,0.04120981097830145,-0.05537654600217767,-0.01599510702760165
surv21,surv21,10,ridge,above50dma,always,500,0.00022530721839381993,0.1399946097215995,0.1981004528378425,0.29716493118767007,-0.09906447834982757,-0.6159955808643092,0.9083672513748019,-0.2926040082772966,0.03915610935669394,0.008085106382978833,30.0,0.0,-0.17528540049205021,-0.03304696745113589,-0.09234356138447664,-0.03483312721844678,-0.06085720623185742
surv21,surv21,10,ridge,above50dma,ma200,500,0.00022530721839381993,0.1399946097215995,0.20106893960194294,0.29716493118767007,-0.09609599158572713,-0.5435482367476768,0.9839997805114145,-0.32792693115679994,0.036356596444748396,0.11361702127659577,30.0,0.0,-0.08461996915185,-0.027944848704186676,-0.22594204726242628,-0.007215137448340125,-0.06085720623185864
surv21,surv21,10,ridge,above50dma,vol_calm,500,0.00022530721839381993,0.1399946097215995,0.17215230579654595,0.29716493118767007,-0.12501262539112412,-0.791790237249213,0.8241393900656926,-0.31220256868227036,0.03692358146777016,0.07191489361702137,30.0,0.0,-0.206490128324889,-0.09610656566724429,-0.12103087429552828,-0.04935984861146059,-0.01773285121293766
surv21,surv21,10,ridge,above50dma,always,750,0.00022530721839381993,0.1399946097215995,0.18983943463387498,0.29716493118767007,-0.10732549655379509,-0.6964372346307066,0.8955748515594907,-0.2921919946214542,0.041753635486021505,0.00808510638297883,30.0,0.0,-0.17528540049205021,-0.04310371891236875,-0.036772585446815165,-0.0860780207107843,-0.08928183649760679
surv21,surv21,10,ridge,above50dma,ma200,750,0.00022530721839381993,0.1399946097215995,0.20305707882886015,0.29716493118767007,-0.09410785235880992,-0.5598619351752294,1.0208519767904753,-0.2910727277964097,0.03926096742005646,0.11702127659574471,30.0,0.0,-0.08461996915185,-0.03805466452163597,-0.1750645302279248,-0.024351695307473276,-0.08928183649760668
surv21,surv21,10,ridge,above50dma,vol_calm,750,0.00022530721839381993,0.1399946097215995,0.1423499630019931,0.29716493118767007,-0.15481496818567697,-1.0104924755648226,0.7099613031227966,-0.31220256868227025,0.039859551935352,0.07702127659574477,30.0,0.0,-0.206490128324889,-0.08980706736496524,-0.13344578552997932,-0.09268726782330539,-0.08239280466792875
surv21,surv21,10,ridge,trend_abs,always,500,0.00022530721839381993,0.1399946097215995,0.19611480121738345,0.29716493118767007,-0.10105012997028662,-0.6292999120123954,0.9016206927026152,-0.2926040082772966,0.03910455018720794,0.008085106382978833,30.0,0.0,-0.17528540049205021,-0.03304696745113589,-0.09957999764822234,-0.03483312721844656,-0.06085720623185831
surv21,surv21,10,ridge,trend_abs,ma200,500,0.00022530721839381993,0.1399946097215995,0.20106893960194294,0.29716493118767007,-0.09609599158572713,-0.5435482367476768,0.9839997805114145,-0.32792693115679994,0.036356596444748396,0.11361702127659577,30.0,0.0,-0.08461996915185,-0.027944848704186676,-0.22594204726242628,-0.007215137448340125,-0.06085720623185864
surv21,surv21,10,ridge,trend_abs,vol_calm,500,0.00022530721839381993,0.1399946097215995,0.17215230579654595,0.29716493118767007,-0.12501262539112412,-0.791790237249213,0.8241393900656926,-0.31220256868227036,0.03692358146777016,0.07191489361702137,30.0,0.0,-0.206490128324889,-0.09610656566724429,-0.12103087429552828,-0.04935984861146059,-0.01773285121293766
surv21,surv21,10,ridge,trend_abs,always,750,0.00022530721839381993,0.1399946097215995,0.18786990915996649,0.29716493118767007,-0.10929502202770358,-0.710244189274807,0.8886974609038678,-0.2921919946214542,0.0417020763165355,0.00808510638297883,30.0,0.0,-0.17528540049205021,-0.04310371891236875,-0.04444301743713197,-0.08607802071078474,-0.08928183649760757
surv21,surv21,10,ridge,trend_abs,ma200,750,0.00022530721839381993,0.1399946097215995,0.20305707882886015,0.29716493118767007,-0.09410785235880992,-0.5598619351752294,1.0208519767904753,-0.2910727277964097,0.03926096742005646,0.11702127659574471,30.0,0.0,-0.08461996915185,-0.03805466452163597,-0.1750645302279248,-0.024351695307473276,-0.08928183649760668
surv21,surv21,10,ridge,trend_abs,vol_calm,750,0.00022530721839381993,0.1399946097215995,0.1423499630019931,0.29716493118767007,-0.15481496818567697,-1.0104924755648226,0.7099613031227966,-0.31220256868227025,0.039859551935352,0.07702127659574477,30.0,0.0,-0.206490128324889,-0.08980706736496524,-0.13344578552997932,-0.09268726782330539,-0.08239280466792875
surv21,surv21,21,equal,none,always,500,0.008425339628357235,2.6955621648011676,0.4208593648586183,0.29716493118767007,0.12369443367094823,0.719972306987316,1.544155651898878,-0.3542530531554223,0.042196860566545785,1.1102230246251565e-16,30.0,0.8,0.2944781969983383,-0.16264666358012858,0.1770594780468071,0.018243794259358292,0.1340436374793157
surv21,surv21,21,equal,none,ma200,500,0.008425339628357235,2.6955621648011676,0.37287283879095523,0.29716493118767007,0.07570790760328516,0.358268202720571,1.5193588351579297,-0.2725002549053379,0.03901202122990128,0.08595744680851067,30.0,0.8,0.2097349812688225,-0.15471948487981724,0.020690212155404675,0.023504274887906185,0.13404363747931325
surv21,surv21,21,equal,none,vol_calm,500,0.008425339628357235,2.6955621648011676,0.35552270074095627,0.29716493118767007,0.0583577695532862,0.3177118438761082,1.379023562760248,-0.3445294584517855,0.03994165201558199,0.057872340425532014,30.0,0.6,0.23902270434169104,-0.18712026715331997,0.10618822020745444,-0.05896396997016062,0.11467039064957563
surv21,surv21,21,equal,none,always,750,0.008425339628357235,2.6955621648011676,0.42111451149420165,0.29716493118767007,0.12394958030653158,0.7042428712657871,1.5484504837157291,-0.3542530531554223,0.04335522033758348,1.1102230246251565e-16,30.0,0.8,0.2944781969983383,-0.11298841614426935,0.17833293657507676,0.00581294556990386,0.08092805564466721
surv21,surv21,21,equal,none,ma200,750,0.008425339628357235,2.6955621648011676,0.3601903156969515,0.29716493118767007,0.06302538450928141,0.289863611589782,1.4711462283171763,-0.2725002549053379,0.0395939450897175,0.08255319148936174,30.0,0.6,0.2097349812688225,-0.10461564311354743,-0.016701734387454703,0.006883386590979201,0.08092805564466654
surv21,surv21,21,equal,none,vol_calm,750,0.008425339628357235,2.6955621648011676,0.3749968315795724,0.29716493118767007,0.07783190039190235,0.4089733643334645,1.446851331850629,-0.3445294584517855,0.0404101946015595,0.06127659574468094,30.0,0.6,0.23902270434169104,-0.13893697559387008,0.1073708089236336,-0.017418762044501657,0.07170327087297812
surv21,surv21,21,equal,above50dma,always,500,0.008425339628357235,2.6955621648011676,0.44988664174171533,0.29716493118767007,0.15272171055404526,0.8813981946337166,1.6618258400480213,-0.37174182987160975,0.039681009000776465,0.0034042553191490463,37.5,0.8,0.16368938855886128,-0.02246483060435256,0.12491287091768721,0.14178744398694287,0.11844886642530672
surv21,surv21,21,equal,above50dma,ma200,500,0.008425339628357235,2.6955621648011676,0.4251707947667034,0.29716493118767007,0.12800586357903332,0.662795525800997,1.677223269122133,-0.294880905473218,0.03627881268252393,0.08425531914893622,30.0,0.6,0.302525672257433,-0.022990995054158803,-0.10612816350280552,0.15739864730538122,0.1184488664253065
surv21,surv21,21,equal,above50dma,vol_calm,500,0.008425339628357235,2.6955621648011676,0.38623452400570235,0.29716493118767007,0.08906959281803228,0.5447660947022412,1.470954043807009,-0.3723600547406922,0.037722141561137325,0.051914893617021375,30.0,0.8,0.2728126185737949,-0.13137014486677367,0.09961719114902845,0.07631836885251686,0.014132980055731492
surv21,surv21,21,equal,above50dma,always,750,0.008425339628357235,2.6955621648011676,0.40494719821668523,0.29716493118767007,0.10778226702901517,0.6343516651138975,1.5233694657470624,-0.37174182987160975,0.04020225323583137,0.003829787234042663,40.0,0.6,0.16368938855886128,-0.016391793474100358,0.17821888506342987,-0.0088870218542344,0.0553206152647594
surv21,surv21,21,equal,above50dma,ma200,750,0.008425339628357235,2.6955621648011676,0.37772786257766855,0.29716493118767007,0.08056293138999848,0.4191274267411665,1.5094978200576872,-0.294880905473218,0.03659315213932264,0.08893617021276601,30.0,0.4,0.302525672257433,-0.016921226774317066,-0.06859524265156602,-0.00011971508929942143,0.0553206152647594
surv21,surv21,21,equal,above50dma,vol_calm,750,0.008425339628357235,2.6955621648011676,0.3604827036204137,0.29716493118767007,0.06331777243274361,0.3943482994362898,1.3802572289877515,-0.3723600547406922,0.0378709493939998,0.057021276595744776,30.0,0.6,0.2728126185737949,-0.08623339569469746,0.06407489147985035,-0.027455915248219442,0.011374915253583806
surv21,surv21,21,equal,trend_abs,always,500,0.008425339628357235,2.6955621648011676,0.44988664174171533,0.29716493118767007,0.15272171055404526,0.8813981946337166,1.6618258400480213,-0.37174182987160975,0.039681009000776465,0.0034042553191490463,37.5,0.8,0.16368938855886128,-0.02246483060435256,0.12491287091768721,0.14178744398694287,0.11844886642530672
surv21,surv21,21,equal,trend_abs,ma200,500,0.008425339628357235,2.6955621648011676,0.4251707947667034,0.29716493118767007,0.12800586357903332,0.662795525800997,1.677223269122133,-0.294880905473218,0.03627881268252393,0.08425531914893622,30.0,0.6,0.302525672257433,-0.022990995054158803,-0.10612816350280552,0.15739864730538122,0.1184488664253065
surv21,surv21,21,equal,trend_abs,vol_calm,500,0.008425339628357235,2.6955621648011676,0.38623452400570235,0.29716493118767007,0.08906959281803228,0.5447660947022412,1.470954043807009,-0.3723600547406922,0.037722141561137325,0.051914893617021375,30.0,0.8,0.2728126185737949,-0.13137014486677367,0.09961719114902845,0.07631836885251686,0.014132980055731492
surv21,surv21,21,equal,trend_abs,always,750,0.008425339628357235,2.6955621648011676,0.40494719821668523,0.29716493118767007,0.10778226702901517,0.6343516651138975,1.5233694657470624,-0.37174182987160975,0.04020225323583137,0.003829787234042663,40.0,0.6,0.16368938855886128,-0.016391793474100358,0.17821888506342987,-0.0088870218542344,0.0553206152647594
surv21,surv21,21,equal,trend_abs,ma200,750,0.008425339628357235,2.6955621648011676,0.37772786257766855,0.29716493118767007,0.08056293138999848,0.4191274267411665,1.5094978200576872,-0.294880905473218,0.03659315213932264,0.08893617021276601,30.0,0.4,0.302525672257433,-0.016921226774317066,-0.06859524265156602,-0.00011971508929942143,0.0553206152647594
surv21,surv21,21,equal,trend_abs,vol_calm,750,0.008425339628357235,2.6955621648011676,0.3604827036204137,0.29716493118767007,0.06331777243274361,0.3943482994362898,1.3802572289877515,-0.3723600547406922,0.0378709493939998,0.057021276595744776,30.0,0.6,0.2728126185737949,-0.08623339569469746,0.06407489147985035,-0.027455915248219442,0.011374915253583806
surv21,surv21,21,ridge,none,always,500,0.0005541428510946466,0.2025421830781937,0.2730366749525095,0.29716493118767007,-0.024128256235160572,-0.18541655577642757,1.1870855581730249,-0.2818953525703287,0.03204998399540623,1.1102230246251565e-16,40.0,0.2,-0.053527991768605676,-0.02998544414404214,0.10530594562898488,-0.03836532729529962,-0.11389018728244171
surv21,surv21,21,ridge,none,ma200,500,0.0005541428510946466,0.2025421830781937,0.25032285268484733,0.29716493118767007,-0.04684207850282274,-0.3265657633301524,1.249899942818386,-0.20699712023950145,0.02994509049345904,0.08000000000000004,40.0,0.0,-0.07934987622889933,-0.029985444144043583,-0.021214062140878287,-0.016332623756993625,-0.11389018728244138
surv21,surv21,21,ridge,none,vol_calm,500,0.0005541428510946466,0.2025421830781937,0.2220855911862769,0.29716493118767007,-0.07507934000139316,-0.4991868044400168,1.008053160983411,-0.27777152895722523,0.030944025867471543,0.0425531914893618,40.0,0.2,-0.11744934402374141,-0.13700513386731616,0.05580831495575245,-0.025554245318076485,-0.09352345500719628
surv21,surv21,21,ridge,none,always,750,0.0005541428510946466,0.2025421830781937,0.2782832321791717,0.29716493118767007,-0.018881699008498343,-0.1554734243278673,1.2041884603036475,-0.2818953525703287,0.03331906209157335,1.1102230246251565e-16,40.0,0.2,-0.053527991768605676,-0.06355574265351738,0.13102847623674663,-0.022657013013395733,-0.09788641472739035
surv21,surv21,21,ridge,none,ma200,750,0.0005541428510946466,0.2025421830781937,0.24957544673120258,0.29716493118767007,-0.04758948445646749,-0.3359866831041024,1.2440138116974198,-0.20030864025916795,0.031208788556858,0.0817021276595745,40.0,0.2,-0.07934987622889933,-0.0635557426535186,0.012780529511392968,-0.03310474653532369,-0.09788641472739001
surv21,surv21,21,ridge,none,vol_calm,750,0.0005541428510946466,0.2025421830781937,0.24173043187831444,0.29716493118767007,-0.05543449930935562,-0.38446225527094635,1.0756639754932733,-0.27777152895722523,0.03220509263084713,0.04595744680851073,40.0,0.2,-0.11744934402374141,-0.16687169111980416,0.09033118222651337,-0.003114092868805818,-0.038345349181388766
surv21,surv21,21,ridge,above50dma,always,500,0.0005541428510946466,0.2025421830781937,0.22935342551376436,0.29716493118767007,-0.0678115056739057,-0.44955811894276315,1.0625506766498451,-0.24580959587336926,0.030763889862743744,0.0034042553191490463,40.0,0.2,-0.006363619484270111,-0.14915493592054485,0.001621600092577058,-0.03476872613619075,-0.09855835016760561
surv21,surv21,21,ridge,above50dma,ma200,500,0.0005541428510946466,0.2025421830781937,0.17844471623695357,0.29716493118767007,-0.1187202149507165,-0.7189584449099102,0.9090933572650397,-0.23383760618878768,0.028938415730273056,0.08595744680851067,40.0,0.0,-0.0755790200533939,-0.15748732538633015,-0.08794054403059781,-0.08673063103973577,-0.09040996233661269
surv21,surv21,21,ridge,above50dma,vol_calm,500,0.0005541428510946466,0.2025421830781937,0.19303009873707588,0.29716493118767007,-0.10413483245059418,-0.6810984827264983,0.9360442238507976,-0.252582688159671,0.030026040660608475,0.04340425531914903,40.0,0.0,-0.11845061491857756,-0.09595620124266913,-0.026654721760706268,-0.08202601214317473,-0.10635081903881727
surv21,surv21,21,ridge,above50dma,always,750,0.0005541428510946466,0.2025421830781937,0.24036553792169868,0.29716493118767007,-0.05679939326597139,-0.37511298196264276,1.096265223313816,-0.24411603528428105,0.03075927952431148,0.0034042553191490463,40.0,0.2,-0.006363619484270111,-0.1565964770641829,0.02553373870803366,-0.01982347811744145,-0.08630290822933628
surv21,surv21,21,ridge,above50dma,ma200,750,0.0005541428510946466,0.2025421830781937,0.20209494627459978,0.29716493118767007,-0.09506998491307028,-0.5738331831877738,1.000687784779146,-0.21255471227908318,0.030040002148662398,0.08595744680851068,40.0,0.0,-0.0755790200533939,-0.16485599095995884,-0.042980215043176395,-0.03879814439284457,-0.08630290822933595
surv21,surv21,21,ridge,above50dma,vol_calm,750,0.0005541428510946466,0.2025421830781937,0.22560404553226676,0.29716493118767007,-0.0715608856554033,-0.4668800646376279,1.0533406502413265,-0.24343581012654203,0.029660505754379497,0.04765957446808521,40.0,0.2,-0.11845061491857756,-0.10386302165935957,0.0005436444044051303,-0.006348082098242225,-0.07756271227039313
surv21,surv21,21,ridge,trend_abs,always,500,0.0005541428510946466,0.2025421830781937,0.22935342551376436,0.29716493118767007,-0.0678115056739057,-0.44955811894276315,1.0625506766498451,-0.24580959587336926,0.030763889862743744,0.0034042553191490463,40.0,0.2,-0.006363619484270111,-0.14915493592054485,0.001621600092577058,-0.03476872613619075,-0.09855835016760561
surv21,surv21,21,ridge,trend_abs,ma200,500,0.0005541428510946466,0.2025421830781937,0.17844471623695357,0.29716493118767007,-0.1187202149507165,-0.7189584449099102,0.9090933572650397,-0.23383760618878768,0.028938415730273056,0.08595744680851067,40.0,0.0,-0.0755790200533939,-0.15748732538633015,-0.08794054403059781,-0.08673063103973577,-0.09040996233661269
surv21,surv21,21,ridge,trend_abs,vol_calm,500,0.0005541428510946466,0.2025421830781937,0.19303009873707588,0.29716493118767007,-0.10413483245059418,-0.6810984827264983,0.9360442238507976,-0.252582688159671,0.030026040660608475,0.04340425531914903,40.0,0.0,-0.11845061491857756,-0.09595620124266913,-0.026654721760706268,-0.08202601214317473,-0.10635081903881727
surv21,surv21,21,ridge,trend_abs,always,750,0.0005541428510946466,0.2025421830781937,0.24036553792169868,0.29716493118767007,-0.05679939326597139,-0.37511298196264276,1.096265223313816,-0.24411603528428105,0.03075927952431148,0.0034042553191490463,40.0,0.2,-0.006363619484270111,-0.1565964770641829,0.02553373870803366,-0.01982347811744145,-0.08630290822933628
surv21,surv21,21,ridge,trend_abs,ma200,750,0.0005541428510946466,0.2025421830781937,0.20209494627459978,0.29716493118767007,-0.09506998491307028,-0.5738331831877738,1.000687784779146,-0.21255471227908318,0.030040002148662398,0.08595744680851068,40.0,0.0,-0.0755790200533939,-0.16485599095995884,-0.042980215043176395,-0.03879814439284457,-0.08630290822933595
surv21,surv21,21,ridge,trend_abs,vol_calm,750,0.0005541428510946466,0.2025421830781937,0.22560404553226676,0.29716493118767007,-0.0715608856554033,-0.4668800646376279,1.0533406502413265,-0.24343581012654203,0.029660505754379497,0.04765957446808521,40.0,0.2,-0.11845061491857756,-0.10386302165935957,0.0005436444044051303,-0.006348082098242225,-0.07756271227039313
surv21,surv21,42,equal,none,always,500,0.013682236541449915,3.1200266293363486,0.4342747767759647,0.29716493118767007,0.13710984558829464,0.7996685668252039,1.6140262343823044,-0.3542530531554223,0.040037628294400225,1.1102230246251565e-16,35.0,0.8,0.2944781969983383,-0.1570746589578963,0.19106104177031225,0.03979558258229443,0.13404363747931436
surv21,surv21,42,equal,none,ma200,500,0.013682236541449915,3.1200266293363486,0.3493729515791266,0.29716493118767007,0.052208020391456555,0.2440173905255948,1.45110738000261,-0.2725002549053379,0.03708433905460758,0.0757446808510639,30.0,0.6,0.2097349812688225,-0.149094730391503,-0.07107697441157257,0.03218811464848259,0.13404363747931392
surv21,surv21,42,equal,none,vol_calm,500,0.013682236541449915,3.1200266293363486,0.3610525133244995,0.29716493118767007,0.06388758213682943,0.3447009276396936,1.4183679202450872,-0.3445294584517855,0.03838965144635031,0.05957446808510648,30.0,0.6,0.23902270434169104,-0.1817111173574807,0.11569045207119388,-0.05896396997016129,0.11467039064957629
surv21,surv21,42,equal,none,always,750,0.013682236541449915,3.1200266293363486,0.4208938177058166,0.29716493118767007,0.12372888651814651,0.7123415761006231,1.5782789226990657,-0.3542530531554223,0.041338508563064216,1.1102230246251565e-16,30.0,0.6,0.2944781969983383,-0.10872531273099095,0.17569869589308618,-0.001540468467175815,0.08092805564466632
surv21,surv21,42,equal,none,ma200,750,0.013682236541449915,3.1200266293363486,0.33737714320271994,0.29716493118767007,0.040212212015049875,0.17781310536043893,1.4023529488933013,-0.2725002549053379,0.03781873533333023,0.07148936170212772,30.0,0.6,0.2097349812688225,-0.10031229896617333,-0.10135628011132247,0.015193802069697115,0.0809280556446661
surv21,surv21,42,equal,none,vol_calm,750,0.013682236541449915,3.1200266293363486,0.3497334651448638,0.29716493118767007,0.05256853395719374,0.2749179341238541,1.3726831975523843,-0.3445294584517855,0.03850677489036176,0.06297872340425541,30.0,0.6,0.23902270434169104,-0.1347985846357309,0.05556760452013987,-0.05982977906020959,0.07170327087297701
surv21,surv21,42,equal,above50dma,always,500,0.013682236541449915,3.1200266293363486,0.4531922559116248,0.29716493118767007,0.15602732472395475,0.9114826161154208,1.704248286954433,-0.37174182987160975,0.038386448484808856,0.0034042553191490463,40.0,1.0,0.16368938855886128,0.0037897375022974966,0.10263674553280455,0.14178744398694354,0.11844886642530672
surv21,surv21,42,equal,above50dma,ma200,500,0.013682236541449915,3.1200266293363486,0.4270947823481537,0.29716493118767007,0.1299298511604836,0.6835038083106725,1.7145883348106008,-0.294880905473218,0.034107568049079176,0.07574468085106388,40.0,0.8,0.302525672257433,0.0032494413661692256,-0.1261345786484529,0.15739864730538078,0.11844886642530628
surv21,surv21,42,equal,above50dma,vol_calm,500,0.013682236541449915,3.1200266293363486,0.37475366015660483,0.29716493118767007,0.07758872896893476,0.47341003505438184,1.4619738982446484,-0.3723600547406922,0.03687539796088857,0.05617021276595755,30.0,0.8,0.2728126185737949,-0.10804054772791616,0.024580461783632046,0.07631836885251797,0.014132980055731714
surv21,surv21,42,equal,above50dma,always,750,0.013682236541449915,3.1200266293363486,0.4004062199893199,0.29716493118767007,0.10324128880164984,0.6150862366046879,1.531251327227726,-0.37174182987160975,0.03900571385669534,0.003829787234042663,40.0,0.8,0.16368938855886128,0.0037897375022974966,0.13401805113090792,-0.0088870218542344,0.0553206152647594
surv21,surv21,42,equal,above50dma,ma200,750,0.013682236541449915,3.1200266293363486,0.3800915754321861,0.29716493118767007,0.08292664424451601,0.4417579283309586,1.5396534475661126,-0.294880905473218,0.03518775044642996,0.07361702127659579,40.0,0.8,0.302525672257433,0.0032494413661692256,-0.14925886295857416,0.0807128443211691,0.055320615264760065
surv21,surv21,42,equal,above50dma,vol_calm,750,0.013682236541449915,3.1200266293363486,0.34515907514656097,0.29716493118767007,0.0479941439588909,0.3015313705389276,1.3512286163384717,-0.3723600547406922,0.0363459562722056,0.061276595744680945,32.5,0.4,0.2728126185737949,-0.06748486461531611,-0.014815437250694341,-0.027455915248219886,0.011374915253582474
surv21,surv21,42,equal,trend_abs,always,500,0.013682236541449915,3.1200266293363486,0.4531922559116248,0.29716493118767007,0.15602732472395475,0.9114826161154208,1.704248286954433,-0.37174182987160975,0.038386448484808856,0.0034042553191490463,40.0,1.0,0.16368938855886128,0.0037897375022974966,0.10263674553280455,0.14178744398694354,0.11844886642530672
surv21,surv21,42,equal,trend_abs,ma200,500,0.013682236541449915,3.1200266293363486,0.4270947823481537,0.29716493118767007,0.1299298511604836,0.6835038083106725,1.7145883348106008,-0.294880905473218,0.034107568049079176,0.07574468085106388,40.0,0.8,0.302525672257433,0.0032494413661692256,-0.1261345786484529,0.15739864730538078,0.11844886642530628
surv21,surv21,42,equal,trend_abs,vol_calm,500,0.013682236541449915,3.1200266293363486,0.37475366015660483,0.29716493118767007,0.07758872896893476,0.47341003505438184,1.4619738982446484,-0.3723600547406922,0.03687539796088857,0.05617021276595755,30.0,0.8,0.2728126185737949,-0.10804054772791616,0.024580461783632046,0.07631836885251797,0.014132980055731714
surv21,surv21,42,equal,trend_abs,always,750,0.013682236541449915,3.1200266293363486,0.4004062199893199,0.29716493118767007,0.10324128880164984,0.6150862366046879,1.531251327227726,-0.37174182987160975,0.03900571385669534,0.003829787234042663,40.0,0.8,0.16368938855886128,0.0037897375022974966,0.13401805113090792,-0.0088870218542344,0.0553206152647594
surv21,surv21,42,equal,trend_abs,ma200,750,0.013682236541449915,3.1200266293363486,0.3800915754321861,0.29716493118767007,0.08292664424451601,0.4417579283309586,1.5396534475661126,-0.294880905473218,0.03518775044642996,0.07361702127659579,40.0,0.8,0.302525672257433,0.0032494413661692256,-0.14925886295857416,0.0807128443211691,0.055320615264760065
surv21,surv21,42,equal,trend_abs,vol_calm,750,0.013682236541449915,3.1200266293363486,0.34515907514656097,0.29716493118767007,0.0479941439588909,0.3015313705389276,1.3512286163384717,-0.3723600547406922,0.0363459562722056,0.061276595744680945,32.5,0.4,0.2728126185737949,-0.06748486461531611,-0.014815437250694341,-0.027455915248219886,0.011374915253582474
surv21,surv21,42,ridge,none,always,500,0.0003628521238145853,0.09036052473613788,0.2570839370048974,0.29716493118767007,-0.04008099418277267,-0.27913113972344067,1.1946316011654092,-0.22526060492582167,0.02888639659678411,1.1102230246251565e-16,40.0,0.2,-0.05788009837548713,-0.1616466425290245,-0.0013887103457566052,-0.08636502857987083,0.1413201346255719
surv21,surv21,42,ridge,none,ma200,500,0.0003628521238145853,0.09036052473613788,0.19265999337495465,0.29716493118767007,-0.10450493781271541,-0.6885197790065415,0.9700984641215826,-0.22010441715766293,0.027294602098755845,0.054468085106383055,40.0,0.2,-0.18545082560914328,-0.16574368403182316,-0.09298908358160829,-0.09715005300794954,0.14132013462557214
surv21,surv21,42,ridge,none,vol_calm,500,0.0003628521238145853,0.09036052473613788,0.2382516310747156,0.29716493118767007,-0.05891330011295448,-0.3942758455008614,1.1046021507623551,-0.24176733474989598,0.02698264531389545,0.031489361702127766,40.0,0.2,-0.11492617935568838,-0.12948942190443413,-0.008306208071712451,-0.09552880338888459,0.11257147297085845
surv21,surv21,42,ridge,none,always,750,0.0003628521238145853,0.09036052473613788,0.2281229975935577,0.29716493118767007,-0.06904193359411237,-0.4412747575339342,1.0558596570764371,-0.22557767159276354,0.03001709061188523,1.1102230246251565e-16,40.0,0.0,-0.05788009837548713,-0.09620563530485737,-0.02875515613122659,-0.08725191302790358,-0.019924697648789347
surv21,surv21,42,ridge,none,ma200,750,0.0003628521238145853,0.09036052473613788,0.16010513771788104,0.29716493118767007,-0.13705979346978903,-0.8671253200544249,0.8118051856340537,-0.23912556492874049,0.02716890566146511,0.054468085106383055,40.0,0.0,-0.18545082560914328,-0.10062248768476745,-0.14355696107838778,-0.09000496100102762,-0.019924697648789125
surv21,surv21,42,ridge,none,vol_calm,750,0.0003628521238145853,0.09036052473613788,0.22186064854291043,0.29716493118767007,-0.07530428264475963,-0.49796696263190143,1.0456610901812933,-0.24662082075363168,0.02874554537011873,0.032340425531915,40.0,0.2,-0.11492617935568838,-0.13481934136812967,-0.005691300876810357,-0.07338919202128102,0.021572202995002954
surv21,surv21,42,ridge,above50dma,always,500,0.0003628521238145853,0.09036052473613788,0.29495940125655085,0.29716493118767007,-0.002205529931119221,-0.03209179258680923,1.3245338063632892,-0.23275293797822494,0.02759249515084719,1.1102230246251565e-16,50.0,0.4,-0.001192381204633386,-0.14313960175644225,0.050368059929231324,-0.03524313946614288,0.09213248943254726
surv21,surv21,42,ridge,above50dma,ma200,500,0.0003628521238145853,0.09036052473613788,0.22294995794141959,0.29716493118767007,-0.07421497324625048,-0.48128952540744463,1.0898258587991054,-0.22010441715766293,0.02761669465031532,0.060425531914893686,40.0,0.2,-0.06408164534692451,-0.11221349834536154,-0.08703335310759908,-0.1390534141202423,0.09386763483421823
surv21,surv21,42,ridge,above50dma,vol_calm,500,0.0003628521238145853,0.09036052473613788,0.2579992209019697,0.29716493118767007,-0.03916571028570037,-0.25686110574509297,1.1843200961177547,-0.2409577488360124,0.025438678313359712,0.0348936170212767,47.5,0.2,-0.047044772146255354,-0.16232756033593532,-0.004596296499392416,-0.042735563096371165,0.08408704238091591
surv21,surv21,42,ridge,above50dma,always,750,0.0003628521238145853,0.09036052473613788,0.22836072875989988,0.29716493118767007,-0.06880420242777019,-0.40979401943165944,1.0208354693256314,-0.2438943140705796,0.028814096510134758,0.0008510638297873448,40.0,0.2,-0.001192381204633386,-0.17237606100644443,-0.05448373184931865,-0.0701714825543176,0.02577686968460524
surv21,surv21,42,ridge,above50dma,ma200,750,0.0003628521238145853,0.09036052473613788,0.18571792600201076,0.29716493118767007,-0.11144700518565931,-0.6752538684088519,0.9024422602188595,-0.24111906661919436,0.027329806395526443,0.05957446808510646,40.0,0.2,-0.06408164534692451,-0.14250517004769925,-0.14299052536427592,-0.10730329022675944,0.011722575166718707
surv21,surv21,42,ridge,above50dma,vol_calm,750,0.0003628521238145853,0.09036052473613788,0.20714644922520797,0.29716493118767007,-0.0900184819624621,-0.5495499436171637,0.9733208480291342,-0.2629265568429977,0.02698409084798514,0.033191489361702235,40.0,0.2,-0.047044772146255354,-0.18200354572267285,-0.07633798398679159,-0.058140593860600887,0.0021549095432775722
surv21,surv21,42,ridge,trend_abs,always,500,0.0003628521238145853,0.09036052473613788,0.29495940125655085,0.29716493118767007,-0.002205529931119221,-0.03209179258680923,1.3245338063632892,-0.23275293797822494,0.02759249515084719,1.1102230246251565e-16,50.0,0.4,-0.001192381204633386,-0.14313960175644225,0.050368059929231324,-0.03524313946614288,0.09213248943254726
surv21,surv21,42,ridge,trend_abs,ma200,500,0.0003628521238145853,0.09036052473613788,0.22294995794141959,0.29716493118767007,-0.07421497324625048,-0.48128952540744463,1.0898258587991054,-0.22010441715766293,0.02761669465031532,0.060425531914893686,40.0,0.2,-0.06408164534692451,-0.11221349834536154,-0.08703335310759908,-0.1390534141202423,0.09386763483421823
surv21,surv21,42,ridge,trend_abs,vol_calm,500,0.0003628521238145853,0.09036052473613788,0.2579992209019697,0.29716493118767007,-0.03916571028570037,-0.25686110574509297,1.1843200961177547,-0.2409577488360124,0.025438678313359712,0.0348936170212767,47.5,0.2,-0.047044772146255354,-0.16232756033593532,-0.004596296499392416,-0.042735563096371165,0.08408704238091591
surv21,surv21,42,ridge,trend_abs,always,750,0.0003628521238145853,0.09036052473613788,0.23354159838553312,0.29716493118767007,-0.06362333280213694,-0.38355662299660515,1.0433481735551866,-0.2438943140705796,0.028665386693106386,0.0008510638297873448,40.0,0.2,-0.001192381204633386,-0.17237606100644443,-0.039233692535036724,-0.06669959063699282,0.025776869684603687
surv21,surv21,42,ridge,trend_abs,ma200,750,0.0003628521238145853,0.09036052473613788,0.18571792600201076,0.29716493118767007,-0.11144700518565931,-0.6752538684088519,0.9024422602188595,-0.24111906661919436,0.027329806395526443,0.05957446808510646,40.0,0.2,-0.06408164534692451,-0.14250517004769925,-0.14299052536427592,-0.10730329022675944,0.011722575166718707
surv21,surv21,42,ridge,trend_abs,vol_calm,750,0.0003628521238145853,0.09036052473613788,0.212239007075397,0.29716493118767007,-0.08492592411227307,-0.5251273180082858,0.996790664254478,-0.2629265568429977,0.026835381030956767,0.033191489361702235,40.0,0.2,-0.047044772146255354,-0.18200354572267285,-0.06143595394782342,-0.05462377974049393,0.002154909543277128
surv42,surv42,10,equal,none,always,500,0.006472316992865671,3.3169829236751984,0.41985368474865714,0.29716493118767007,0.12268875356098707,0.7078229838133712,1.5191896360213253,-0.3248229245241747,0.030147942559732143,1.1102230246251565e-16,40.0,0.8,0.36429145133336194,0.10710385712972958,-0.06781415277226066,0.055083112239680876,0.020576894260558642
surv42,surv42,10,equal,none,ma200,500,0.006472316992865671,3.3169829236751984,0.35346507729801213,0.29716493118767007,0.056300146110342064,0.34036556239242904,1.3541352944819947,-0.3067770086670286,0.0288760843797726,0.06893617021276602,40.0,0.8,0.14256327618732034,0.10710385712973003,-0.13553915311420617,0.07382193454125985,0.020576894260559753
surv42,surv42,10,equal,none,vol_calm,500,0.006472316992865671,3.3169829236751984,0.34887020530338186,0.29716493118767007,0.0517052741157118,0.33302752216906656,1.3238782633077297,-0.326074843144762,0.029162938186733395,0.0374468085106384,40.0,0.6,0.12161199374651321,0.10395584315076278,-0.04961080405030527,0.011993069792997746,-0.001975903047531591
surv42,surv42,10,equal,none,always,750,0.006472316992865671,3.3169829236751984,0.4436563854611233,0.29716493118767007,0.14649145427345323,0.8232204915089043,1.6068430764711505,-0.3248229245241747,0.02959837826524501,1.1102230246251565e-16,40.0,0.6,0.36429145133336194,0.16947894029106947,-0.053274211164251795,0.1458793416463744,-0.057047616958761815
surv42,surv42,10,equal,none,ma200,750,0.006472316992865671,3.3169829236751984,0.3769292291032198,0.29716493118767007,0.07976429791554973,0.4559673144643377,1.4418272376120311,-0.3067770086670286,0.029076449969748452,0.06723404255319156,40.0,0.6,0.14256327618732034,0.16947894029106902,-0.12789278465029885,0.1779836799965493,-0.057047616958761704
surv42,surv42,10,equal,none,vol_calm,750,0.006472316992865671,3.3169829236751984,0.35436042377301447,0.29716493118767007,0.0571954925853444,0.35787909819831604,1.3551277349116893,-0.326074843144762,0.02902245309200227,0.043404255319149036,40.0,0.6,0.12161199374651321,0.16615356478231846,-0.060093630264486664,0.09831180269453843,-0.10583954481862345
surv42,surv42,10,equal,above50dma,always,500,0.006472316992865671,3.3169829236751984,0.37799550446223895,0.29716493118767007,0.08083057327456888,0.46940898548730114,1.341481979404821,-0.3716171734740632,0.03006233345163766,1.1102230246251565e-16,40.0,0.6,0.16897722463710774,0.09739500400952217,-0.08836929239055813,0.11991286035926807,-0.008367677989890798
surv42,surv42,10,equal,above50dma,ma200,500,0.006472316992865671,3.3169829236751984,0.28516932935898165,0.29716493118767007,-0.011995601828688418,-0.03874287999695603,1.087304831311405,-0.3703919963131318,0.029579619691855984,0.07234042553191496,40.0,0.6,0.0499236228969413,0.09739500400952217,-0.1956919648577451,0.01221780732316291,-0.008367677989890798
surv42,surv42,10,equal,above50dma,vol_calm,500,0.006472316992865671,3.3169829236751984,0.35249425849823335,0.29716493118767007,0.05532932731056328,0.33140644221695537,1.286264827667869,-0.3703919963131318,0.028079784858269275,0.0400000000000001,50.0,0.8,0.009271846230168634,0.10062778218279345,-0.03271611110255668,0.09422086895014359,0.008140590103232315
surv42,surv42,10,equal,above50dma,always,750,0.006472316992865671,3.3169829236751984,0.45580927232510904,0.29716493118767007,0.15864434113743897,0.8436078990362716,1.5534196610053654,-0.3716171734740632,0.02950902246036427,1.1102230246251565e-16,40.0,0.8,0.16897722463710774,0.16182978882928944,0.09282499229749908,0.2262840113704161,-0.07865025610001253
surv42,surv42,10,equal,above50dma,ma200,750,0.006472316992865671,3.3169829236751984,0.3524294848012879,0.29716493118767007,0.05526455361361782,0.316863173883718,1.2974972693598483,-0.3703919963131318,0.0287192223144936,0.07148936170212773,40.0,0.6,0.0499236228969413,0.16182978882928922,-0.07292031953417932,0.13009839444823235,-0.07865025610001264
surv42,surv42,10,equal,above50dma,vol_calm,750,0.006472316992865671,3.3169829236751984,0.3638448832972707,0.29716493118767007,0.06667995210960065,0.3835065578137408,1.3259793188046045,-0.3703919963131318,0.02874292883766744,0.0451063829787235,40.0,0.8,0.009271846230168634,0.1652523832175099,0.01652693805353711,0.175378728102924,-0.12560415092432675
surv42,surv42,10,equal,trend_abs,always,500,0.006472316992865671,3.3169829236751984,0.37799550446223895,0.29716493118767007,0.08083057327456888,0.46940898548730114,1.341481979404821,-0.3716171734740632,0.03006233345163766,1.1102230246251565e-16,40.0,0.6,0.16897722463710774,0.09739500400952217,-0.08836929239055813,0.11991286035926807,-0.008367677989890798
surv42,surv42,10,equal,trend_abs,ma200,500,0.006472316992865671,3.3169829236751984,0.28516932935898165,0.29716493118767007,-0.011995601828688418,-0.03874287999695603,1.087304831311405,-0.3703919963131318,0.029579619691855984,0.07234042553191496,40.0,0.6,0.0499236228969413,0.09739500400952217,-0.1956919648577451,0.01221780732316291,-0.008367677989890798
surv42,surv42,10,equal,trend_abs,vol_calm,500,0.006472316992865671,3.3169829236751984,0.35249425849823335,0.29716493118767007,0.05532932731056328,0.33140644221695537,1.286264827667869,-0.3703919963131318,0.028079784858269275,0.0400000000000001,50.0,0.8,0.009271846230168634,0.10062778218279345,-0.03271611110255668,0.09422086895014359,0.008140590103232315
surv42,surv42,10,equal,trend_abs,always,750,0.006472316992865671,3.3169829236751984,0.45580927232510904,0.29716493118767007,0.15864434113743897,0.8436078990362716,1.5534196610053654,-0.3716171734740632,0.02950902246036427,1.1102230246251565e-16,40.0,0.8,0.16897722463710774,0.16182978882928944,0.09282499229749908,0.2262840113704161,-0.07865025610001253
surv42,surv42,10,equal,trend_abs,ma200,750,0.006472316992865671,3.3169829236751984,0.3524294848012879,0.29716493118767007,0.05526455361361782,0.316863173883718,1.2974972693598483,-0.3703919963131318,0.0287192223144936,0.07148936170212773,40.0,0.6,0.0499236228969413,0.16182978882928922,-0.07292031953417932,0.13009839444823235,-0.07865025610001264
surv42,surv42,10,equal,trend_abs,vol_calm,750,0.006472316992865671,3.3169829236751984,0.3638448832972707,0.29716493118767007,0.06667995210960065,0.3835065578137408,1.3259793188046045,-0.3703919963131318,0.02874292883766744,0.0451063829787235,40.0,0.8,0.009271846230168634,0.1652523832175099,0.01652693805353711,0.175378728102924,-0.12560415092432675
surv42,surv42,10,ridge,none,always,500,0.001401680593616858,0.8593586807014559,0.262618288253871,0.29716493118767007,-0.034546642933799054,-0.25391111913964176,1.0918062413682557,-0.37841698089114584,0.02712389844255224,1.1102230246251565e-16,50.0,0.4,-0.026449372137628435,-0.15465790040632943,0.11585905339283165,0.008762231693842049,-0.11073014865537578
surv42,surv42,10,ridge,none,ma200,500,0.001401680593616858,0.8593586807014559,0.14692524049384992,0.29716493118767007,-0.15023969069382015,-0.9992052763177729,0.708801372892753,-0.3288978751102968,0.02675532387814206,0.09617021276595748,40.0,0.0,-0.23318410175912418,-0.15465790040632899,-0.09631403251434978,-0.016153691819688953,-0.11073014865537523
surv42,surv42,10,ridge,none,vol_calm,500,0.001401680593616858,0.8593586807014559,0.22495001919036173,0.29716493118767007,-0.07221491199730834,-0.48353387294491196,0.9631024447324691,-0.36812463583632293,0.026979901209251318,0.05191489361702138,40.0,0.4,-0.07995445612324525,-0.18810131926434748,0.04757899280829081,0.005960640229425218,-0.09388193116374122
surv42,surv42,10,ridge,none,always,750,0.001401680593616858,0.8593586807014559,0.24943230599742838,0.29716493118767007,-0.047732625190241684,-0.3407432938323556,1.0433637761771997,-0.37841698089114584,0.02887233134503838,1.1102230246251565e-16,40.0,0.2,-0.026449372137628435,-0.15465790040632943,0.11585905339283165,-0.008718728547078336,-0.13648748001318523
surv42,surv42,10,ridge,none,ma200,750,0.001401680593616858,0.8593586807014559,0.13792743284767806,0.29716493118767007,-0.159237498339992,-1.0747273569997673,0.6685732757963926,-0.3288978751102968,0.02868081779159109,0.09531914893617026,40.0,0.0,-0.23318410175912418,-0.15465790040632899,-0.09631403251434978,-0.021146442569554003,-0.13648748001318511
surv42,surv42,10,ridge,none,vol_calm,750,0.001401680593616858,0.8593586807014559,0.20644879370378533,0.29716493118767007,-0.09071613748388474,-0.5868352559453568,0.885354517024932,-0.36812463583632293,0.027217006226577904,0.05702127659574478,40.0,0.2,-0.07995445612324525,-0.18810131926434748,0.042888671246976706,-0.03996573188825525,-0.10966206583759175
surv42,surv42,10,ridge,above50dma,always,500,0.001401680593616858,0.8593586807014559,0.21837334833609523,0.29716493118767007,-0.07879158285157484,-0.5025669671245091,0.9233931361144747,-0.3663896332651432,0.028122812914979353,0.0025531914893618126,50.0,0.2,-0.06633788970965104,-0.1628549838931399,0.15458254896036094,-0.15662711707361943,-0.07595248694617818
surv42,surv42,10,ridge,above50dma,ma200,500,0.001401680593616858,0.8593586807014559,0.12994834911188868,0.29716493118767007,-0.16721658207578138,-1.1141188411015337,0.6302970792157768,-0.3349133254834522,0.025970011387918837,0.0868085106382979,42.5,0.0,-0.21014544098337073,-0.16285498389314046,-0.0640782068406398,-0.15354798629918998,-0.07595248694617773
surv42,surv42,10,ridge,above50dma,vol_calm,500,0.001401680593616858,0.8593586807014559,0.15380427660682083,0.29716493118767007,-0.14336065458084923,-0.957252352617421,0.703868036116709,-0.36498022019332566,0.02815199627992185,0.0502127659574469,40.0,0.2,-0.15490302443047466,-0.1378375106600992,0.02765992052445365,-0.16689873067027128,-0.1310621195817827
surv42,surv42,10,ridge,above50dma,always,750,0.001401680593616858,0.8593586807014559,0.1937551960472923,0.29716493118767007,-0.10340973514037777,-0.6515412699943612,0.8267688305780313,-0.3663896332651432,0.030674999687286902,0.0017021276595745787,40.0,0.2,-0.06633788970965104,-0.16235148583279935,0.14898626219272781,-0.12314518140700748,-0.18585920648369592
surv42,surv42,10,ridge,above50dma,ma200,750,0.001401680593616858,0.8593586807014559,0.11004002257540924,0.29716493118767007,-0.18712490861226083,-1.2496488541182356,0.5419487383966723,-0.3349133254834522,0.028259962272095433,0.08595744680851068,40.0,0.0,-0.21014544098337073,-0.1623514858327998,-0.06238798264971335,-0.11518708219680007,-0.18585920648369592
surv42,surv42,10,ridge,above50dma,vol_calm,750,0.001401680593616858,0.8593586807014559,0.13695042215992848,0.29716493118767007,-0.1602145090277416,-1.093467852648054,0.6381720685832142,-0.36498022019332566,0.028634609867814898,0.05617021276595754,40.0,0.0,-0.15490302443047466,-0.1378375106600992,-0.029196972903152263,-0.1574319431315302,-0.14977531467299587
surv42,surv42,10,ridge,trend_abs,always,500,0.001401680593616858,0.8593586807014559,0.21837334833609523,0.29716493118767007,-0.07879158285157484,-0.5025669671245091,0.9233931361144747,-0.3663896332651432,0.028122812914979353,0.0025531914893618126,50.0,0.2,-0.06633788970965104,-0.1628549838931399,0.15458254896036094,-0.15662711707361943,-0.07595248694617818
surv42,surv42,10,ridge,trend_abs,ma200,500,0.001401680593616858,0.8593586807014559,0.12994834911188868,0.29716493118767007,-0.16721658207578138,-1.1141188411015337,0.6302970792157768,-0.3349133254834522,0.025970011387918837,0.0868085106382979,42.5,0.0,-0.21014544098337073,-0.16285498389314046,-0.0640782068406398,-0.15354798629918998,-0.07595248694617773
surv42,surv42,10,ridge,trend_abs,vol_calm,500,0.001401680593616858,0.8593586807014559,0.15380427660682083,0.29716493118767007,-0.14336065458084923,-0.957252352617421,0.703868036116709,-0.36498022019332566,0.02815199627992185,0.0502127659574469,40.0,0.2,-0.15490302443047466,-0.1378375106600992,0.02765992052445365,-0.16689873067027128,-0.1310621195817827
surv42,surv42,10,ridge,trend_abs,always,750,0.001401680593616858,0.8593586807014559,0.1937551960472923,0.29716493118767007,-0.10340973514037777,-0.6515412699943612,0.8267688305780313,-0.3663896332651432,0.030674999687286902,0.0017021276595745787,40.0,0.2,-0.06633788970965104,-0.16235148583279935,0.14898626219272781,-0.12314518140700748,-0.18585920648369592
surv42,surv42,10,ridge,trend_abs,ma200,750,0.001401680593616858,0.8593586807014559,0.11004002257540924,0.29716493118767007,-0.18712490861226083,-1.2496488541182356,0.5419487383966723,-0.3349133254834522,0.028259962272095433,0.08595744680851068,40.0,0.0,-0.21014544098337073,-0.1623514858327998,-0.06238798264971335,-0.11518708219680007,-0.18585920648369592
surv42,surv42,10,ridge,trend_abs,vol_calm,750,0.001401680593616858,0.8593586807014559,0.13695042215992848,0.29716493118767007,-0.1602145090277416,-1.093467852648054,0.6381720685832142,-0.36498022019332566,0.028634609867814898,0.05617021276595754,40.0,0.0,-0.15490302443047466,-0.1378375106600992,-0.029196972903152263,-0.1574319431315302,-0.14977531467299587
surv42,surv42,21,equal,none,always,500,0.010100156186058829,3.1100084968962936,0.42962027085581145,0.29716493118767007,0.13245533966814138,0.7371054712690254,1.6083791622510588,-0.3248229245241747,0.027300768969994234,1.1102230246251565e-16,50.0,0.6,0.36429145133336194,0.10710385712972958,-0.06781415277226066,0.12541373908858344,-0.024729886679658142
surv42,surv42,21,equal,none,ma200,500,0.010100156186058829,3.1100084968962936,0.34063728700308893,0.29716493118767007,0.04347235581541886,0.25438812444114056,1.3758864279182956,-0.3067770086670286,0.02595251558943785,0.07063829787234048,50.0,0.6,0.14256327618732034,0.10710385712973003,-0.13553915311420617,0.05976487916785822,-0.024729886679658475
surv42,surv42,21,equal,none,vol_calm,500,0.010100156186058829,3.1100084968962936,0.37033169254972176,0.29716493118767007,0.07316676136205169,0.4336338742837812,1.432598354815132,-0.326074843144762,0.026412279901916413,0.029787234042553297,50.0,0.6,0.12161199374651321,0.10395584315076278,-0.04961080405030527,0.10991012888699525,-0.02965880832189116
surv42,surv42,21,equal,none,always,750,0.010100156186058829,3.1100084968962936,0.48251315565842323,0.29716493118767007,0.18534822447075316,0.9961923105774797,1.72577729598892,-0.3248229245241747,0.026382278580731083,1.1102230246251565e-16,50.0,0.8,0.36429145133336194,0.16947894029106947,-0.053274211164251795,0.09582702598543258,0.1127364920585534
surv42,surv42,21,equal,none,ma200,750,0.010100156186058829,3.1100084968962936,0.42134918969830637,0.29716493118767007,0.1241842585106363,0.6729390516675365,1.5900584587005044,-0.3067770086670286,0.025151944482594953,0.06893617021276603,50.0,0.8,0.14256327618732034,0.16947894029106902,-0.12789278465029885,0.15471597636321222,0.11273649205855163
surv42,surv42,21,equal,none,vol_calm,750,0.010100156186058829,3.1100084968962936,0.39264550767382667,0.29716493118767007,0.0954805764861566,0.5536718090736877,1.466051357115405,-0.326074843144762,0.02629378027675735,0.027234042553191593,50.0,0.8,0.12161199374651321,0.16615356478231846,-0.060093630264486664,0.06662071965065519,0.049081115586518065
surv42,surv42,21,equal,above50dma,always,500,0.010100156186058829,3.1100084968962936,0.36796142455926306,0.29716493118767007,0.070796493371593,0.39510645118978677,1.3529383865867717,-0.3716171734740632,0.02738491778895299,1.1102230246251565e-16,50.0,0.6,0.16897722463710774,0.09739500400952217,-0.08836929239055813,0.12495026811716303,-0.0578401160916332
surv42,surv42,21,equal,above50dma,ma200,500,0.010100156186058829,3.1100084968962936,0.29782345128887266,0.29716493118767007,0.0006585201012025976,0.012588235680006518,1.1635423233614501,-0.3703919963131318,0.02606687942942804,0.07234042553191496,50.0,0.6,0.0499236228969413,0.09739500400952217,-0.1956919648577451,0.10113454328329419,-0.05784011609163375
surv42,surv42,21,equal,above50dma,vol_calm,500,0.010100156186058829,3.1100084968962936,0.35694406241374566,0.29716493118767007,0.05977913122607559,0.33833270413666566,1.3295586122788905,-0.3703919963131318,0.025983856912274363,0.032340425531915,50.0,0.6,0.009271846230168634,0.10062778218279345,-0.03271611110255668,0.14031162851936507,-0.026963628907290205
surv42,surv42,21,equal,above50dma,always,750,0.010100156186058829,3.1100084968962936,0.4841542943943462,0.29716493118767007,0.18698936320667614,0.9701776976568616,1.6368126148333286,-0.3716171734740632,0.026541958213325657,1.1102230246251565e-16,50.0,1.0,0.16897722463710774,0.16182978882928944,0.09282499229749908,0.13896870504114522,0.08283588105074391
surv42,surv42,21,equal,above50dma,ma200,750,0.010100156186058829,3.1100084968962936,0.3887555321304459,0.29716493118767007,0.09159060094277582,0.49290792039934644,1.4094047536976286,-0.3703919963131318,0.025217193574674793,0.06978723404255326,50.0,0.8,0.0499236228969413,0.16182978882928922,-0.07292031953417932,0.08514907966532981,0.08283588105074391
surv42,surv42,21,equal,above50dma,vol_calm,750,0.010100156186058829,3.1100084968962936,0.3932108675392576,0.29716493118767007,0.09604593635158754,0.5340289227415227,1.4014655891192915,-0.3703919963131318,0.026338271474048353,0.029787234042553293,50.0,1.0,0.009271846230168634,0.1652523832175099,0.01652693805353711,0.108612573903349,0.0257751130235242
surv42,surv42,21,equal,trend_abs,always,500,0.010100156186058829,3.1100084968962936,0.36796142455926306,0.29716493118767007,0.070796493371593,0.39510645118978677,1.3529383865867717,-0.3716171734740632,0.02738491778895299,1.1102230246251565e-16,50.0,0.6,0.16897722463710774,0.09739500400952217,-0.08836929239055813,0.12495026811716303,-0.0578401160916332
surv42,surv42,21,equal,trend_abs,ma200,500,0.010100156186058829,3.1100084968962936,0.29782345128887266,0.29716493118767007,0.0006585201012025976,0.012588235680006518,1.1635423233614501,-0.3703919963131318,0.02606687942942804,0.07234042553191496,50.0,0.6,0.0499236228969413,0.09739500400952217,-0.1956919648577451,0.10113454328329419,-0.05784011609163375
surv42,surv42,21,equal,trend_abs,vol_calm,500,0.010100156186058829,3.1100084968962936,0.35694406241374566,0.29716493118767007,0.05977913122607559,0.33833270413666566,1.3295586122788905,-0.3703919963131318,0.025983856912274363,0.032340425531915,50.0,0.6,0.009271846230168634,0.10062778218279345,-0.03271611110255668,0.14031162851936507,-0.026963628907290205
surv42,surv42,21,equal,trend_abs,always,750,0.010100156186058829,3.1100084968962936,0.4841542943943462,0.29716493118767007,0.18698936320667614,0.9701776976568616,1.6368126148333286,-0.3716171734740632,0.026541958213325657,1.1102230246251565e-16,50.0,1.0,0.16897722463710774,0.16182978882928944,0.09282499229749908,0.13896870504114522,0.08283588105074391
surv42,surv42,21,equal,trend_abs,ma200,750,0.010100156186058829,3.1100084968962936,0.3887555321304459,0.29716493118767007,0.09159060094277582,0.49290792039934644,1.4094047536976286,-0.3703919963131318,0.025217193574674793,0.06978723404255326,50.0,0.8,0.0499236228969413,0.16182978882928922,-0.07292031953417932,0.08514907966532981,0.08283588105074391
surv42,surv42,21,equal,trend_abs,vol_calm,750,0.010100156186058829,3.1100084968962936,0.3932108675392576,0.29716493118767007,0.09604593635158754,0.5340289227415227,1.4014655891192915,-0.3703919963131318,0.026338271474048353,0.029787234042553293,50.0,1.0,0.009271846230168634,0.1652523832175099,0.01652693805353711,0.108612573903349,0.0257751130235242
surv42,surv42,21,ridge,none,always,500,-0.0013415274309851728,-0.5187968185354381,0.27357505586750697,0.29716493118767007,-0.0235898753201631,-0.19002099656121318,1.1556363422700957,-0.3210635552069886,0.02852516806381844,1.1102230246251565e-16,40.0,0.4,0.044191542703618136,-0.1924742948922893,0.20668731343917046,-0.09023014840798449,-0.07389318351099572
surv42,surv42,21,ridge,none,ma200,500,-0.0013415274309851728,-0.5187968185354381,0.16570955811444188,0.29716493118767007,-0.1314553730732282,-0.862352608034024,0.7919503921832906,-0.2863699731444288,0.026510123858840606,0.08340425531914897,40.0,0.0,-0.15861374823684815,-0.19247429489228884,-0.021997573212711785,-0.09769232148663409,-0.07389318351099539
surv42,surv42,21,ridge,none,vol_calm,500,-0.0013415274309851728,-0.5187968185354381,0.22148596880747062,0.29716493118767007,-0.07567896238019944,-0.5212058965186203,0.9853377589422101,-0.31848944060020623,0.028132935574104335,0.0425531914893618,40.0,0.2,-0.07105078554202515,-0.2278318432950731,0.10820532286890638,-0.08986138864402149,-0.030882176726459987
surv42,surv42,21,ridge,none,always,750,-0.0013415274309851728,-0.5187968185354381,0.299369012411284,0.29716493118767007,0.0022040812236139296,-0.03558754912219069,1.2470216157995817,-0.3210635552069886,0.029800362366453035,1.1102230246251565e-16,40.0,0.4,0.044191542703618136,-0.1460608206829762,0.21275723504832666,-0.06759371508513379,-0.06469970006283521
surv42,surv42,21,ridge,none,ma200,750,-0.0013415274309851728,-0.5187968185354381,0.19430263740572307,0.29716493118767007,-0.102862293781947,-0.6839249786222719,0.9073195465289325,-0.2863699731444288,0.027973494599352264,0.0842553191489362,40.0,0.2,-0.15861374823684815,-0.14606082068297577,0.0017563798964894684,-0.07524155818026279,-0.06469970006283587
surv42,surv42,21,ridge,none,vol_calm,750,-0.0013415274309851728,-0.5187968185354381,0.211562413862465,0.29716493118767007,-0.08560251732520507,-0.5922948820492603,0.9411028732495349,-0.31848944060020623,0.029730867488635085,0.04936170212765967,40.0,0.2,-0.07105078554202515,-0.19062456096345126,0.07706683753984445,-0.1425163014943608,-0.025178079666148268
surv42,surv42,21,ridge,above50dma,always,500,-0.0013415274309851728,-0.5187968185354381,0.26944774059146526,0.29716493118767007,-0.02771719059620481,-0.20446049268320743,1.1430648306062725,-0.33342644241757213,0.029177836704641424,0.0008510638297873448,40.0,0.2,-0.06195373179931574,-0.09608194633450817,0.10292037497696116,-0.056459161270467684,-0.046071599802445906
surv42,surv42,21,ridge,above50dma,ma200,500,-0.0013415274309851728,-0.5187968185354381,0.17546061234717203,0.29716493118767007,-0.12170431884049804,-0.7675494607192106,0.8282224806683004,-0.29993487564566235,0.025368251103664797,0.08765957446808514,50.0,0.0,-0.20787434427796425,-0.0960819463345075,-0.053627984904428105,-0.10788733832004604,-0.046071599802445684
surv42,surv42,21,ridge,above50dma,vol_calm,500,-0.0013415274309851728,-0.5187968185354381,0.24624064765416565,0.29716493118767007,-0.05092428353350442,-0.32811615824257084,1.042837264896802,-0.3319647356786186,0.028211140142095626,0.04851063829787244,40.0,0.2,-0.04118108257342534,-0.12950210942589846,0.016213958137330176,-0.0757762788625439,-0.01220903675706142
surv42,surv42,21,ridge,above50dma,always,750,-0.0013415274309851728,-0.5187968185354381,0.2902251919718024,0.29716493118767007,-0.006939739215867657,-0.07699002664840973,1.2007063815230925,-0.33342644241757213,0.0295852636787013,0.0008510638297873448,40.0,0.2,-0.06195373179931574,-0.10622754170537241,0.21183949775326427,-0.0470209124992248,-0.060433217743572354
surv42,surv42,21,ridge,above50dma,ma200,750,-0.0013415274309851728,-0.5187968185354381,0.1839649132664456,0.29716493118767007,-0.11320001792122447,-0.6999056903740838,0.8608064784353804,-0.29993487564566235,0.027447177768382465,0.08510638297872343,40.0,0.0,-0.20787434427796425,-0.10622754170537174,-0.028692884489808668,-0.07828442000047964,-0.060433217743571355
surv42,surv42,21,ridge,above50dma,vol_calm,750,-0.0013415274309851728,-0.5187968185354381,0.24695836090268242,0.29716493118767007,-0.05020657028498765,-0.32388516022558433,1.0451053606990492,-0.3319647356786186,0.029096382647588025,0.051063829787234144,40.0,0.2,-0.04118108257342534,-0.1479998510346634,0.09397665137402123,-0.1167939458805265,-0.016528237742172602
surv42,surv42,21,ridge,trend_abs,always,500,-0.0013415274309851728,-0.5187968185354381,0.2729803364041561,0.29716493118767007,-0.02418459478351398,-0.18442400255608285,1.1554859076491375,-0.33342644241757213,0.028767870722938408,0.0008510638297873448,40.0,0.2,-0.06195373179931574,-0.09608194633450817,0.11773314142362712,-0.056459161270467906,-0.04607159980244657
surv42,surv42,21,ridge,trend_abs,ma200,500,-0.0013415274309851728,-0.5187968185354381,0.17546061234717203,0.29716493118767007,-0.12170431884049804,-0.7675494607192106,0.8282224806683004,-0.29993487564566235,0.025368251103664797,0.08765957446808514,50.0,0.0,-0.20787434427796425,-0.0960819463345075,-0.053627984904428105,-0.10788733832004604,-0.046071599802445684
surv42,surv42,21,ridge,trend_abs,vol_calm,500,-0.0013415274309851728,-0.5187968185354381,0.24624064765416565,0.29716493118767007,-0.05092428353350442,-0.32811615824257084,1.042837264896802,-0.3319647356786186,0.028211140142095626,0.04851063829787244,40.0,0.2,-0.04118108257342534,-0.12950210942589846,0.016213958137330176,-0.0757762788625439,-0.01220903675706142
surv42,surv42,21,ridge,trend_abs,always,750,-0.0013415274309851728,-0.5187968185354381,0.2902251919718024,0.29716493118767007,-0.006939739215867657,-0.07699002664840973,1.2007063815230925,-0.33342644241757213,0.0295852636787013,0.0008510638297873448,40.0,0.2,-0.06195373179931574,-0.10622754170537241,0.21183949775326427,-0.0470209124992248,-0.060433217743572354
surv42,surv42,21,ridge,trend_abs,ma200,750,-0.0013415274309851728,-0.5187968185354381,0.1839649132664456,0.29716493118767007,-0.11320001792122447,-0.6999056903740838,0.8608064784353804,-0.29993487564566235,0.027447177768382465,0.08510638297872343,40.0,0.0,-0.20787434427796425,-0.10622754170537174,-0.028692884489808668,-0.07828442000047964,-0.060433217743571355
surv42,surv42,21,ridge,trend_abs,vol_calm,750,-0.0013415274309851728,-0.5187968185354381,0.24695836090268242,0.29716493118767007,-0.05020657028498765,-0.32388516022558433,1.0451053606990492,-0.3319647356786186,0.029096382647588025,0.051063829787234144,40.0,0.2,-0.04118108257342534,-0.1479998510346634,0.09397665137402123,-0.1167939458805265,-0.016528237742172602
surv42,surv42,42,equal,none,always,500,0.020481546454598182,3.8236502455813204,0.4864491608047654,0.29716493118767007,0.18928422961709535,0.9704606639315629,1.7461021669924388,-0.3248229245241747,0.02624617568964405,1.1102230246251565e-16,50.0,0.6,0.36429145133336194,0.30896206827499695,-0.023032470167510533,0.0896759453202216,-0.024729886679658253
surv42,surv42,42,equal,none,ma200,500,0.020481546454598182,3.8236502455813204,0.3829181092843943,0.29716493118767007,0.08575317809672423,0.453021827484581,1.4770993138186104,-0.3067770086670286,0.0250526733834996,0.07234042553191496,50.0,0.6,0.14256327618732034,0.3089620682749974,-0.17614216890083312,0.08844007341260496,-0.024729886679658253
surv42,surv42,42,equal,none,vol_calm,500,0.020481546454598182,3.8236502455813204,0.4040478146651054,0.29716493118767007,0.10688288347743535,0.5816106984077768,1.5202305230246234,-0.326074843144762,0.02463660286646962,0.0374468085106384,50.0,0.6,0.12161199374651321,0.30524007700712286,-0.0922759858272707,0.099229180534123,-0.029658808321891605
surv42,surv42,42,equal,none,always,750,0.020481546454598182,3.8236502455813204,0.5851882529060541,0.29716493118767007,0.2880233217183841,1.439778610498916,1.9689055728167415,-0.3248229245241747,0.024947739888056774,1.1102230246251565e-16,50.0,1.0,0.36429145133336194,0.34141095982808833,0.03432181499286546,0.1998386320642911,0.11273649205855185
surv42,surv42,42,equal,none,ma200,750,0.020481546454598182,3.8236502455813204,0.4611882839364785,0.29716493118767007,0.16402335274880842,0.8288244295720469,1.6689681006203503,-0.3067770086670286,0.024417049002555095,0.07319148936170218,50.0,0.8,0.14256327618732034,0.3414109598280872,-0.14591235522139168,0.1716953793273983,0.11273649205855252
surv42,surv42,42,equal,none,vol_calm,750,0.020481546454598182,3.8236502455813204,0.45839372806405954,0.29716493118767007,0.16122879687638947,0.8614765143781772,1.642094906848287,-0.326074843144762,0.024703186723001213,0.034042553191489466,50.0,0.8,0.12161199374651321,0.33759670118750695,-0.05678095481048473,0.17991908418108293,0.022682942344583346
surv42,surv42,42,equal,above50dma,always,500,0.020481546454598182,3.8236502455813204,0.4097402233001537,0.29716493118767007,0.11257529211248363,0.591686195195917,1.4816186597045788,-0.3716171734740632,0.02570335696427053,1.1102230246251565e-16,50.0,0.8,0.16897722463710774,0.14991363973099703,0.0016920213142848084,0.12035866100352322,-0.05784011609163309
surv42,surv42,42,equal,above50dma,ma200,500,0.020481546454598182,3.8236502455813204,0.3386438545054695,0.29716493118767007,0.041478923317799454,0.22392228405717512,1.2953593851422645,-0.3703919963131318,0.0238702853441459,0.0655319148936171,50.0,0.6,0.0499236228969413,0.14991363973099725,-0.13565788751151453,0.12679303966048772,-0.05784011609163375
surv42,surv42,42,equal,above50dma,vol_calm,500,0.020481546454598182,3.8236502455813204,0.3350488428188694,0.29716493118767007,0.03788391163119931,0.21312450566565422,1.282052909827852,-0.3703919963131318,0.024978933946061585,0.03914893617021287,50.0,0.6,0.009271846230168634,0.15330113074570662,-0.1049723002623072,0.0833747418347428,-0.026963628907288983
surv42,surv42,42,equal,above50dma,always,750,0.020481546454598182,3.8236502455813204,0.4556026822873145,0.29716493118767007,0.15843775109964442,0.8298547330707607,1.5843718137752754,-0.3716171734740632,0.025071335762193798,1.1102230246251565e-16,50.0,0.8,0.16897722463710774,0.17851765530539598,-0.015721597075815663,0.132301692703916,0.08283588105074369
surv42,surv42,42,equal,above50dma,ma200,750,0.020481546454598182,3.8236502455813204,0.3960219895015735,0.29716493118767007,0.09885705831390346,0.5268221681243934,1.4432546021332269,-0.3703919963131318,0.023315434646392484,0.06638297872340433,50.0,0.8,0.0499236228969413,0.17851765530539576,-0.11006687088875255,0.13880466188545704,0.08283588105074347
surv42,surv42,42,equal,above50dma,vol_calm,750,0.020481546454598182,3.8236502455813204,0.36272692614024216,0.29716493118767007,0.06556199495257209,0.3705149581519522,1.3433791973697837,-0.3703919963131318,0.024846197645018206,0.03574468085106393,50.0,0.8,0.009271846230168634,0.18198940990512047,-0.09766891436275493,0.10212325275281309,0.025775113023525975
surv42,surv42,42,equal,trend_abs,always,500,0.020481546454598182,3.8236502455813204,0.4097402233001537,0.29716493118767007,0.11257529211248363,0.591686195195917,1.4816186597045788,-0.3716171734740632,0.02570335696427053,1.1102230246251565e-16,50.0,0.8,0.16897722463710774,0.14991363973099703,0.0016920213142848084,0.12035866100352322,-0.05784011609163309
surv42,surv42,42,equal,trend_abs,ma200,500,0.020481546454598182,3.8236502455813204,0.3386438545054695,0.29716493118767007,0.041478923317799454,0.22392228405717512,1.2953593851422645,-0.3703919963131318,0.0238702853441459,0.0655319148936171,50.0,0.6,0.0499236228969413,0.14991363973099725,-0.13565788751151453,0.12679303966048772,-0.05784011609163375
surv42,surv42,42,equal,trend_abs,vol_calm,500,0.020481546454598182,3.8236502455813204,0.3350488428188694,0.29716493118767007,0.03788391163119931,0.21312450566565422,1.282052909827852,-0.3703919963131318,0.024978933946061585,0.03914893617021287,50.0,0.6,0.009271846230168634,0.15330113074570662,-0.1049723002623072,0.0833747418347428,-0.026963628907288983
surv42,surv42,42,equal,trend_abs,always,750,0.020481546454598182,3.8236502455813204,0.4556026822873145,0.29716493118767007,0.15843775109964442,0.8298547330707607,1.5843718137752754,-0.3716171734740632,0.025071335762193798,1.1102230246251565e-16,50.0,0.8,0.16897722463710774,0.17851765530539598,-0.015721597075815663,0.132301692703916,0.08283588105074369
surv42,surv42,42,equal,trend_abs,ma200,750,0.020481546454598182,3.8236502455813204,0.3960219895015735,0.29716493118767007,0.09885705831390346,0.5268221681243934,1.4432546021332269,-0.3703919963131318,0.023315434646392484,0.06638297872340433,50.0,0.8,0.0499236228969413,0.17851765530539576,-0.11006687088875255,0.13880466188545704,0.08283588105074347
surv42,surv42,42,equal,trend_abs,vol_calm,750,0.020481546454598182,3.8236502455813204,0.36272692614024216,0.29716493118767007,0.06556199495257209,0.3705149581519522,1.3433791973697837,-0.3703919963131318,0.024846197645018206,0.03574468085106393,50.0,0.8,0.009271846230168634,0.18198940990512047,-0.09766891436275493,0.10212325275281309,0.025775113023525975
surv42,surv42,42,ridge,none,always,500,0.00313732948391097,0.7666983159335977,0.2830851291837535,0.29716493118767007,-0.014079802003916564,-0.06857019557745866,1.244944557708591,-0.309199754553787,0.028928318486284386,1.1102230246251565e-16,40.0,0.2,0.09756419241172098,-0.0022328989543810573,-0.07126487056286313,-0.08301430986218272,-0.0041394706152224625
surv42,surv42,42,ridge,none,ma200,500,0.00313732948391097,0.7666983159335977,0.18892581948059384,0.29716493118767007,-0.10823911170707623,-0.7000468309694801,0.9344754218580953,-0.288547657980318,0.026966435283624905,0.07319148936170217,40.0,0.0,-0.14431860743160474,-0.002223108243231575,-0.14615723877323328,-0.11768471642066436,-0.0041394706152226846
surv42,surv42,42,ridge,none,vol_calm,500,0.00313732948391097,0.7666983159335977,0.22216434595035262,0.29716493118767007,-0.07500058523731745,-0.46754429619510324,1.0403665072879562,-0.3091816844048807,0.027358815916204295,0.04765957446808521,40.0,0.0,-0.022652588741642332,-0.03644495324635266,-0.12760527401657062,-0.09631292167548311,-0.010206923114068456
surv42,surv42,42,ridge,none,always,750,0.00313732948391097,0.7666983159335977,0.273443960719413,0.29716493118767007,-0.023720970468257052,-0.1241642512439718,1.1932615952278758,-0.309199754553787,0.031227758563503943,1.1102230246251565e-16,40.0,0.2,0.09756419241172098,-0.02693018862113572,-0.050332187315004995,-0.09173579116357466,-0.023151965255568285
surv42,surv42,42,ridge,none,ma200,750,0.00313732948391097,0.7666983159335977,0.18186900801369354,0.29716493118767007,-0.11529592317397652,-0.7383349400460542,0.891025491205734,-0.288547657980318,0.029211522955063542,0.07489361702127663,40.0,0.0,-0.14431860743160474,-0.026920640255147954,-0.1376318862309721,-0.1085817802525817,-0.02315196525556862
surv42,surv42,42,ridge,none,vol_calm,750,0.00313732948391097,0.7666983159335977,0.21085651456540067,0.29716493118767007,-0.0863084166222694,-0.5405551487088835,0.9763323858999329,-0.3091816844048807,0.02911743283366392,0.04765957446808521,40.0,0.0,-0.022652588741642332,-0.06029540699913727,-0.10794244240043604,-0.10010015810343553,-0.03976194727886162
surv42,surv42,42,ridge,above50dma,always,500,0.00313732948391097,0.7666983159335977,0.26501995912406384,0.29716493118767007,-0.032144972063606225,-0.17045723960611306,1.1921084153088293,-0.26869332251621825,0.028882805831299107,1.1102230246251565e-16,40.0,0.2,0.08513403270125042,-0.010186467680546762,-0.07235034056217116,-0.10658297986733334,-0.030379466321501014
surv42,surv42,42,ridge,above50dma,ma200,500,0.00313732948391097,0.7666983159335977,0.18735017430460932,0.29716493118767007,-0.10981475688306075,-0.6473539633796981,0.9397884157915699,-0.25074546562555167,0.027359075728328037,0.06978723404255324,40.0,0.0,-0.10247417381328383,-0.018802754523854714,-0.16235809926055877,-0.11736716256762136,-0.030379466321500903
surv42,surv42,42,ridge,above50dma,vol_calm,500,0.00313732948391097,0.7666983159335977,0.23068315454531074,0.29716493118767007,-0.06648177664235932,-0.37701385175509283,1.0680366109069674,-0.2851709632942552,0.02796397514526818,0.03914893617021287,40.0,0.4,0.011457871658508312,0.000806483949947534,-0.1150373483988203,-0.11815162562061199,-0.041178027033656694
surv42,surv42,42,ridge,above50dma,always,750,0.00313732948391097,0.7666983159335977,0.2553300721935996,0.29716493118767007,-0.04183485899407047,-0.21943100013382458,1.1330448823480805,-0.26869332251621825,0.0317122734055478,0.0008510638297873448,40.0,0.2,0.08513403270125042,-0.014610697621233681,-0.09276932879510247,-0.11853917415796977,-0.021210767582815593
surv42,surv42,42,ridge,above50dma,ma200,750,0.00313732948391097,0.7666983159335977,0.19009540075616616,0.29716493118767007,-0.10706953043150391,-0.6223166748774647,0.9321996910983387,-0.24446049045973683,0.029761960187569252,0.0714893617021277,40.0,0.0,-0.10247417381328383,-0.02318847172149896,-0.15400852593499714,-0.11671680294301068,-0.021210767582814594
surv42,surv42,42,ridge,above50dma,vol_calm,750,0.00313732948391097,0.7666983159335977,0.20312490641024206,0.29716493118767007,-0.09404002477742801,-0.537652496702611,0.9521841503718695,-0.2794268546738867,0.030262380322637058,0.043404255319149036,40.0,0.2,0.011457871658508312,-0.0036669194657948934,-0.1345167302816095,-0.11903050330302145,-0.11157843297585335
surv42,surv42,42,ridge,trend_abs,always,500,0.00313732948391097,0.7666983159335977,0.2795538703656144,0.29716493118767007,-0.017611060822055657,-0.08286893147062266,1.2439090987474661,-0.26869332251621825,0.02867028749708619,1.1102230246251565e-16,40.0,0.2,0.08513403270125042,-0.010186467680546762,-0.01313092297833618,-0.11454126624520522,-0.030379466321500792
surv42,surv42,42,ridge,trend_abs,ma200,500,0.00313732948391097,0.7666983159335977,0.19302356951948973,0.29716493118767007,-0.10414136166818033,-0.6054486209022415,0.9592718821558557,-0.2345225016460123,0.02729771348817093,0.07234042553191493,40.0,0.0,-0.10247417381328383,-0.018802754523854714,-0.14306942271458045,-0.11736716256762125,-0.030379466321502013
surv42,surv42,42,ridge,trend_abs,vol_calm,500,0.00313732948391097,0.7666983159335977,0.24482146902350244,0.29716493118767007,-0.05234346216416763,-0.28750762873133207,1.1200525087710032,-0.2673395505452162,0.02775145681105526,0.03914893617021287,40.0,0.4,0.011457871658508312,0.000806483949947534,-0.05854679959106657,-0.1260068620298419,-0.041178027033656806
surv42,surv42,42,ridge,trend_abs,always,750,0.00313732948391097,0.7666983159335977,0.27751076210408687,0.29716493118767007,-0.019654169083583195,-0.08715533454809675,1.2139932242785207,-0.26869332251621825,0.03138717208498058,0.0008510638297873448,40.0,0.2,0.08513403270125042,-0.014610697621233681,-0.03469496743667222,-0.10183727925997477,-0.021210767582815482
surv42,surv42,42,ridge,trend_abs,ma200,750,0.00313732948391097,0.7666983159335977,0.19584592746437823,0.29716493118767007,-0.10131900372329183,-0.5823095313257886,0.9525299598802136,-0.2345225016460123,0.029700597947412154,0.0740425531914894,40.0,0.0,-0.10247417381328383,-0.02318847172149896,-0.13431417179366445,-0.11671680294301034,-0.021210767582817147
surv42,surv42,42,ridge,trend_abs,vol_calm,750,0.00313732948391097,0.7666983159335977,0.22438209176850576,0.29716493118767007,-0.0727828394191643,-0.4030429857757617,1.0338250248321454,-0.2673395505452162,0.029937279002069835,0.043404255319149036,40.0,0.2,0.011457871658508312,-0.0036669194657948934,-0.07911846319038629,-0.10233791809582593,-0.11157843297585379
shuffled_surv42,surv42,42,equal,none,always,500,0.015718818747607843,3.6644944043894223,0.3383282825961327,0.29716493118767007,0.04116335140846261,0.3314650588142303,1.2628264952691004,-0.3996971767026867,0.028617691771252066,1.1102230246251565e-16,50.0,0.4,-0.04497398402947783,0.22218110989133644,-0.06484712404804316,-0.03535090991540202,0.11401175222637328
shuffled_surv42,surv42,42,equal,none,ma200,500,0.015718818747607843,3.6644944043894223,0.26963071456043375,0.29716493118767007,-0.02753421662723632,-0.11995996689256404,1.1297915731887582,-0.3920435375945289,0.026738751331080966,0.08765957446808513,50.0,0.4,-0.10636588599674246,0.22216399254065955,-0.24179962087890805,-0.03768299808965092,0.11401175222637372
shuffled_surv42,surv42,42,equal,none,vol_calm,500,0.015718818747607843,3.6644944043894223,0.27148800264644035,0.29716493118767007,-0.025676928541229715,-0.08444200016861839,1.088001219837619,-0.3962209388107636,0.028089218865464494,0.043404255319149036,50.0,0.4,-0.10154897396312312,0.11215399749581967,-0.0680721652627937,-0.047668995892496624,0.02840288870629104
shuffled_surv42,surv42,42,equal,none,always,750,0.015718818747607843,3.6644944043894223,0.3338074159007238,0.29716493118767007,0.03664248471305376,0.3127907395394167,1.242556115481384,-0.3996971767026867,0.029496802928354014,1.1102230246251565e-16,50.0,0.6,-0.04497398402947783,0.07706464102421906,-0.07056402022541586,0.06404602031527751,0.13852920014707215
shuffled_surv42,surv42,42,equal,none,ma200,750,0.015718818747607843,3.6644944043894223,0.2532945506990365,0.29716493118767007,-0.043870380488633565,-0.2051391347627181,1.0559396101860403,-0.4104269448494299,0.027231397381817443,0.08595744680851068,50.0,0.6,-0.10636588599674246,0.07704955611330622,-0.2539728248726031,0.02714344705389604,0.13852920014707215
shuffled_surv42,surv42,42,equal,none,vol_calm,750,0.015718818747607843,3.6644944043894223,0.2579220893609142,0.29716493118767007,-0.03924284182675586,-0.16127338465355112,1.0332028643941853,-0.3962209388107636,0.029275549753585456,0.043404255319149036,50.0,0.4,-0.10154897396312312,-0.010011687198601127,-0.15414973929746434,0.07143786528197982,0.0812677941246458
shuffled_surv42,surv42,42,equal,above50dma,always,500,0.015718818747607843,3.6644944043894223,0.3595581948988078,0.29716493118767007,0.062393263711137736,0.4304841522222845,1.3558971754081415,-0.3599936935142347,0.02871722184822498,0.0008510638297873448,50.0,0.6,0.039512819078042716,0.2356697472894571,-0.09161799259136949,-0.035759493864015,0.10820766619697486
shuffled_surv42,surv42,42,equal,above50dma,ma200,500,0.015718818747607843,3.6644944043894223,0.28494920705728677,0.29716493118767007,-0.012215724130383299,-0.03835181536391364,1.1929071403830476,-0.41019018732988677,0.026635151282672676,0.08765957446808514,50.0,0.4,-0.06600026438267936,0.24685453032867422,-0.2757496293993552,-0.005230430131500596,0.10820766619697508
shuffled_surv42,surv42,42,equal,above50dma,vol_calm,500,0.015718818747607843,3.6644944043894223,0.25145782223757673,0.29716493118767007,-0.045707108950093334,-0.21230055109694507,1.0378377681123663,-0.3587061460389114,0.028750459906721135,0.04595744680851073,50.0,0.4,-0.10781073461851065,0.15730649600471458,-0.20167781984218025,-0.041424949385715726,0.059636023556847384
shuffled_surv42,surv42,42,equal,above50dma,always,750,0.015718818747607843,3.6644944043894223,0.39985458933511797,0.29716493118767007,0.1026896581474479,0.6766394287981589,1.4733438099563787,-0.3599936935142347,0.028406557051434994,0.0008510638297873448,50.0,0.8,0.039512819078042716,0.07635463923494301,-0.030666220976004688,0.0965430578598232,0.2049868209043304
shuffled_surv42,surv42,42,equal,above50dma,ma200,750,0.015718818747607843,3.6644944043894223,0.33228568492570076,0.29716493118767007,0.0351207537380307,0.21837830517831688,1.3908822174597073,-0.30175926906107187,0.02744363872049035,0.08510638297872343,50.0,0.6,-0.06600026438267936,0.0860973663183775,-0.18880607404753735,0.1393147240232968,0.17182471482600614
shuffled_surv42,surv42,42,equal,above50dma,vol_calm,750,0.015718818747607843,3.6644944043894223,0.2603977725250184,0.29716493118767007,-0.03676715866265168,-0.1662628450476784,1.0740655656974378,-0.3587061460389114,0.02938212875662952,0.04851063829787244,50.0,0.6,-0.10781073461851065,0.019156196975812723,-0.1568276177293645,0.05021704354499712,0.07438316440895432
shuffled_surv42,surv42,42,equal,trend_abs,always,500,0.015718818747607843,3.6644944043894223,0.353311284224594,0.29716493118767007,0.056146353036923946,0.39167636532455863,1.3334405271627827,-0.3599936935142347,0.02921931048010928,0.0008510638297873448,50.0,0.6,0.00821231624278651,0.24687199348940125,-0.0916179925913686,-0.03575949386401467,0.10820766619697575
shuffled_surv42,surv42,42,equal,trend_abs,ma200,500,0.015718818747607843,3.6644944043894223,0.28494920705728677,0.29716493118767007,-0.012215724130383299,-0.03835181536391364,1.1929071403830476,-0.41019018732988677,0.026635151282672676,0.08765957446808514,50.0,0.4,-0.06600026438267936,0.24685453032867422,-0.2757496293993552,-0.005230430131500596,0.10820766619697508
shuffled_surv42,surv42,42,equal,trend_abs,vol_calm,500,0.015718818747607843,3.6644944043894223,0.25145782223757673,0.29716493118767007,-0.045707108950093334,-0.21230055109694507,1.0378377681123663,-0.3587061460389114,0.028750459906721135,0.04595744680851073,50.0,0.4,-0.10781073461851065,0.15730649600471458,-0.20167781984218025,-0.041424949385715726,0.059636023556847384
shuffled_surv42,surv42,42,equal,trend_abs,always,750,0.015718818747607843,3.6644944043894223,0.3934225244119123,0.29716493118767007,0.09625759322424221,0.6335155441355284,1.4504478397197949,-0.3599936935142347,0.028908645683319294,0.0008510638297873448,50.0,0.8,0.00821231624278651,0.08611257795085825,-0.0306662209760048,0.09654305785982276,0.20498682090433107
shuffled_surv42,surv42,42,equal,trend_abs,ma200,750,0.015718818747607843,3.6644944043894223,0.33228568492570076,0.29716493118767007,0.0351207537380307,0.21837830517831688,1.3908822174597073,-0.30175926906107187,0.02744363872049035,0.08510638297872343,50.0,0.6,-0.06600026438267936,0.0860973663183775,-0.18880607404753735,0.1393147240232968,0.17182471482600614
shuffled_surv42,surv42,42,equal,trend_abs,vol_calm,750,0.015718818747607843,3.6644944043894223,0.2603977725250184,0.29716493118767007,-0.03676715866265168,-0.1662628450476784,1.0740655656974378,-0.3587061460389114,0.02938212875662952,0.04851063829787244,50.0,0.6,-0.10781073461851065,0.019156196975812723,-0.1568276177293645,0.05021704354499712,0.07438316440895432
