slots,entry,exit,rebal,cap,univ,wt,ann,bench,excess,ir,sharpe,maxdd,cost,hold,mhold,ntr,yr_pos,y2020,y2021,y2022,y2023,y2024
8,12,16,1,2,500,equal,0.42495396309002587,0.29716493118767007,0.1277890319023558,0.6465480275570761,1.473087524753684,-0.36043440200812704,0.07995079386979678,15.0,22.380382775119617,418,0.6,0.15986374581285467,0.1932714566785647,-0.0435199071845811,0.23702805086056333,-0.05362318693748103
8,12,16,1,2,750,equal,0.4063458433266607,0.29716493118767007,0.10918091213899062,0.5641035278385139,1.4296113793768646,-0.36043440200812704,0.08548832731544312,15.0,21.267123287671232,438,0.6,0.15986374581285467,0.12792385730042333,-0.026030832389785652,0.16096517583175962,-0.016873617313855505
8,12,16,1,3,500,equal,0.39314365406194396,0.29716493118767007,0.09597872287427389,0.5037436317931762,1.3844646394118136,-0.36043440200812704,0.07999433973708706,15.0,23.15270935960591,406,0.6,0.13104343155784193,0.28451281725449085,-0.11112106509424724,0.18192389811273846,-0.0875906148049922
8,12,16,1,3,750,equal,0.40463932606210906,0.29716493118767007,0.107474394874439,0.5552986764615254,1.4184285871095448,-0.36043440200812704,0.0824002549803808,15.0,22.946210268948654,409,0.6,0.13104343155784193,0.2065573856802989,-0.060410268262025446,0.1716748113516322,-0.03636437566473638
8,12,16,2,2,500,equal,0.3662253830624089,0.29716493118767007,0.06906045187473886,0.39789353767023294,1.295773452878901,-0.36981583744391144,0.06048910501723359,20.0,29.49685534591195,318,0.6,0.05006476602881138,0.22351332303817983,-0.063606381048813,0.21261991384506485,-0.12434696597171657
8,12,16,2,2,750,equal,0.3784674107083992,0.29716493118767007,0.08130247952072911,0.4563262906797491,1.3291283991318494,-0.36981583744391144,0.06293673529270945,20.0,28.796296296296298,324,0.8,0.05006476602881138,0.1437673434877602,0.0002270886609423428,0.2598887046874936,-0.1188181314823894
8,12,16,2,3,500,equal,0.41612354619422387,0.29716493118767007,0.1189586150065538,0.6032550641916776,1.4304227943727612,-0.36981583744391144,0.060610366984872134,20.0,30.388349514563107,309,0.6,0.06062695003818752,0.3747817480737037,-0.04246370975366187,0.18093201102976808,-0.08518314036238916
8,12,16,2,3,750,equal,0.4139132151041245,0.29716493118767007,0.11674828391645442,0.6061656584298125,1.4231996676870828,-0.36981583744391144,0.06195137791805898,20.0,30.258064516129032,310,0.6,0.06062695003818752,0.28517641635901514,-0.0023798165017997475,0.2393691458962086,-0.10903847247785559
8,12,16,4,2,500,equal,0.3708810756962899,0.29716493118767007,0.07371614450861985,0.4221421401047571,1.3096256730296594,-0.37996222117591094,0.04496137690566474,40.0,40.3448275862069,232,0.6,0.04319822817452201,0.28896420634053,-0.07747267903213928,0.06549760546511663,-0.016797832050326922
8,12,16,4,2,750,equal,0.4479730476761796,0.29716493118767007,0.15080811648850956,0.7498827294994141,1.5145095661645356,-0.37996222117591094,0.04508825776509398,40.0,40.08620689655172,232,0.8,0.04319822817452201,0.35456623739073834,-0.03387626510817843,0.1386672565443534,0.07961023338438955
8,12,16,4,3,500,equal,0.3873644586790439,0.29716493118767007,0.09019952749137383,0.48709811890514226,1.3448659594506382,-0.37996222117591094,0.04575010637867575,40.0,40.78260869565217,230,0.6,0.02313005200230811,0.3825975282388794,-0.13168076142858753,0.13500278401502364,-0.014293309387272024
8,12,16,4,3,750,equal,0.4745324200098986,0.29716493118767007,0.17736748882222853,0.8503172462166255,1.5415852823906409,-0.37996222117591094,0.04584336764963867,40.0,40.96069868995633,229,0.8,0.02313005200230811,0.4006994629410068,-0.06292313253504689,0.2101395555709844,0.13251780674257185
8,12,24,1,2,500,equal,0.45505415479467404,0.29716493118767007,0.15788922360700397,0.837901057639914,1.5048959564712896,-0.4206967121645646,0.05592627508918714,20.0,31.83050847457627,295,0.8,0.07515348285452439,0.32941363583561767,0.008890614318743939,0.24660407507354032,-0.02790161196444052
8,12,24,1,2,750,equal,0.505231140749965,0.29716493118767007,0.20806620956229493,1.043037951543077,1.6147272394809642,-0.4206967121645646,0.05880573656442959,20.0,30.47077922077922,308,1.0,0.07515348285452439,0.3505568271766737,0.1163717814686076,0.22497936116624961,0.03359107486277635
8,12,24,1,3,500,equal,0.5000656919967779,0.29716493118767007,0.2029007608091078,1.0075440646562523,1.6009569741426006,-0.4206967121645646,0.055890787749724107,25.0,33.57142857142857,280,0.8,0.12133584332692582,0.4730586999328332,0.07122320131930326,0.24691147146799874,-0.08561539996947443
8,12,24,1,3,750,equal,0.5384392297215823,0.29716493118767007,0.24127429853391225,1.1271099301919874,1.6660821489119646,-0.4206967121645646,0.05957285506172075,20.0,31.51006711409396,298,1.0,0.12133584332692582,0.35777206740800005,0.1516505301608384,0.17533500010659542,0.10376311962471685
8,12,24,2,2,500,equal,0.41077009856131874,0.29716493118767007,0.11360516737364867,0.5713809138732393,1.420329840517926,-0.37434506851894656,0.046288739923339886,30.0,38.92116182572614,241,0.6,0.04703535587951646,0.40608662527267025,-0.05556593464738313,0.13199284292328461,-0.061360728420463584
8,12,24,2,2,750,equal,0.4988764154892882,0.29716493118767007,0.20171148430161812,0.9189569112020896,1.638892385754596,-0.37434506851894656,0.046303330788891366,30.0,38.71900826446281,242,1.0,0.04703535587951646,0.3997851510748003,0.0407230207211049,0.21665970934722822,0.05839997981793332
8,12,24,2,3,500,equal,0.4348643566502157,0.29716493118767007,0.13769942546254565,0.6712473394311539,1.4829442019244305,-0.37434506851894656,0.04610445329943306,30.0,40.34334763948498,233,0.6,0.060657605944996806,0.5205587424238081,-0.10250426680168234,0.22411760123772329,-0.09659588758097626
8,12,24,2,3,750,equal,0.5119118750740801,0.29716493118767007,0.21474694388641002,0.9732293784966415,1.6658925603708443,-0.37434506851894656,0.0468776440195408,30.0,39.57805907172996,237,0.8,0.060657605944996806,0.5324312201213293,0.0329727019303665,0.22367552007084468,-0.002315483862810108
8,12,24,4,2,500,equal,0.5008216669436838,0.29716493118767007,0.20365673575601373,0.9170403254983353,1.6618928049089505,-0.3215976858012266,0.03463584395134617,40.0,52.111111111111114,180,0.8,0.28607994507447243,0.39297443664964793,-0.07102546654927311,0.1363730759621371,0.039940911460534245
8,12,24,4,2,750,equal,0.5325726034455647,0.29716493118767007,0.2354076722578946,1.0091601707279108,1.7028859371011051,-0.3215976858012266,0.034643608621970724,40.0,51.53846153846154,182,0.8,0.28607994507447243,0.39399147681729474,-0.053156145208838934,0.13661746022521415,0.1277350533788768
8,12,24,4,3,500,equal,0.4641999042549225,0.29716493118767007,0.16703497306725246,0.7769652962040998,1.5673933705972518,-0.3366236645306575,0.035785971357264454,40.0,52.80898876404494,178,0.8,0.2870449461199691,0.4207666667114751,-0.1636581282155407,0.13077975177404788,0.013242561424190447
8,12,24,4,3,750,equal,0.5522436547999452,0.29716493118767007,0.2550787236122751,1.090382152969094,1.7559981893075165,-0.3215976858012266,0.03637233318300149,40.0,51.64835164835165,182,0.8,0.2870449461199691,0.42181330188385324,-0.06595576176300755,0.12919166799972337,0.1969068431286216
8,12,32,1,2,500,equal,0.49330610924285856,0.29716493118767007,0.1961411780551885,0.9131676161766336,1.6219133701408341,-0.3672880796435295,0.04278347264749612,35.0,42.152466367713004,223,0.6,0.18529727281219865,0.4464592259419846,-0.10498776355989137,0.2951030925641438,-0.024479363583564506
8,12,32,1,2,750,equal,0.521345619086824,0.29716493118767007,0.2241806878991539,1.0272762539669915,1.6710455707624896,-0.3672880796435295,0.046025459485299035,30.0,39.125,240,0.8,0.18529727281219865,0.38482168235457603,0.011288773407052588,0.29322184227735226,-0.010305771475190184
8,12,32,1,3,500,equal,0.529698934609357,0.29716493118767007,0.23253400342168695,1.0444087435490061,1.6733893812844878,-0.3672880796435295,0.04478215382771527,32.5,42.34234234234234,222,0.8,0.17459668480706658,0.39148610468210854,-0.12810306206101696,0.32090775884241807,0.15995875504709423
8,12,32,1,3,750,equal,0.5596879926920122,0.29716493118767007,0.2625230615043421,1.1357071832659127,1.7402697885786327,-0.3672880796435295,0.04578856018597721,30.0,41.409691629955944,227,0.8,0.17459668480706658,0.4282476644846711,-0.08752123925361521,0.3285752101298032,0.1735202087445269
8,12,32,2,2,500,equal,0.3999414020318355,0.29716493118767007,0.10277647084416541,0.5411030378463071,1.3979489790746418,-0.36476531869788564,0.038894798351981015,40.0,46.48514851485149,202,0.6,0.18055388374768944,0.26747028720334587,-0.13815797000057117,0.20040317569557642,-0.0766387603709332
8,12,32,2,2,750,equal,0.474681557227574,0.29716493118767007,0.17751662603990392,0.8499895415199664,1.5698284764269828,-0.36476531869788564,0.03909199113104502,40.0,46.206896551724135,203,0.8,0.18055388374768944,0.30739586065592195,-0.07800850648787938,0.2355383075101829,0.042147873167484695
8,12,32,2,3,500,equal,0.37146208838913886,0.29716493118767007,0.07429715720146879,0.41693490789353005,1.3024747000802392,-0.36476531869788564,0.04038899001964517,40.0,46.53465346534654,202,0.6,0.14163786689205837,0.28110669989173176,-0.2119963464785326,0.2318453695852536,-0.08258334742433227
8,12,32,2,3,750,equal,0.4111081582805083,0.29716493118767007,0.11394322709283822,0.5886516203661805,1.409389927814665,-0.36476531869788564,0.04013501782824065,40.0,46.9,200,0.8,0.14163786689205837,0.27892258196075503,-0.17959283039723606,0.20568586758318808,0.03125746990356304
8,12,32,4,2,500,equal,0.429020554141488,0.29716493118767007,0.13185562295381792,0.642361238789107,1.4757038960689643,-0.35314785611820687,0.031100612607780336,40.0,59.119496855345915,159,0.8,0.18205435381469615,0.37663031745600195,-0.19381698581265594,0.14228024365390746,0.04470361202925677
8,12,32,4,2,750,equal,0.44397664008346016,0.29716493118767007,0.1468117088957901,0.7057571926945531,1.494626455726201,-0.3375329522602899,0.030828781923755676,40.0,58.75,160,0.8,0.18205435381469615,0.3776458181418614,-0.20942326138715672,0.15462522346035534,0.11098417347520195
8,12,32,4,3,500,equal,0.38374535853249037,0.29716493118767007,0.0865804273448203,0.4576812136645075,1.3485420689217897,-0.3710425664466692,0.03161376938178484,40.0,59.87261146496815,157,0.8,0.17824948191195666,0.3536930931858109,-0.2141933495742283,0.07538216014052002,0.0007307517878853975
8,12,32,4,3,750,equal,0.45604322639796546,0.29716493118767007,0.1588782952102954,0.7507667693367078,1.5134442012685907,-0.3375329522602899,0.03188821158266205,40.0,59.87261146496815,157,0.8,0.17824948191195666,0.36066287656423146,-0.1468206869707549,0.10450847980244982,0.1388594244394934
8,12,48,1,2,500,equal,0.48022536331741983,0.29716493118767007,0.18306043212974976,0.8517844278866088,1.5663859563096922,-0.34958524885124287,0.03258992506065988,45.0,56.626506024096386,166,0.6,0.3724711384289119,0.35580685402844714,-0.0790778427027864,0.19289444520977073,-0.0878775042189015
8,12,48,1,2,750,equal,0.5411656567038741,0.29716493118767007,0.244000725516204,1.09150514334421,1.6987016878291792,-0.34958524885124287,0.03343054010992539,40.0,54.02298850574713,174,0.8,0.3724711384289119,0.4193140234030839,-0.0841970133821851,0.23713820074505243,0.025178944714378648
8,12,48,1,3,500,equal,0.46027551057752425,0.29716493118767007,0.16311057938985418,0.7595519562623737,1.5198019670948417,-0.3765907834677751,0.03223747401222032,45.0,57.668711656441715,163,0.6,0.38273441228263305,0.4313444412143943,-0.22986300736337162,0.15154617378945323,-0.0069167187534106
8,12,48,1,3,750,equal,0.5297666965024344,0.29716493118767007,0.23260176531476429,1.037893863522,1.6773350825777307,-0.3660826535260471,0.03378615384129039,45.0,54.97076023391813,171,0.8,0.38273441228263305,0.49977393535690506,-0.20220688849581592,0.2024084721981494,0.09489485529285213
8,12,48,2,2,500,equal,0.5355028962556159,0.29716493118767007,0.2383379650679458,1.0773105899790112,1.7211510655994484,-0.31712991781671873,0.027645984211134535,50.0,64.82758620689656,145,0.8,0.4853557661987462,0.30017038719398803,-0.08028854770131721,0.19242515209757616,0.042515116156462085
8,12,48,2,2,750,equal,0.500669140529661,0.29716493118767007,0.20350420934199098,0.915337159675044,1.6242977463482482,-0.33589731544655355,0.029630157432027803,50.0,60.645161290322584,155,0.6,0.4853557661987462,0.40897009020804953,-0.16100556468157912,0.1930526840993565,-0.054999426830566356
8,12,48,2,3,500,equal,0.5926222044303484,0.29716493118767007,0.29545727324267834,1.2495460279771466,1.8494955889364952,-0.3344810443122239,0.02741262436258734,50.0,67.62589928057554,139,0.8,0.4932638285429838,0.46128540208993685,-0.17151050381005684,0.36584628361820615,0.0579271192419637
8,12,48,2,3,750,equal,0.5544099479358136,0.29716493118767007,0.2572450167481435,1.1343237084568258,1.7575614171093437,-0.31712991781671873,0.03043051169082723,50.0,61.43790849673203,153,0.6,0.4932638285429838,0.4348950985340563,-0.10269126436316822,0.2181126689317494,-0.0012687113108120762
8,12,48,4,2,500,equal,0.41607279914729145,0.29716493118767007,0.11890786795962138,0.6062649035989741,1.4676002770462682,-0.34328292246078196,0.025781736161977216,60.0,73.4375,128,0.6,0.3761217081838004,0.23896297113443254,-0.1715200890122781,0.11301187902333942,-0.04709174363177682
8,12,48,4,2,750,equal,0.43968203032692865,0.29716493118767007,0.14251709913925859,0.6972290586242649,1.4968110505944965,-0.34328292246078196,0.026879829107837927,60.0,69.62962962962963,135,0.6,0.3761217081838004,0.2603573227583196,-0.1795241773412939,0.15265048784553814,-0.008219539867304615
8,12,48,4,3,500,equal,0.425521234689054,0.29716493118767007,0.12835630350138394,0.6403167336249278,1.492129975633405,-0.34328292246078196,0.025847938467839886,60.0,75.80645161290323,124,0.6,0.35685806687993704,0.2636668946337375,-0.15701716084203854,0.1387967820023115,-0.062148105312363144
8,12,48,4,3,750,equal,0.41659147130109364,0.29716493118767007,0.11942654011342357,0.5988293205199822,1.4379326331708335,-0.34328292246078196,0.027104640655814853,60.0,70.67669172932331,133,0.6,0.35685806687993704,0.24884815908587044,-0.1894335257751829,0.12400778974258486,-0.024406285488516977
8,16,24,1,2,500,equal,0.4532954716389612,0.29716493118767007,0.15613054045129116,0.8309627464409401,1.499580456413652,-0.4206967121645646,0.056086444801064,20.0,31.864406779661017,295,0.8,0.07515348285452439,0.32941363583561767,0.0028158952376462487,0.24746848178891434,-0.02790161196444052
8,16,24,1,2,750,equal,0.5061516394890326,0.29716493118767007,0.20898670830136257,1.0471237146994796,1.616228902864373,-0.4206967121645646,0.05880631587653081,20.0,30.51948051948052,308,1.0,0.07515348285452439,0.3505568271766737,0.1163717814686076,0.22291313696391457,0.03849456105344373
8,16,24,1,3,500,equal,0.5000656919967779,0.29716493118767007,0.2029007608091078,1.0075440646562523,1.6009569741426006,-0.4206967121645646,0.055890787749724107,25.0,33.57142857142857,280,0.8,0.12133584332692582,0.4730586999328332,0.07122320131930326,0.24691147146799874,-0.08561539996947443
8,16,24,1,3,750,equal,0.5391509808155235,0.29716493118767007,0.24198604962785342,1.130209920230367,1.6670223859595354,-0.4206967121645646,0.05957327772080128,20.0,31.543624161073826,298,1.0,0.12133584332692582,0.35777206740800005,0.1516505301608384,0.17252942674258054,0.10901864534659844
8,16,24,2,2,500,equal,0.41932501038939796,0.29716493118767007,0.12216007920172789,0.6054187226142845,1.4421081883699844,-0.37434506851894656,0.046288663049195745,30.0,39.004149377593365,241,0.6,0.04703535587951646,0.40608662527267025,-0.05556593464738313,0.16445615378029443,-0.06136072842046225
8,16,24,2,2,750,equal,0.5018754212223004,0.29716493118767007,0.20471049003463038,0.9303350483316147,1.6447640332457845,-0.37434506851894656,0.04629657407376971,30.0,38.84297520661157,242,1.0,0.04703535587951646,0.3997851510748003,0.0407230207211049,0.22846625326638903,0.05839997981793332
8,16,24,2,3,500,equal,0.4348643566502157,0.29716493118767007,0.13769942546254565,0.6712473394311539,1.4829442019244305,-0.37434506851894656,0.04610445329943306,30.0,40.34334763948498,233,0.6,0.060657605944996806,0.5205587424238081,-0.10250426680168234,0.22411760123772329,-0.09659588758097626
8,16,24,2,3,750,equal,0.5079595341515994,0.29716493118767007,0.21079460296392938,0.9587593885717758,1.6560690134985092,-0.37434506851894656,0.04712255746714429,30.0,39.49579831932773,238,0.8,0.060657605944996806,0.5324312201213293,0.0329727019303665,0.2088849543289626,-0.002315483862809775
8,16,24,4,2,500,equal,0.5041199429300613,0.29716493118767007,0.20695501174239128,0.927890288674976,1.6666835342458337,-0.3215976858012266,0.034632949894093434,40.0,52.22222222222222,180,0.8,0.28607994507447243,0.39297443664964793,-0.07102546654927311,0.14858586990906875,0.039940911460533135
8,16,24,4,2,750,equal,0.5359406567770564,0.29716493118767007,0.2387757255893863,1.019484224784675,1.7075855379407625,-0.3215976858012266,0.034640714564717984,40.0,51.64835164835165,182,0.8,0.28607994507447243,0.39399147681729474,-0.053156145208838934,0.1488328806112189,0.12773505337887636
8,16,24,4,3,500,equal,0.4641999042549225,0.29716493118767007,0.16703497306725246,0.7769652962040998,1.5673933705972518,-0.3366236645306575,0.035785971357264454,40.0,52.80898876404494,178,0.8,0.2870449461199691,0.4207666667114751,-0.1636581282155407,0.13077975177404788,0.013242561424190447
8,16,24,4,3,750,equal,0.5522436547999452,0.29716493118767007,0.2550787236122751,1.090382152969094,1.7559981893075165,-0.3215976858012266,0.03637233318300149,40.0,51.64835164835165,182,0.8,0.2870449461199691,0.42181330188385324,-0.06595576176300755,0.12919166799972337,0.1969068431286216
8,16,32,1,2,500,equal,0.49330610924285856,0.29716493118767007,0.1961411780551885,0.9131676161766336,1.6219133701408341,-0.3672880796435295,0.04278347264749612,35.0,42.152466367713004,223,0.6,0.18529727281219865,0.4464592259419846,-0.10498776355989137,0.2951030925641438,-0.024479363583564506
8,16,32,1,2,750,equal,0.5212721233791426,0.29716493118767007,0.22410719219147257,1.02747382986251,1.6698471754696214,-0.3672880796435295,0.04603298311775166,30.0,39.166666666666664,240,0.8,0.18529727281219865,0.38482168235457603,0.011288773407052588,0.2871738517347273,-0.005618500009171634
8,16,32,1,3,500,equal,0.529698934609357,0.29716493118767007,0.23253400342168695,1.0444087435490061,1.6733893812844878,-0.3672880796435295,0.04478215382771527,32.5,42.34234234234234,222,0.8,0.17459668480706658,0.39148610468210854,-0.12810306206101696,0.32090775884241807,0.15995875504709423
8,16,32,1,3,750,equal,0.5596879926920122,0.29716493118767007,0.2625230615043421,1.1357071832659127,1.7402697885786327,-0.3672880796435295,0.04578856018597721,30.0,41.409691629955944,227,0.8,0.17459668480706658,0.4282476644846711,-0.08752123925361521,0.3285752101298032,0.1735202087445269
8,16,32,2,2,500,equal,0.4058812503422551,0.29716493118767007,0.10871631915458502,0.566167475403455,1.4129645357579352,-0.36476531869788564,0.038892464415669924,40.0,46.53465346534654,202,0.6,0.18055388374768944,0.26747028720334587,-0.13815797000057117,0.22461898635030675,-0.07663876037093342
8,16,32,2,2,750,equal,0.4775913090284185,0.29716493118767007,0.18042637784074844,0.8616406840186255,1.5757594475870915,-0.36476531869788564,0.03908484787467418,40.0,46.30541871921182,203,0.8,0.18055388374768944,0.30739586065592195,-0.07800850648787938,0.24736448634912334,0.042147873167482475
8,16,32,2,3,500,equal,0.37146208838913886,0.29716493118767007,0.07429715720146879,0.41693490789353005,1.3024747000802392,-0.36476531869788564,0.04038899001964517,40.0,46.53465346534654,202,0.6,0.14163786689205837,0.28110669989173176,-0.2119963464785326,0.2318453695852536,-0.08258334742433227
8,16,32,2,3,750,equal,0.40797354514341033,0.29716493118767007,0.11080861395574026,0.5761687692229485,1.4013673446098205,-0.36476531869788564,0.04015948761238111,40.0,47.0,200,0.8,0.14163786689205837,0.27892258196075503,-0.17959283039723606,0.19330517323329532,0.03125746990356282
8,16,32,4,2,500,equal,0.429020554141488,0.29716493118767007,0.13185562295381792,0.642361238789107,1.4757038960689643,-0.35314785611820687,0.031100612607780336,40.0,59.119496855345915,159,0.8,0.18205435381469615,0.37663031745600195,-0.19381698581265594,0.14228024365390746,0.04470361202925677
8,16,32,4,2,750,equal,0.44397664008346016,0.29716493118767007,0.1468117088957901,0.7057571926945531,1.494626455726201,-0.3375329522602899,0.030828781923755676,40.0,58.75,160,0.8,0.18205435381469615,0.3776458181418614,-0.20942326138715672,0.15462522346035534,0.11098417347520195
8,16,32,4,3,500,equal,0.38374535853249037,0.29716493118767007,0.0865804273448203,0.4576812136645075,1.3485420689217897,-0.3710425664466692,0.03161376938178484,40.0,59.87261146496815,157,0.8,0.17824948191195666,0.3536930931858109,-0.2141933495742283,0.07538216014052002,0.0007307517878853975
8,16,32,4,3,750,equal,0.45604322639796546,0.29716493118767007,0.1588782952102954,0.7507667693367078,1.5134442012685907,-0.3375329522602899,0.03188821158266205,40.0,59.87261146496815,157,0.8,0.17824948191195666,0.36066287656423146,-0.1468206869707549,0.10450847980244982,0.1388594244394934
8,16,48,1,2,500,equal,0.48022536331741983,0.29716493118767007,0.18306043212974976,0.8517844278866088,1.5663859563096922,-0.34958524885124287,0.03258992506065988,45.0,56.626506024096386,166,0.6,0.3724711384289119,0.35580685402844714,-0.0790778427027864,0.19289444520977073,-0.0878775042189015
8,16,48,1,2,750,equal,0.5411656567038741,0.29716493118767007,0.244000725516204,1.09150514334421,1.6987016878291792,-0.34958524885124287,0.03343054010992539,40.0,54.02298850574713,174,0.8,0.3724711384289119,0.4193140234030839,-0.0841970133821851,0.23713820074505243,0.025178944714378648
8,16,48,1,3,500,equal,0.46027551057752425,0.29716493118767007,0.16311057938985418,0.7595519562623737,1.5198019670948417,-0.3765907834677751,0.03223747401222032,45.0,57.668711656441715,163,0.6,0.38273441228263305,0.4313444412143943,-0.22986300736337162,0.15154617378945323,-0.0069167187534106
8,16,48,1,3,750,equal,0.5297666965024344,0.29716493118767007,0.23260176531476429,1.037893863522,1.6773350825777307,-0.3660826535260471,0.03378615384129039,45.0,54.97076023391813,171,0.8,0.38273441228263305,0.49977393535690506,-0.20220688849581592,0.2024084721981494,0.09489485529285213
8,16,48,2,2,500,equal,0.5355028962556159,0.29716493118767007,0.2383379650679458,1.0773105899790112,1.7211510655994484,-0.31712991781671873,0.027645984211134535,50.0,64.82758620689656,145,0.8,0.4853557661987462,0.30017038719398803,-0.08028854770131721,0.19242515209757616,0.042515116156462085
8,16,48,2,2,750,equal,0.500669140529661,0.29716493118767007,0.20350420934199098,0.915337159675044,1.6242977463482482,-0.33589731544655355,0.029630157432027803,50.0,60.645161290322584,155,0.6,0.4853557661987462,0.40897009020804953,-0.16100556468157912,0.1930526840993565,-0.054999426830566356
8,16,48,2,3,500,equal,0.5926222044303484,0.29716493118767007,0.29545727324267834,1.2495460279771466,1.8494955889364952,-0.3344810443122239,0.02741262436258734,50.0,67.62589928057554,139,0.8,0.4932638285429838,0.46128540208993685,-0.17151050381005684,0.36584628361820615,0.0579271192419637
8,16,48,2,3,750,equal,0.5544099479358136,0.29716493118767007,0.2572450167481435,1.1343237084568258,1.7575614171093437,-0.31712991781671873,0.03043051169082723,50.0,61.43790849673203,153,0.6,0.4932638285429838,0.4348950985340563,-0.10269126436316822,0.2181126689317494,-0.0012687113108120762
8,16,48,4,2,500,equal,0.41607279914729145,0.29716493118767007,0.11890786795962138,0.6062649035989741,1.4676002770462682,-0.34328292246078196,0.025781736161977216,60.0,73.4375,128,0.6,0.3761217081838004,0.23896297113443254,-0.1715200890122781,0.11301187902333942,-0.04709174363177682
8,16,48,4,2,750,equal,0.43968203032692865,0.29716493118767007,0.14251709913925859,0.6972290586242649,1.4968110505944965,-0.34328292246078196,0.026879829107837927,60.0,69.62962962962963,135,0.6,0.3761217081838004,0.2603573227583196,-0.1795241773412939,0.15265048784553814,-0.008219539867304615
8,16,48,4,3,500,equal,0.425521234689054,0.29716493118767007,0.12835630350138394,0.6403167336249278,1.492129975633405,-0.34328292246078196,0.025847938467839886,60.0,75.80645161290323,124,0.6,0.35685806687993704,0.2636668946337375,-0.15701716084203854,0.1387967820023115,-0.062148105312363144
8,16,48,4,3,750,equal,0.41659147130109364,0.29716493118767007,0.11942654011342357,0.5988293205199822,1.4379326331708335,-0.34328292246078196,0.027104640655814853,60.0,70.67669172932331,133,0.6,0.35685806687993704,0.24884815908587044,-0.1894335257751829,0.12400778974258486,-0.024406285488516977
8,24,32,1,2,500,equal,0.49330610924285856,0.29716493118767007,0.1961411780551885,0.9131676161766336,1.6219133701408341,-0.3672880796435295,0.04278347264749612,35.0,42.152466367713004,223,0.6,0.18529727281219865,0.4464592259419846,-0.10498776355989137,0.2951030925641438,-0.024479363583564506
8,24,32,1,2,750,equal,0.5212721233791426,0.29716493118767007,0.22410719219147257,1.02747382986251,1.6698471754696214,-0.3672880796435295,0.04603298311775166,30.0,39.166666666666664,240,0.8,0.18529727281219865,0.38482168235457603,0.011288773407052588,0.2871738517347273,-0.005618500009171634
8,24,32,1,3,500,equal,0.529698934609357,0.29716493118767007,0.23253400342168695,1.0444087435490061,1.6733893812844878,-0.3672880796435295,0.04478215382771527,32.5,42.34234234234234,222,0.8,0.17459668480706658,0.39148610468210854,-0.12810306206101696,0.32090775884241807,0.15995875504709423
8,24,32,1,3,750,equal,0.5596879926920122,0.29716493118767007,0.2625230615043421,1.1357071832659127,1.7402697885786327,-0.3672880796435295,0.04578856018597721,30.0,41.409691629955944,227,0.8,0.17459668480706658,0.4282476644846711,-0.08752123925361521,0.3285752101298032,0.1735202087445269
8,24,32,2,2,500,equal,0.4058812503422551,0.29716493118767007,0.10871631915458502,0.566167475403455,1.4129645357579352,-0.36476531869788564,0.038892464415669924,40.0,46.53465346534654,202,0.6,0.18055388374768944,0.26747028720334587,-0.13815797000057117,0.22461898635030675,-0.07663876037093342
8,24,32,2,2,750,equal,0.4775913090284185,0.29716493118767007,0.18042637784074844,0.8616406840186255,1.5757594475870915,-0.36476531869788564,0.03908484787467418,40.0,46.30541871921182,203,0.8,0.18055388374768944,0.30739586065592195,-0.07800850648787938,0.24736448634912334,0.042147873167482475
8,24,32,2,3,500,equal,0.37146208838913886,0.29716493118767007,0.07429715720146879,0.41693490789353005,1.3024747000802392,-0.36476531869788564,0.04038899001964517,40.0,46.53465346534654,202,0.6,0.14163786689205837,0.28110669989173176,-0.2119963464785326,0.2318453695852536,-0.08258334742433227
8,24,32,2,3,750,equal,0.40797354514341033,0.29716493118767007,0.11080861395574026,0.5761687692229485,1.4013673446098205,-0.36476531869788564,0.04015948761238111,40.0,47.0,200,0.8,0.14163786689205837,0.27892258196075503,-0.17959283039723606,0.19330517323329532,0.03125746990356282
8,24,32,4,2,500,equal,0.429020554141488,0.29716493118767007,0.13185562295381792,0.642361238789107,1.4757038960689643,-0.35314785611820687,0.031100612607780336,40.0,59.119496855345915,159,0.8,0.18205435381469615,0.37663031745600195,-0.19381698581265594,0.14228024365390746,0.04470361202925677
8,24,32,4,2,750,equal,0.44397664008346016,0.29716493118767007,0.1468117088957901,0.7057571926945531,1.494626455726201,-0.3375329522602899,0.030828781923755676,40.0,58.75,160,0.8,0.18205435381469615,0.3776458181418614,-0.20942326138715672,0.15462522346035534,0.11098417347520195
8,24,32,4,3,500,equal,0.38374535853249037,0.29716493118767007,0.0865804273448203,0.4576812136645075,1.3485420689217897,-0.3710425664466692,0.03161376938178484,40.0,59.87261146496815,157,0.8,0.17824948191195666,0.3536930931858109,-0.2141933495742283,0.07538216014052002,0.0007307517878853975
8,24,32,4,3,750,equal,0.45604322639796546,0.29716493118767007,0.1588782952102954,0.7507667693367078,1.5134442012685907,-0.3375329522602899,0.03188821158266205,40.0,59.87261146496815,157,0.8,0.17824948191195666,0.36066287656423146,-0.1468206869707549,0.10450847980244982,0.1388594244394934
8,24,48,1,2,500,equal,0.48022536331741983,0.29716493118767007,0.18306043212974976,0.8517844278866088,1.5663859563096922,-0.34958524885124287,0.03258992506065988,45.0,56.626506024096386,166,0.6,0.3724711384289119,0.35580685402844714,-0.0790778427027864,0.19289444520977073,-0.0878775042189015
8,24,48,1,2,750,equal,0.5411656567038741,0.29716493118767007,0.244000725516204,1.09150514334421,1.6987016878291792,-0.34958524885124287,0.03343054010992539,40.0,54.02298850574713,174,0.8,0.3724711384289119,0.4193140234030839,-0.0841970133821851,0.23713820074505243,0.025178944714378648
8,24,48,1,3,500,equal,0.46027551057752425,0.29716493118767007,0.16311057938985418,0.7595519562623737,1.5198019670948417,-0.3765907834677751,0.03223747401222032,45.0,57.668711656441715,163,0.6,0.38273441228263305,0.4313444412143943,-0.22986300736337162,0.15154617378945323,-0.0069167187534106
8,24,48,1,3,750,equal,0.5297666965024344,0.29716493118767007,0.23260176531476429,1.037893863522,1.6773350825777307,-0.3660826535260471,0.03378615384129039,45.0,54.97076023391813,171,0.8,0.38273441228263305,0.49977393535690506,-0.20220688849581592,0.2024084721981494,0.09489485529285213
8,24,48,2,2,500,equal,0.5355028962556159,0.29716493118767007,0.2383379650679458,1.0773105899790112,1.7211510655994484,-0.31712991781671873,0.027645984211134535,50.0,64.82758620689656,145,0.8,0.4853557661987462,0.30017038719398803,-0.08028854770131721,0.19242515209757616,0.042515116156462085
8,24,48,2,2,750,equal,0.500669140529661,0.29716493118767007,0.20350420934199098,0.915337159675044,1.6242977463482482,-0.33589731544655355,0.029630157432027803,50.0,60.645161290322584,155,0.6,0.4853557661987462,0.40897009020804953,-0.16100556468157912,0.1930526840993565,-0.054999426830566356
8,24,48,2,3,500,equal,0.5926222044303484,0.29716493118767007,0.29545727324267834,1.2495460279771466,1.8494955889364952,-0.3344810443122239,0.02741262436258734,50.0,67.62589928057554,139,0.8,0.4932638285429838,0.46128540208993685,-0.17151050381005684,0.36584628361820615,0.0579271192419637
8,24,48,2,3,750,equal,0.5544099479358136,0.29716493118767007,0.2572450167481435,1.1343237084568258,1.7575614171093437,-0.31712991781671873,0.03043051169082723,50.0,61.43790849673203,153,0.6,0.4932638285429838,0.4348950985340563,-0.10269126436316822,0.2181126689317494,-0.0012687113108120762
8,24,48,4,2,500,equal,0.41607279914729145,0.29716493118767007,0.11890786795962138,0.6062649035989741,1.4676002770462682,-0.34328292246078196,0.025781736161977216,60.0,73.4375,128,0.6,0.3761217081838004,0.23896297113443254,-0.1715200890122781,0.11301187902333942,-0.04709174363177682
8,24,48,4,2,750,equal,0.43968203032692865,0.29716493118767007,0.14251709913925859,0.6972290586242649,1.4968110505944965,-0.34328292246078196,0.026879829107837927,60.0,69.62962962962963,135,0.6,0.3761217081838004,0.2603573227583196,-0.1795241773412939,0.15265048784553814,-0.008219539867304615
8,24,48,4,3,500,equal,0.425521234689054,0.29716493118767007,0.12835630350138394,0.6403167336249278,1.492129975633405,-0.34328292246078196,0.025847938467839886,60.0,75.80645161290323,124,0.6,0.35685806687993704,0.2636668946337375,-0.15701716084203854,0.1387967820023115,-0.062148105312363144
8,24,48,4,3,750,equal,0.41659147130109364,0.29716493118767007,0.11942654011342357,0.5988293205199822,1.4379326331708335,-0.34328292246078196,0.027104640655814853,60.0,70.67669172932331,133,0.6,0.35685806687993704,0.24884815908587044,-0.1894335257751829,0.12400778974258486,-0.024406285488516977
8,32,48,1,2,500,equal,0.48022536331741983,0.29716493118767007,0.18306043212974976,0.8517844278866088,1.5663859563096922,-0.34958524885124287,0.03258992506065988,45.0,56.626506024096386,166,0.6,0.3724711384289119,0.35580685402844714,-0.0790778427027864,0.19289444520977073,-0.0878775042189015
8,32,48,1,2,750,equal,0.5411656567038741,0.29716493118767007,0.244000725516204,1.09150514334421,1.6987016878291792,-0.34958524885124287,0.03343054010992539,40.0,54.02298850574713,174,0.8,0.3724711384289119,0.4193140234030839,-0.0841970133821851,0.23713820074505243,0.025178944714378648
8,32,48,1,3,500,equal,0.46027551057752425,0.29716493118767007,0.16311057938985418,0.7595519562623737,1.5198019670948417,-0.3765907834677751,0.03223747401222032,45.0,57.668711656441715,163,0.6,0.38273441228263305,0.4313444412143943,-0.22986300736337162,0.15154617378945323,-0.0069167187534106
8,32,48,1,3,750,equal,0.5297666965024344,0.29716493118767007,0.23260176531476429,1.037893863522,1.6773350825777307,-0.3660826535260471,0.03378615384129039,45.0,54.97076023391813,171,0.8,0.38273441228263305,0.49977393535690506,-0.20220688849581592,0.2024084721981494,0.09489485529285213
8,32,48,2,2,500,equal,0.5355028962556159,0.29716493118767007,0.2383379650679458,1.0773105899790112,1.7211510655994484,-0.31712991781671873,0.027645984211134535,50.0,64.82758620689656,145,0.8,0.4853557661987462,0.30017038719398803,-0.08028854770131721,0.19242515209757616,0.042515116156462085
8,32,48,2,2,750,equal,0.500669140529661,0.29716493118767007,0.20350420934199098,0.915337159675044,1.6242977463482482,-0.33589731544655355,0.029630157432027803,50.0,60.645161290322584,155,0.6,0.4853557661987462,0.40897009020804953,-0.16100556468157912,0.1930526840993565,-0.054999426830566356
8,32,48,2,3,500,equal,0.5926222044303484,0.29716493118767007,0.29545727324267834,1.2495460279771466,1.8494955889364952,-0.3344810443122239,0.02741262436258734,50.0,67.62589928057554,139,0.8,0.4932638285429838,0.46128540208993685,-0.17151050381005684,0.36584628361820615,0.0579271192419637
8,32,48,2,3,750,equal,0.5544099479358136,0.29716493118767007,0.2572450167481435,1.1343237084568258,1.7575614171093437,-0.31712991781671873,0.03043051169082723,50.0,61.43790849673203,153,0.6,0.4932638285429838,0.4348950985340563,-0.10269126436316822,0.2181126689317494,-0.0012687113108120762
8,32,48,4,2,500,equal,0.41607279914729145,0.29716493118767007,0.11890786795962138,0.6062649035989741,1.4676002770462682,-0.34328292246078196,0.025781736161977216,60.0,73.4375,128,0.6,0.3761217081838004,0.23896297113443254,-0.1715200890122781,0.11301187902333942,-0.04709174363177682
8,32,48,4,2,750,equal,0.43968203032692865,0.29716493118767007,0.14251709913925859,0.6972290586242649,1.4968110505944965,-0.34328292246078196,0.026879829107837927,60.0,69.62962962962963,135,0.6,0.3761217081838004,0.2603573227583196,-0.1795241773412939,0.15265048784553814,-0.008219539867304615
8,32,48,4,3,500,equal,0.425521234689054,0.29716493118767007,0.12835630350138394,0.6403167336249278,1.492129975633405,-0.34328292246078196,0.025847938467839886,60.0,75.80645161290323,124,0.6,0.35685806687993704,0.2636668946337375,-0.15701716084203854,0.1387967820023115,-0.062148105312363144
8,32,48,4,3,750,equal,0.41659147130109364,0.29716493118767007,0.11942654011342357,0.5988293205199822,1.4379326331708335,-0.34328292246078196,0.027104640655814853,60.0,70.67669172932331,133,0.6,0.35685806687993704,0.24884815908587044,-0.1894335257751829,0.12400778974258486,-0.024406285488516977
10,15,20,1,2,500,equal,0.45133493762283106,0.29716493118767007,0.154170006435161,0.835363802895501,1.5498134342026677,-0.38931580898891727,0.07201499414517316,15.0,23.671399594320487,493,0.8,0.1759552887051683,0.2631726289656542,-0.013571392320923525,0.14410583852049208,0.011186610388406626
10,15,20,1,2,750,equal,0.46161960136282065,0.29716493118767007,0.16445467017515059,0.8692699147369555,1.5635950818684088,-0.38931580898891727,0.07623528136486478,15.0,22.54863813229572,514,1.0,0.1759552887051683,0.23030483058441664,0.002297631015799828,0.20317354904176677,0.0055219579800429575
10,15,20,1,3,500,equal,0.49907263570332905,0.29716493118767007,0.20190770451565898,1.046706835161166,1.656098755166771,-0.39019843654374464,0.06820210567313297,15.0,25.848017621145374,454,0.8,0.1459987910344691,0.43199584348241227,0.05399728861974262,0.2093685075270577,-0.05424088113098491
10,15,20,1,3,750,equal,0.510342819589688,0.29716493118767007,0.2131778884020179,1.0926963515755719,1.6677268985826164,-0.39019843654374464,0.07258220370949396,15.0,24.611344537815125,476,1.0,0.1459987910344691,0.4023792353003226,0.026352082092055973,0.18191140814742246,0.05425987320996839
10,15,20,2,2,500,equal,0.3997444578434246,0.29716493118767007,0.10257952665575454,0.5863417088804791,1.4282371415200017,-0.38752563811409113,0.05218256326029846,20.0,32.52777777777778,360,0.6,0.09988782358578407,0.2906752581470555,-0.022786948198567414,0.1531245111185895,-0.10963819877862091
10,15,20,2,2,750,equal,0.39611691871562416,0.29716493118767007,0.09895198752795409,0.5564574081503196,1.4313293358599881,-0.38752563811409113,0.05335161283311943,20.0,32.005494505494504,364,0.8,0.09988782358578407,0.3267245273195776,0.006042328383943474,0.11791375080421584,-0.14677129561615876
10,15,20,2,3,500,equal,0.39726111863442815,0.29716493118767007,0.10009618744675808,0.5708700395740464,1.4074016540734893,-0.38752563811409113,0.05223655340799555,30.0,33.959537572254334,346,0.6,0.002827613388004746,0.34648561736481587,-0.04700427492834325,0.1650262003049987,-0.05586363280984763
10,15,20,2,3,750,equal,0.3866375457506437,0.29716493118767007,0.08947261456297362,0.5224851023923472,1.38215984827823,-0.38752563811409113,0.05566414003713422,30.0,32.30027548209367,363,0.6,0.002827613388004746,0.3610712100702247,-0.021114636234435658,0.113805797079094,-0.08259035376048995
10,15,20,4,2,500,equal,0.37781863121355297,0.29716493118767007,0.0806537000258829,0.47774466792505704,1.3720452368939047,-0.38527968327975526,0.04041656119545115,40.0,43.210332103321036,271,0.6,0.12648244635201222,0.1542391472119946,-0.05828948953081081,0.09759133806266584,-0.017107969547064616
10,15,20,4,2,750,equal,0.4141452748051122,0.29716493118767007,0.11698034361744214,0.6495933663449072,1.4611378944669873,-0.38527968327975526,0.040026007453671096,40.0,43.13653136531365,271,0.8,0.12648244635201222,0.21282041316082156,-0.05863569580553485,0.0889225331675263,0.06751500294276558
10,15,20,4,3,500,equal,0.3725976017192967,0.29716493118767007,0.07543267053162661,0.4477059992326735,1.349676961464478,-0.38527968327975526,0.03975241541194485,40.0,44.67680608365019,263,0.6,0.05744400694424745,0.19317420158764764,-0.053070619180178524,0.09985666524267867,-0.011978946362174447
10,15,20,4,3,750,equal,0.4078427260693662,0.29716493118767007,0.11067779488169616,0.6200364850285506,1.4344573110901928,-0.38527968327975526,0.040320825700230864,40.0,44.17293233082707,266,0.8,0.05744400694424745,0.18786232457297758,-0.030935225142762035,0.09786857749782318,0.09736732634444967
10,15,30,1,2,500,equal,0.4628253005106546,0.29716493118767007,0.16566036932298456,0.8830124556593277,1.6242077735240972,-0.3494839488747381,0.04975525498367041,25.0,34.39882697947214,341,0.8,0.06842647503437727,0.2664903229798523,0.0002995939057468533,0.33891915052109356,-0.038665741340461524
10,15,30,1,2,750,equal,0.5031778965120564,0.29716493118767007,0.2060129653243863,1.0915089675205871,1.7502746267619693,-0.3494839488747381,0.05230598062088986,20.0,33.0225988700565,354,1.0,0.06842647503437727,0.2299362584020379,0.051486818919697974,0.34081456997229975,0.0670983691806668
10,15,30,1,3,500,equal,0.49870530154285,0.29716493118767007,0.2015403703551799,1.01906686391885,1.6843761077230488,-0.3494839488747381,0.048577232355144,27.5,36.9496855345912,318,0.8,0.1576967256004469,0.3348910567999086,-0.06473100058448555,0.3410547202416496,0.010412710382940338
10,15,30,1,3,750,equal,0.5144372909115633,0.29716493118767007,0.21727235972389325,1.08576904871228,1.7299361954724854,-0.3494839488747381,0.05201643541433468,25.0,34.64601769911504,339,0.8,0.1576967256004469,0.33688796549585276,-0.0450369461571033,0.31741135430288203,0.05492110151088281
10,15,30,2,2,500,equal,0.3970225659413684,0.29716493118767007,0.09985763475369835,0.5564097432848435,1.4368703911895995,-0.36876252592890246,0.040781713713911656,30.0,42.194244604316545,278,0.6,0.07026326894916268,0.24771329946417397,-0.04944833155474426,0.1489392531742677,-0.03910546370637269
10,15,30,2,2,750,equal,0.46059820607000135,0.29716493118767007,0.16343327488233128,0.8420262352733848,1.6009679995215307,-0.36876252592890246,0.04174878601071075,30.0,41.342756183745585,283,0.8,0.07026326894916268,0.3086536577903254,0.03902341898141093,0.19667357873378055,-0.008153670272290858
10,15,30,2,3,500,equal,0.3879182292366117,0.29716493118767007,0.09075329804894161,0.5144597726858631,1.3973360775844443,-0.36876252592890246,0.041739281153264834,40.0,43.1985294117647,272,0.8,0.015013068151211728,0.3736700971421334,-0.13519788604389837,0.11849831260012,0.010780271337587743
10,15,30,2,3,750,equal,0.4042090486993368,0.29716493118767007,0.10704411751166676,0.6011376830493069,1.4380163775601977,-0.36876252592890246,0.0430848578883289,30.0,41.779359430604984,281,0.6,0.015013068151211728,0.40639954609295215,-0.06614402173449918,0.14846601239192636,-0.05733283476653783
10,15,30,4,2,500,equal,0.38927313008671116,0.29716493118767007,0.0921081988990411,0.5028500682576189,1.4156228472742212,-0.32974045526695417,0.03309096985775482,40.0,53.71559633027523,218,0.6,0.19977002775748454,0.29019548626153036,-0.18517265639860336,0.11063613422001084,-0.02932092965592148
10,15,30,4,2,750,equal,0.4455634268277069,0.29716493118767007,0.14839849564003682,0.763755784298092,1.5540439279703095,-0.32974045526695417,0.03222672829048942,40.0,53.87096774193548,217,0.8,0.19977002775748454,0.3458287978581278,-0.16005614739057272,0.149995893174119,0.05450633410133521
10,15,30,4,3,500,equal,0.40538418336265236,0.29716493118767007,0.1082192521749823,0.5745622193746796,1.4674719637876654,-0.32974045526695417,0.0328114867201949,40.0,54.651162790697676,215,0.6,0.1992838651409592,0.297430740047391,-0.13249072822621843,0.1050661635952217,-0.03920528811528978
10,15,30,4,3,750,equal,0.465397076756894,0.29716493118767007,0.16823214556922395,0.8436399353901313,1.603573407095848,-0.32974045526695417,0.03221476617664608,40.0,55.16431924882629,213,0.8,0.1992838651409592,0.29220121659768616,-0.09235518260077114,0.1381604859901182,0.09458663080717544
10,15,40,1,2,500,equal,0.5025294495372037,0.29716493118767007,0.20536451834953362,1.0834857693436606,1.7028267023904233,-0.33615920317078807,0.04018033258421976,35.0,43.66171003717472,269,0.8,0.24946844256100653,0.18779236532083732,-0.003011985802514827,0.3382353121861119,0.003979950770312879
10,15,40,1,2,750,equal,0.5430026101485828,0.29716493118767007,0.2458376789609127,1.2729944814480527,1.806712196127022,-0.33615920317078807,0.04304164940873371,30.0,40.90592334494774,287,1.0,0.24946844256100653,0.2458967371589622,0.05530467880837442,0.27912288350122516,0.0715740102711826
10,15,40,1,3,500,equal,0.45207630091506124,0.29716493118767007,0.15491136972739117,0.8585092942371914,1.5548875367063553,-0.33615920317078807,0.03762465145375992,40.0,47.764227642276424,246,0.8,0.24976610416410439,0.2564791812059253,-0.15175640611019559,0.26866589959205145,0.006509310188151263
10,15,40,1,3,750,equal,0.46511920167275167,0.29716493118767007,0.1679542704850816,0.914266721322466,1.5787089396504965,-0.33615920317078807,0.04002143834267451,35.0,44.847328244274806,262,0.8,0.24976610416410439,0.22512647462325486,-0.15933342926464522,0.2759551164017817,0.08115469595785085
10,15,40,2,2,500,equal,0.5008605245299202,0.29716493118767007,0.20369559334225018,1.0009258981148388,1.7094563279017323,-0.33266870110848745,0.03288851016742226,40.0,52.455357142857146,224,0.6,0.188122552957821,0.4513171218125105,-0.04914535858550684,0.22954217448999503,-0.028824894452937677
10,15,40,2,2,750,equal,0.5259329545427931,0.29716493118767007,0.22876802335512303,1.1307609193932129,1.7517210269944548,-0.33266870110848745,0.034342178631681416,40.0,50.17094017094017,234,1.0,0.188122552957821,0.40329101379562404,0.032863618196092625,0.22915492516480507,0.005740067073331856
10,15,40,2,3,500,equal,0.4576250555313588,0.29716493118767007,0.16046012434368873,0.813632191342706,1.5763474257954788,-0.33266870110848745,0.03293991255759465,40.0,54.651162790697676,215,0.8,0.23169758942236673,0.3499279392214085,-0.15796308299691064,0.20308983387682433,0.016980372236577557
10,15,40,2,3,750,equal,0.5082218251486974,0.29716493118767007,0.21105689396102734,1.0375982374685935,1.700402010887437,-0.33266870110848745,0.0339157003242223,40.0,52.17777777777778,225,0.8,0.23169758942236673,0.40701227095770975,-0.09618394427580323,0.19053969197847054,0.080171985626873
10,15,40,4,2,500,equal,0.4211472586759495,0.29716493118767007,0.12398232748827942,0.6434161381129063,1.538445313082925,-0.332618221590571,0.028587184635643758,40.0,61.8421052631579,190,0.6,0.22360525728356495,0.2850873088044996,-0.13011076047459147,0.13621898403962174,-0.03352207816708175
10,15,40,4,2,750,equal,0.43865046313289,0.29716493118767007,0.14148553194521996,0.7304373752476854,1.5520763538639357,-0.332618221590571,0.028430024958229074,40.0,60.880829015544045,193,0.8,0.22360525728356495,0.3199894184761132,-0.14980996726331075,0.09502975537523395,0.06560199548521983
10,15,40,4,3,500,equal,0.42222831440193853,0.29716493118767007,0.12506338321426846,0.6474000960005067,1.520342115927405,-0.332618221590571,0.02946330898873039,55.0,62.5,188,0.6,0.25094373486508825,0.27763446407761094,-0.1304750589872372,0.09065944717998708,-0.0018704257090019771
10,15,40,4,3,750,equal,0.4502371435945107,0.29716493118767007,0.15307221240684066,0.7796809827455901,1.5630480521329608,-0.332618221590571,0.02941917169746128,40.0,61.8421052631579,190,0.8,0.25094373486508825,0.25755357032785,-0.1237321660569759,0.11053505888534398,0.09090189856656017
10,15,60,1,2,500,equal,0.5178434186140848,0.29716493118767007,0.22067848742641472,1.1208627539774032,1.7455046194431003,-0.3596067123374189,0.02851751735367593,50.0,63.17204301075269,186,0.8,0.3917396402070008,0.23757807238348527,0.061527460739113415,0.28808344644716644,-0.11807356314329498
10,15,60,1,2,750,equal,0.5067395509530461,0.29716493118767007,0.20957461976537606,1.0992118134842508,1.705118631707815,-0.3596067123374189,0.02920180254795685,50.0,60.256410256410255,195,0.6,0.3917396402070008,0.1710295370905517,-0.011229006894333038,0.27954861274445175,-0.022297134561202303
10,15,60,1,3,500,equal,0.4957845642910683,0.29716493118767007,0.19861963310339825,1.0485093922803452,1.7059040123048606,-0.3596067123374189,0.02917069079469514,50.0,63.513513513513516,185,0.6,0.37642111647983856,0.3160564615457835,-0.014451254855819107,0.17078735185344862,-0.07289648716529973
10,15,60,1,3,750,equal,0.47873145376380477,0.29716493118767007,0.1815665225761347,0.9562896374630152,1.652305346670211,-0.3596067123374189,0.030591690571529793,45.0,60.256410256410255,195,0.6,0.37642111647983856,0.25824517681729975,-0.06111585906192485,0.16129829223686598,-0.027387606942851472
10,15,60,2,2,500,equal,0.4864491608047654,0.29716493118767007,0.18928422961709535,0.9704606639315629,1.7461021669924388,-0.3248229245241747,0.02624617568964405,50.0,67.52873563218391,174,0.6,0.36429145133336194,0.30896206827499695,-0.023032470167510533,0.0896759453202216,-0.024729886679658253
10,15,60,2,2,750,equal,0.5851882529060541,0.29716493118767007,0.2880233217183841,1.439778610498916,1.9689055728167415,-0.3248229245241747,0.024947739888056774,50.0,69.5266272189349,169,1.0,0.36429145133336194,0.34141095982808833,0.03432181499286546,0.1998386320642911,0.11273649205855185
10,15,60,2,3,500,equal,0.5134156628887956,0.29716493118767007,0.21625073170112552,1.103721234917705,1.7894371762478822,-0.3248229245241747,0.02543104178710379,60.0,71.21212121212122,165,0.8,0.3125667887358774,0.2968606053298968,-0.05025211650545025,0.2074692325730132,0.039484705934834885
10,15,60,2,3,750,equal,0.5774061937847652,0.29716493118767007,0.28024126259709514,1.4005843963088624,1.907338241300848,-0.3248229245241747,0.024457768284822167,60.0,72.53086419753086,162,0.8,0.3125667887358774,0.31185754338572913,-0.04969149989920907,0.2810236787508502,0.18574346586140988
10,15,60,4,2,500,equal,0.4363723209448267,0.29716493118767007,0.13920738975715663,0.7726852333595836,1.572178276509823,-0.332618221590571,0.023004330743068988,60.0,78.85906040268456,149,0.8,0.1919609287245181,0.18030435558105706,-0.039014315874770666,0.08501404495454867,0.0870087517296847
10,15,60,4,2,750,equal,0.4601708758987606,0.29716493118767007,0.16300594471109053,0.8796127413417979,1.6111526719851201,-0.332618221590571,0.02280261947619334,60.0,78.85906040268456,149,1.0,0.1919609287245181,0.20297143013092178,0.005311453933497745,0.12373837059533144,0.06711802542247902
10,15,60,4,3,500,equal,0.4429038158784764,0.29716493118767007,0.14573888469080631,0.7861435903215074,1.5999918275496514,-0.332618221590571,0.023107023972785093,60.0,81.59722222222223,144,0.8,0.2830986951673804,0.23041498944154148,-0.07087336107738107,0.09119548811489286,0.013705439946059661
10,15,60,4,3,750,equal,0.5089286187359521,0.29716493118767007,0.211763687548282,1.0941232028055479,1.7366827408397636,-0.332618221590571,0.022031525066765017,60.0,83.33333333333333,141,0.8,0.2830986951673804,0.2540833057019327,-0.00978499597157545,0.13228696886829838,0.11721755186041927
10,20,30,1,2,500,equal,0.46932293778588896,0.29716493118767007,0.1721580065982189,0.91413291739008,1.6402518870993992,-0.3494839488747381,0.05005858723617892,25.0,34.25655976676385,343,0.6,0.06842647503437727,0.29349124685867434,-0.008420913025129706,0.3507733801205608,-0.038665741340461524
10,20,30,1,2,750,equal,0.5010937928540204,0.29716493118767007,0.20392886166635038,1.0810005511260565,1.7395890372838223,-0.3494839488747381,0.053062607072057476,20.0,32.54847645429363,361,1.0,0.06842647503437727,0.2511376611341163,0.0348069807007243,0.35145138183762903,0.05155742372777117
10,20,30,1,3,500,equal,0.49870530154285,0.29716493118767007,0.2015403703551799,1.01906686391885,1.6843761077230488,-0.3494839488747381,0.048577232355144,27.5,36.9496855345912,318,0.8,0.1576967256004469,0.3348910567999086,-0.06473100058448555,0.3410547202416496,0.010412710382940338
10,20,30,1,3,750,equal,0.5146197995659547,0.29716493118767007,0.21745486837828465,1.0865297412187138,1.7304402805015706,-0.3494839488747381,0.0520165475061117,25.0,34.660766961651916,339,0.8,0.1576967256004469,0.33688796549585276,-0.0450369461571033,0.3181435101768073,0.05492110151088303
10,20,30,2,2,500,equal,0.39858026417590975,0.29716493118767007,0.10141533298823968,0.5629406463807959,1.4416477699398036,-0.36876252592890246,0.0407940256445754,32.5,42.26618705035971,278,0.6,0.07026326894916268,0.2622221613050957,-0.05569975808607475,0.14893925317426793,-0.0391054637063728
10,20,30,2,2,750,equal,0.45652057173537464,0.29716493118767007,0.15935564054770457,0.8260503554739467,1.5900904147082664,-0.36876252592890246,0.04232258041451686,30.0,40.940766550522646,287,0.8,0.07026326894916268,0.3100941099189096,0.021919786241396233,0.19988714116863604,-0.008153670272291302
10,20,30,2,3,500,equal,0.3879182292366117,0.29716493118767007,0.09075329804894161,0.5144597726858631,1.3973360775844443,-0.36876252592890246,0.041739281153264834,40.0,43.1985294117647,272,0.8,0.015013068151211728,0.3736700971421334,-0.13519788604389837,0.11849831260012,0.010780271337587743
10,20,30,2,3,750,equal,0.4062821313942009,0.29716493118767007,0.10911720020653082,0.6107038705083111,1.4442570907424708,-0.36876252592890246,0.04308647291054801,30.0,41.81494661921708,281,0.6,0.015013068151211728,0.40639954609295215,-0.06614402173449918,0.15625787457303453,-0.057332834766538054
10,20,30,4,2,500,equal,0.3871195307995401,0.29716493118767007,0.08995459961187002,0.4925889578159418,1.4096009320522036,-0.32974045526695417,0.033383068847773284,40.0,53.40909090909091,220,0.6,0.19977002775748454,0.29019548626153036,-0.19195889673772493,0.11176942562320291,-0.0293209296559217
10,20,30,4,2,750,equal,0.44133177006688484,0.29716493118767007,0.14416683887921478,0.7472152875919665,1.5394613058842777,-0.32974045526695417,0.03262119393916484,40.0,53.40909090909091,220,0.8,0.19977002775748454,0.3458287978581278,-0.16705421828434353,0.1511693472148119,0.04871660437067904
10,20,30,4,3,500,equal,0.40538418336265236,0.29716493118767007,0.1082192521749823,0.5745622193746796,1.4674719637876654,-0.32974045526695417,0.0328114867201949,40.0,54.651162790697676,215,0.6,0.1992838651409592,0.297430740047391,-0.13249072822621843,0.1050661635952217,-0.03920528811528978
10,20,30,4,3,750,equal,0.465397076756894,0.29716493118767007,0.16823214556922395,0.8436399353901313,1.603573407095848,-0.32974045526695417,0.03221476617664608,40.0,55.16431924882629,213,0.8,0.1992838651409592,0.29220121659768616,-0.09235518260077114,0.1381604859901182,0.09458663080717544
10,20,40,1,2,500,equal,0.5010587518068177,0.29716493118767007,0.20389382061914763,1.075941184012785,1.6981496964974805,-0.33615920317078807,0.040275768579394376,35.0,43.51851851851852,270,0.8,0.24946844256100653,0.18779236532083732,-0.007491239409105677,0.33823531218611036,0.003979950770313545
10,20,40,1,2,750,equal,0.5410880236025937,0.29716493118767007,0.2439230924149236,1.2556216132035414,1.798752560516819,-0.33615920317078807,0.04314747122251126,30.0,40.798611111111114,288,1.0,0.24946844256100653,0.2458967371589622,0.05056342091831989,0.27725908791756093,0.0715740102711826
10,20,40,1,3,500,equal,0.45207630091506124,0.29716493118767007,0.15491136972739117,0.8585092942371914,1.5548875367063553,-0.33615920317078807,0.03762465145375992,40.0,47.764227642276424,246,0.8,0.24976610416410439,0.2564791812059253,-0.15175640611019559,0.26866589959205145,0.006509310188151263
10,20,40,1,3,750,equal,0.46511920167275167,0.29716493118767007,0.1679542704850816,0.914266721322466,1.5787089396504965,-0.33615920317078807,0.04002143834267451,35.0,44.847328244274806,262,0.8,0.24976610416410439,0.22512647462325486,-0.15933342926464522,0.2759551164017817,0.08115469595785085
10,20,40,2,2,500,equal,0.5008605245299202,0.29716493118767007,0.20369559334225018,1.0009258981148388,1.7094563279017323,-0.33266870110848745,0.03288851016742226,40.0,52.455357142857146,224,0.6,0.188122552957821,0.4513171218125105,-0.04914535858550684,0.22954217448999503,-0.028824894452937677
10,20,40,2,2,750,equal,0.5237735957074467,0.29716493118767007,0.22660866451977668,1.1240055635068238,1.7452222885362156,-0.33266870110848745,0.03434175519245481,40.0,50.21367521367522,234,0.8,0.188122552957821,0.40329101379562404,0.032863618196092625,0.22915492516480507,-0.0004945727622814866
10,20,40,2,3,500,equal,0.4576250555313588,0.29716493118767007,0.16046012434368873,0.813632191342706,1.5763474257954788,-0.33266870110848745,0.03293991255759465,40.0,54.651162790697676,215,0.8,0.23169758942236673,0.3499279392214085,-0.15796308299691064,0.20308983387682433,0.016980372236577557
10,20,40,2,3,750,equal,0.5088085365039949,0.29716493118767007,0.21164360531632487,1.0380619002329299,1.7025698184652358,-0.33266870110848745,0.034063951184095116,40.0,51.991150442477874,226,0.8,0.23169758942236673,0.40701227095770975,-0.09618394427580323,0.19053969197847054,0.08177340606479233
10,20,40,4,2,500,equal,0.4211472586759495,0.29716493118767007,0.12398232748827942,0.6434161381129063,1.538445313082925,-0.332618221590571,0.028587184635643758,40.0,61.8421052631579,190,0.6,0.22360525728356495,0.2850873088044996,-0.13011076047459147,0.13621898403962174,-0.03352207816708175
10,20,40,4,2,750,equal,0.43865046313289,0.29716493118767007,0.14148553194521996,0.7304373752476854,1.5520763538639357,-0.332618221590571,0.028430024958229074,40.0,60.880829015544045,193,0.8,0.22360525728356495,0.3199894184761132,-0.14980996726331075,0.09502975537523395,0.06560199548521983
10,20,40,4,3,500,equal,0.42222831440193853,0.29716493118767007,0.12506338321426846,0.6474000960005067,1.520342115927405,-0.332618221590571,0.02946330898873039,55.0,62.5,188,0.6,0.25094373486508825,0.27763446407761094,-0.1304750589872372,0.09065944717998708,-0.0018704257090019771
10,20,40,4,3,750,equal,0.4502371435945107,0.29716493118767007,0.15307221240684066,0.7796809827455901,1.5630480521329608,-0.332618221590571,0.02941917169746128,40.0,61.8421052631579,190,0.8,0.25094373486508825,0.25755357032785,-0.1237321660569759,0.11053505888534398,0.09090189856656017
10,20,60,1,2,500,equal,0.5178434186140848,0.29716493118767007,0.22067848742641472,1.1208627539774032,1.7455046194431003,-0.3596067123374189,0.02851751735367593,50.0,63.17204301075269,186,0.8,0.3917396402070008,0.23757807238348527,0.061527460739113415,0.28808344644716644,-0.11807356314329498
10,20,60,1,2,750,equal,0.5067395509530461,0.29716493118767007,0.20957461976537606,1.0992118134842508,1.705118631707815,-0.3596067123374189,0.02920180254795685,50.0,60.256410256410255,195,0.6,0.3917396402070008,0.1710295370905517,-0.011229006894333038,0.27954861274445175,-0.022297134561202303
10,20,60,1,3,500,equal,0.4957845642910683,0.29716493118767007,0.19861963310339825,1.0485093922803452,1.7059040123048606,-0.3596067123374189,0.02917069079469514,50.0,63.513513513513516,185,0.6,0.37642111647983856,0.3160564615457835,-0.014451254855819107,0.17078735185344862,-0.07289648716529973
10,20,60,1,3,750,equal,0.47873145376380477,0.29716493118767007,0.1815665225761347,0.9562896374630152,1.652305346670211,-0.3596067123374189,0.030591690571529793,45.0,60.256410256410255,195,0.6,0.37642111647983856,0.25824517681729975,-0.06111585906192485,0.16129829223686598,-0.027387606942851472
10,20,60,2,2,500,equal,0.4864491608047654,0.29716493118767007,0.18928422961709535,0.9704606639315629,1.7461021669924388,-0.3248229245241747,0.02624617568964405,50.0,67.52873563218391,174,0.6,0.36429145133336194,0.30896206827499695,-0.023032470167510533,0.0896759453202216,-0.024729886679658253
10,20,60,2,2,750,equal,0.5851882529060541,0.29716493118767007,0.2880233217183841,1.439778610498916,1.9689055728167415,-0.3248229245241747,0.024947739888056774,50.0,69.5266272189349,169,1.0,0.36429145133336194,0.34141095982808833,0.03432181499286546,0.1998386320642911,0.11273649205855185
10,20,60,2,3,500,equal,0.5134156628887956,0.29716493118767007,0.21625073170112552,1.103721234917705,1.7894371762478822,-0.3248229245241747,0.02543104178710379,60.0,71.21212121212122,165,0.8,0.3125667887358774,0.2968606053298968,-0.05025211650545025,0.2074692325730132,0.039484705934834885
10,20,60,2,3,750,equal,0.5774061937847652,0.29716493118767007,0.28024126259709514,1.4005843963088624,1.907338241300848,-0.3248229245241747,0.024457768284822167,60.0,72.53086419753086,162,0.8,0.3125667887358774,0.31185754338572913,-0.04969149989920907,0.2810236787508502,0.18574346586140988
10,20,60,4,2,500,equal,0.4363723209448267,0.29716493118767007,0.13920738975715663,0.7726852333595836,1.572178276509823,-0.332618221590571,0.023004330743068988,60.0,78.85906040268456,149,0.8,0.1919609287245181,0.18030435558105706,-0.039014315874770666,0.08501404495454867,0.0870087517296847
10,20,60,4,2,750,equal,0.4601708758987606,0.29716493118767007,0.16300594471109053,0.8796127413417979,1.6111526719851201,-0.332618221590571,0.02280261947619334,60.0,78.85906040268456,149,1.0,0.1919609287245181,0.20297143013092178,0.005311453933497745,0.12373837059533144,0.06711802542247902
10,20,60,4,3,500,equal,0.4429038158784764,0.29716493118767007,0.14573888469080631,0.7861435903215074,1.5999918275496514,-0.332618221590571,0.023107023972785093,60.0,81.59722222222223,144,0.8,0.2830986951673804,0.23041498944154148,-0.07087336107738107,0.09119548811489286,0.013705439946059661
10,20,60,4,3,750,equal,0.5089286187359521,0.29716493118767007,0.211763687548282,1.0941232028055479,1.7366827408397636,-0.332618221590571,0.022031525066765017,60.0,83.33333333333333,141,0.8,0.2830986951673804,0.2540833057019327,-0.00978499597157545,0.13228696886829838,0.11721755186041927
10,30,40,1,2,500,equal,0.5010587518068177,0.29716493118767007,0.20389382061914763,1.075941184012785,1.6981496964974805,-0.33615920317078807,0.040275768579394376,35.0,43.51851851851852,270,0.8,0.24946844256100653,0.18779236532083732,-0.007491239409105677,0.33823531218611036,0.003979950770313545
10,30,40,1,2,750,equal,0.5410880236025937,0.29716493118767007,0.2439230924149236,1.2556216132035414,1.798752560516819,-0.33615920317078807,0.04314747122251126,30.0,40.798611111111114,288,1.0,0.24946844256100653,0.2458967371589622,0.05056342091831989,0.27725908791756093,0.0715740102711826
10,30,40,1,3,500,equal,0.45207630091506124,0.29716493118767007,0.15491136972739117,0.8585092942371914,1.5548875367063553,-0.33615920317078807,0.03762465145375992,40.0,47.764227642276424,246,0.8,0.24976610416410439,0.2564791812059253,-0.15175640611019559,0.26866589959205145,0.006509310188151263
10,30,40,1,3,750,equal,0.46511920167275167,0.29716493118767007,0.1679542704850816,0.914266721322466,1.5787089396504965,-0.33615920317078807,0.04002143834267451,35.0,44.847328244274806,262,0.8,0.24976610416410439,0.22512647462325486,-0.15933342926464522,0.2759551164017817,0.08115469595785085
10,30,40,2,2,500,equal,0.5008605245299202,0.29716493118767007,0.20369559334225018,1.0009258981148388,1.7094563279017323,-0.33266870110848745,0.03288851016742226,40.0,52.455357142857146,224,0.6,0.188122552957821,0.4513171218125105,-0.04914535858550684,0.22954217448999503,-0.028824894452937677
10,30,40,2,2,750,equal,0.5237735957074467,0.29716493118767007,0.22660866451977668,1.1240055635068238,1.7452222885362156,-0.33266870110848745,0.03434175519245481,40.0,50.21367521367522,234,0.8,0.188122552957821,0.40329101379562404,0.032863618196092625,0.22915492516480507,-0.0004945727622814866
10,30,40,2,3,500,equal,0.4576250555313588,0.29716493118767007,0.16046012434368873,0.813632191342706,1.5763474257954788,-0.33266870110848745,0.03293991255759465,40.0,54.651162790697676,215,0.8,0.23169758942236673,0.3499279392214085,-0.15796308299691064,0.20308983387682433,0.016980372236577557
10,30,40,2,3,750,equal,0.5088085365039949,0.29716493118767007,0.21164360531632487,1.0380619002329299,1.7025698184652358,-0.33266870110848745,0.034063951184095116,40.0,51.991150442477874,226,0.8,0.23169758942236673,0.40701227095770975,-0.09618394427580323,0.19053969197847054,0.08177340606479233
10,30,40,4,2,500,equal,0.4211472586759495,0.29716493118767007,0.12398232748827942,0.6434161381129063,1.538445313082925,-0.332618221590571,0.028587184635643758,40.0,61.8421052631579,190,0.6,0.22360525728356495,0.2850873088044996,-0.13011076047459147,0.13621898403962174,-0.03352207816708175
10,30,40,4,2,750,equal,0.43865046313289,0.29716493118767007,0.14148553194521996,0.7304373752476854,1.5520763538639357,-0.332618221590571,0.028430024958229074,40.0,60.880829015544045,193,0.8,0.22360525728356495,0.3199894184761132,-0.14980996726331075,0.09502975537523395,0.06560199548521983
10,30,40,4,3,500,equal,0.42222831440193853,0.29716493118767007,0.12506338321426846,0.6474000960005067,1.520342115927405,-0.332618221590571,0.02946330898873039,55.0,62.5,188,0.6,0.25094373486508825,0.27763446407761094,-0.1304750589872372,0.09065944717998708,-0.0018704257090019771
10,30,40,4,3,750,equal,0.4502371435945107,0.29716493118767007,0.15307221240684066,0.7796809827455901,1.5630480521329608,-0.332618221590571,0.02941917169746128,40.0,61.8421052631579,190,0.8,0.25094373486508825,0.25755357032785,-0.1237321660569759,0.11053505888534398,0.09090189856656017
10,30,60,1,2,500,equal,0.5178434186140848,0.29716493118767007,0.22067848742641472,1.1208627539774032,1.7455046194431003,-0.3596067123374189,0.02851751735367593,50.0,63.17204301075269,186,0.8,0.3917396402070008,0.23757807238348527,0.061527460739113415,0.28808344644716644,-0.11807356314329498
10,30,60,1,2,750,equal,0.5067395509530461,0.29716493118767007,0.20957461976537606,1.0992118134842508,1.705118631707815,-0.3596067123374189,0.02920180254795685,50.0,60.256410256410255,195,0.6,0.3917396402070008,0.1710295370905517,-0.011229006894333038,0.27954861274445175,-0.022297134561202303
10,30,60,1,3,500,equal,0.4957845642910683,0.29716493118767007,0.19861963310339825,1.0485093922803452,1.7059040123048606,-0.3596067123374189,0.02917069079469514,50.0,63.513513513513516,185,0.6,0.37642111647983856,0.3160564615457835,-0.014451254855819107,0.17078735185344862,-0.07289648716529973
10,30,60,1,3,750,equal,0.47873145376380477,0.29716493118767007,0.1815665225761347,0.9562896374630152,1.652305346670211,-0.3596067123374189,0.030591690571529793,45.0,60.256410256410255,195,0.6,0.37642111647983856,0.25824517681729975,-0.06111585906192485,0.16129829223686598,-0.027387606942851472
10,30,60,2,2,500,equal,0.4864491608047654,0.29716493118767007,0.18928422961709535,0.9704606639315629,1.7461021669924388,-0.3248229245241747,0.02624617568964405,50.0,67.52873563218391,174,0.6,0.36429145133336194,0.30896206827499695,-0.023032470167510533,0.0896759453202216,-0.024729886679658253
10,30,60,2,2,750,equal,0.5851882529060541,0.29716493118767007,0.2880233217183841,1.439778610498916,1.9689055728167415,-0.3248229245241747,0.024947739888056774,50.0,69.5266272189349,169,1.0,0.36429145133336194,0.34141095982808833,0.03432181499286546,0.1998386320642911,0.11273649205855185
10,30,60,2,3,500,equal,0.5134156628887956,0.29716493118767007,0.21625073170112552,1.103721234917705,1.7894371762478822,-0.3248229245241747,0.02543104178710379,60.0,71.21212121212122,165,0.8,0.3125667887358774,0.2968606053298968,-0.05025211650545025,0.2074692325730132,0.039484705934834885
10,30,60,2,3,750,equal,0.5774061937847652,0.29716493118767007,0.28024126259709514,1.4005843963088624,1.907338241300848,-0.3248229245241747,0.024457768284822167,60.0,72.53086419753086,162,0.8,0.3125667887358774,0.31185754338572913,-0.04969149989920907,0.2810236787508502,0.18574346586140988
10,30,60,4,2,500,equal,0.4363723209448267,0.29716493118767007,0.13920738975715663,0.7726852333595836,1.572178276509823,-0.332618221590571,0.023004330743068988,60.0,78.85906040268456,149,0.8,0.1919609287245181,0.18030435558105706,-0.039014315874770666,0.08501404495454867,0.0870087517296847
10,30,60,4,2,750,equal,0.4601708758987606,0.29716493118767007,0.16300594471109053,0.8796127413417979,1.6111526719851201,-0.332618221590571,0.02280261947619334,60.0,78.85906040268456,149,1.0,0.1919609287245181,0.20297143013092178,0.005311453933497745,0.12373837059533144,0.06711802542247902
10,30,60,4,3,500,equal,0.4429038158784764,0.29716493118767007,0.14573888469080631,0.7861435903215074,1.5999918275496514,-0.332618221590571,0.023107023972785093,60.0,81.59722222222223,144,0.8,0.2830986951673804,0.23041498944154148,-0.07087336107738107,0.09119548811489286,0.013705439946059661
10,30,60,4,3,750,equal,0.5089286187359521,0.29716493118767007,0.211763687548282,1.0941232028055479,1.7366827408397636,-0.332618221590571,0.022031525066765017,60.0,83.33333333333333,141,0.8,0.2830986951673804,0.2540833057019327,-0.00978499597157545,0.13228696886829838,0.11721755186041927
10,40,60,1,2,500,equal,0.5178434186140848,0.29716493118767007,0.22067848742641472,1.1208627539774032,1.7455046194431003,-0.3596067123374189,0.02851751735367593,50.0,63.17204301075269,186,0.8,0.3917396402070008,0.23757807238348527,0.061527460739113415,0.28808344644716644,-0.11807356314329498
10,40,60,1,2,750,equal,0.5067395509530461,0.29716493118767007,0.20957461976537606,1.0992118134842508,1.705118631707815,-0.3596067123374189,0.02920180254795685,50.0,60.256410256410255,195,0.6,0.3917396402070008,0.1710295370905517,-0.011229006894333038,0.27954861274445175,-0.022297134561202303
10,40,60,1,3,500,equal,0.4957845642910683,0.29716493118767007,0.19861963310339825,1.0485093922803452,1.7059040123048606,-0.3596067123374189,0.02917069079469514,50.0,63.513513513513516,185,0.6,0.37642111647983856,0.3160564615457835,-0.014451254855819107,0.17078735185344862,-0.07289648716529973
10,40,60,1,3,750,equal,0.47873145376380477,0.29716493118767007,0.1815665225761347,0.9562896374630152,1.652305346670211,-0.3596067123374189,0.030591690571529793,45.0,60.256410256410255,195,0.6,0.37642111647983856,0.25824517681729975,-0.06111585906192485,0.16129829223686598,-0.027387606942851472
10,40,60,2,2,500,equal,0.4864491608047654,0.29716493118767007,0.18928422961709535,0.9704606639315629,1.7461021669924388,-0.3248229245241747,0.02624617568964405,50.0,67.52873563218391,174,0.6,0.36429145133336194,0.30896206827499695,-0.023032470167510533,0.0896759453202216,-0.024729886679658253
10,40,60,2,2,750,equal,0.5851882529060541,0.29716493118767007,0.2880233217183841,1.439778610498916,1.9689055728167415,-0.3248229245241747,0.024947739888056774,50.0,69.5266272189349,169,1.0,0.36429145133336194,0.34141095982808833,0.03432181499286546,0.1998386320642911,0.11273649205855185
10,40,60,2,3,500,equal,0.5134156628887956,0.29716493118767007,0.21625073170112552,1.103721234917705,1.7894371762478822,-0.3248229245241747,0.02543104178710379,60.0,71.21212121212122,165,0.8,0.3125667887358774,0.2968606053298968,-0.05025211650545025,0.2074692325730132,0.039484705934834885
10,40,60,2,3,750,equal,0.5774061937847652,0.29716493118767007,0.28024126259709514,1.4005843963088624,1.907338241300848,-0.3248229245241747,0.024457768284822167,60.0,72.53086419753086,162,0.8,0.3125667887358774,0.31185754338572913,-0.04969149989920907,0.2810236787508502,0.18574346586140988
10,40,60,4,2,500,equal,0.4363723209448267,0.29716493118767007,0.13920738975715663,0.7726852333595836,1.572178276509823,-0.332618221590571,0.023004330743068988,60.0,78.85906040268456,149,0.8,0.1919609287245181,0.18030435558105706,-0.039014315874770666,0.08501404495454867,0.0870087517296847
10,40,60,4,2,750,equal,0.4601708758987606,0.29716493118767007,0.16300594471109053,0.8796127413417979,1.6111526719851201,-0.332618221590571,0.02280261947619334,60.0,78.85906040268456,149,1.0,0.1919609287245181,0.20297143013092178,0.005311453933497745,0.12373837059533144,0.06711802542247902
10,40,60,4,3,500,equal,0.4429038158784764,0.29716493118767007,0.14573888469080631,0.7861435903215074,1.5999918275496514,-0.332618221590571,0.023107023972785093,60.0,81.59722222222223,144,0.8,0.2830986951673804,0.23041498944154148,-0.07087336107738107,0.09119548811489286,0.013705439946059661
10,40,60,4,3,750,equal,0.5089286187359521,0.29716493118767007,0.211763687548282,1.0941232028055479,1.7366827408397636,-0.332618221590571,0.022031525066765017,60.0,83.33333333333333,141,0.8,0.2830986951673804,0.2540833057019327,-0.00978499597157545,0.13228696886829838,0.11721755186041927
12,18,24,1,2,500,equal,0.43661185520792567,0.29716493118767007,0.1394469240202556,0.8137002556391199,1.514612915255036,-0.4077385807884548,0.06648398264462632,15.0,25.04488330341113,557,0.8,0.05015658208091267,0.2495137571542152,0.04844016939379814,0.1494379048244534,-0.006643396315752614
12,18,24,1,2,750,equal,0.4589513596231096,0.29716493118767007,0.16178642843543956,0.9184874694886812,1.570361550926054,-0.4077385807884548,0.07154459544254958,15.0,23.24915824915825,594,0.8,0.05015658208091267,0.35948945652021047,0.05258096021361136,0.14011181997378852,-0.014608543527199869
12,18,24,1,3,500,equal,0.454110558097242,0.29716493118767007,0.15694562690957192,0.8810204162097962,1.5411859615550243,-0.40277167946323544,0.06442814431532755,15.0,26.83809523809524,525,0.8,0.08885806771876426,0.28511555893282003,0.04112940788353514,0.18869918365766236,-0.038051774493920165
12,18,24,1,3,750,equal,0.47955176699345126,0.29716493118767007,0.1823868358057812,1.0130906732792515,1.5841671197637046,-0.40277167946323544,0.06871073525331858,15.0,25.170250896057347,558,1.0,0.08885806771876426,0.320231071096599,0.07086806294692205,0.16409065216571528,0.013453119273794112
12,18,24,2,2,500,equal,0.39881659565249206,0.29716493118767007,0.10165166446482199,0.5434584325536623,1.4459874672445259,-0.3823120367150453,0.050023728560138266,20.0,33.111638954869356,421,0.8,0.04988504272904892,0.24686212905478877,0.00012156195505985679,0.1431412382946089,-0.0901428117877554
12,18,24,2,2,750,equal,0.43806506688366564,0.29716493118767007,0.14090013569599558,0.7436103105265695,1.5603642622330838,-0.3823120367150453,0.05021158381514575,20.0,32.845238095238095,420,0.8,0.04988504272904892,0.3502664297634297,0.05371139418608584,0.09584159897304678,-0.0529732395015049
12,18,24,2,3,500,equal,0.43137343540690853,0.29716493118767007,0.13420850421923847,0.7129344746502778,1.504081763386294,-0.3823120367150453,0.05045285582176281,27.5,34.22330097087379,412,0.6,0.07533285420640068,0.44696239454270326,-0.027843426647741643,0.12256372556320372,-0.100464781338793
12,18,24,2,3,750,equal,0.39649447245540603,0.29716493118767007,0.09932954126773597,0.5530523094616615,1.3953587755581949,-0.3823120367150453,0.05169415036123172,20.0,33.556085918854414,419,0.8,0.07533285420640068,0.345987779918415,0.006656859835110884,0.06617724220944732,-0.11995268971938267
12,18,24,4,2,500,equal,0.3971925809821357,0.29716493118767007,0.10002764979446566,0.5453043878230179,1.43159389394961,-0.39175189589525006,0.03600059322529414,40.0,47.25423728813559,295,0.6,0.11614248556555551,0.13513002723971956,-0.02560188493534976,0.15139388991226554,-0.04401106346195738
12,18,24,4,2,750,equal,0.42930845170160614,0.29716493118767007,0.13214352051393607,0.7108228429088361,1.5214715101260645,-0.39175189589525006,0.03597554913933493,40.0,46.51006711409396,298,0.8,0.11614248556555551,0.1501321439472525,-0.004348142295313107,0.14734802338118325,0.03132087275578965
12,18,24,4,3,500,equal,0.38572692226246796,0.29716493118767007,0.0885619910747979,0.49381262692685096,1.3888198887704766,-0.39175189589525006,0.03652393639098768,40.0,47.79661016949152,295,0.6,0.06759520788210893,0.20626067491399835,-0.031241650668233922,0.08295166666666387,-0.029144500591357092
12,18,24,4,3,750,equal,0.39925237798203916,0.29716493118767007,0.1020874467943691,0.5660696509213605,1.4224900392892332,-0.39175189589525006,0.03711643562227429,40.0,46.556291390728475,302,0.8,0.06759520788210893,0.14297414160050326,-0.006606759493779091,0.09366019416799887,0.03665520549246959
12,18,36,1,2,500,equal,0.4643287214140739,0.29716493118767007,0.16716379022640382,0.9301949509710902,1.6561102639339642,-0.3427882237495855,0.04695876347744333,25.0,36.1439588688946,389,0.6,0.08999794348534795,0.2296839304226872,-0.049655311981908756,0.33405839645219704,-0.006572436129588244
12,18,36,1,2,750,equal,0.48189275852777813,0.29716493118767007,0.18472782734010806,1.029307399435817,1.6821685191845654,-0.3427882237495855,0.04963609850326289,25.0,34.629629629629626,405,1.0,0.08999794348534795,0.23992923848617487,0.016136721827151312,0.2525258511183419,0.042446405743923776
12,18,36,1,3,500,equal,0.5193152016842053,0.29716493118767007,0.22215027049653524,1.1587972280201713,1.7742249286486087,-0.3427882237495855,0.04537998776944651,30.0,38.602739726027394,365,0.8,0.19468914066601517,0.3974460791956971,-0.06353774652609767,0.2471280276724288,0.030717002655147763
12,18,36,1,3,750,equal,0.5103944654647685,0.29716493118767007,0.21322953427709845,1.1238800817974781,1.7325823707374783,-0.3427882237495855,0.048809089058634285,25.0,36.1025641025641,390,0.8,0.19468914066601517,0.3083623973363163,-0.044745469604858035,0.2250742351282169,0.07254784425992478
12,18,36,2,2,500,equal,0.43100461237039056,0.29716493118767007,0.1338396811827205,0.7113692918175654,1.5698466584238366,-0.3478138301671583,0.038744585894528054,40.0,43.66459627329193,322,0.6,0.1360717916108758,0.2016361943193674,-0.0032106341165283325,0.16147752679219263,-0.04698234978301896
12,18,36,2,2,750,equal,0.4451382826292438,0.29716493118767007,0.14797335144157375,0.7628275453774194,1.5908857867954662,-0.3478138301671583,0.04001122866251693,30.0,42.16867469879518,332,0.8,0.1360717916108758,0.2427326178355178,0.004104003292741298,0.12416262960734215,-0.009513239735335355
12,18,36,2,3,500,equal,0.42178878267281217,0.29716493118767007,0.1246238514851421,0.6546512256127023,1.5248963420775368,-0.3478138301671583,0.03911622296455023,40.0,45.337620578778136,311,0.6,0.10598576331817688,0.2903370820526783,-0.12140673700973825,0.18148980100101397,-0.011736989186886482
12,18,36,2,3,750,equal,0.38363105552552446,0.29716493118767007,0.08646612433785439,0.4652704200049045,1.4006069931481449,-0.3478138301671583,0.039933774113919907,40.0,44.0,320,0.6,0.10598576331817688,0.31353240559923035,-0.12373959547712243,0.10146321288292359,-0.07780113592242166
12,18,36,4,2,500,equal,0.3754002450221847,0.29716493118767007,0.07823531383451465,0.4236338673886756,1.3886753531806184,-0.35461770230353107,0.03055667380256597,40.0,56.16,250,0.6,0.1615343435851686,0.16667654747423355,-0.07551392260271239,0.0809286102838962,-0.07331562752273735
12,18,36,4,2,750,equal,0.4058810664960846,0.29716493118767007,0.10871613530841451,0.5894552501816026,1.479530867154392,-0.35461770230353107,0.030108284912687425,40.0,55.61752988047809,251,0.6,0.1615343435851686,0.20637945216936204,-0.031314561095602045,0.05155215558081605,-0.024895581041918913
12,18,36,4,3,500,equal,0.392738650296796,0.29716493118767007,0.09557371910912593,0.5197602748618617,1.4373802137945906,-0.35461770230353107,0.03128158109613922,40.0,56.4,250,0.6,0.14698302609742786,0.173614383290694,-0.057538435763454854,0.09497874477798751,-0.04077586720427995
12,18,36,4,3,750,equal,0.38979536034991846,0.29716493118767007,0.0926304291622484,0.510055187897578,1.4013351048915064,-0.35461770230353107,0.031547146780882995,40.0,55.65217391304348,253,0.8,0.14698302609742786,0.15752123591579248,-0.09123282224877793,0.06367697032902653,0.033987575931139435
12,18,48,1,2,500,equal,0.4003226519077303,0.29716493118767007,0.10315772072006024,0.5931434286014745,1.475828434497114,-0.36412021716867027,0.03728593853036236,35.0,46.19672131147541,305,0.6,0.16254431331591013,0.1350332265480918,-0.02522098897480196,0.20776651844640415,-0.11775822693513471
12,18,48,1,2,750,equal,0.4738926467948894,0.29716493118767007,0.17672771560721934,0.9967112172285115,1.6516209295420134,-0.36412021716867027,0.03894826487930907,35.0,44.09090909090909,319,0.8,0.16254431331591013,0.13876108523057562,-0.008193090444997386,0.28766885499248285,0.03693403509422444
12,18,48,1,3,500,equal,0.4533687893234539,0.29716493118767007,0.15620385813578386,0.8676765427575609,1.5903995446045927,-0.36412021716867027,0.03464058718152472,40.0,51.08695652173913,276,0.6,0.24807010252497208,0.294923782376346,-0.09751936708671305,0.1797328990281004,-0.04698768846854895
12,18,48,1,3,750,equal,0.4754010301196814,0.29716493118767007,0.1782360989320113,0.9839961102200547,1.6280509692823366,-0.36412021716867027,0.03648060234581569,35.0,48.27054794520548,292,0.8,0.24807010252497208,0.22748031329185614,-0.09250790049829416,0.19977769781598753,0.05957032616253399
12,18,48,2,2,500,equal,0.4986942158527621,0.29716493118767007,0.201529284665092,1.0341939781349316,1.7281180650925811,-0.3496522391485388,0.031253520238829845,40.0,55.0390625,256,0.6,0.20597497708086143,0.3904922453307913,-0.03235902771815846,0.16805612758715593,-0.00909652532356986
12,18,48,2,2,750,equal,0.5095692132478369,0.29716493118767007,0.21240428206016682,1.087642154082175,1.740531290682185,-0.3496522391485388,0.03218644856386033,40.0,52.546816479400746,267,0.8,0.20597497708086143,0.4192407590676832,-0.0434086578977132,0.18211455151600386,0.0067241752583178105
12,18,48,2,3,500,equal,0.5100649178822712,0.29716493118767007,0.21289998669460108,1.0900729146785602,1.7526448862527146,-0.3496522391485388,0.030489326966407344,50.0,58.264462809917354,242,1.0,0.28934275175895396,0.27004960727306737,0.049129426560943434,0.12933988364882998,0.003865877327071443
12,18,48,2,3,750,equal,0.5147011951344342,0.29716493118767007,0.21753626394676417,1.1017793190405671,1.7683601084312945,-0.3496522391485388,0.031886572085936614,40.0,54.6124031007752,258,0.8,0.28934275175895396,0.38282736182218335,0.008649386118292579,0.13588630082628517,-0.03393187850913115
12,18,48,4,2,500,equal,0.4280460494188898,0.29716493118767007,0.13088111823121973,0.7141046577051325,1.5664680163036364,-0.3533481407869903,0.026195212268823664,40.0,65.88785046728972,214,0.8,0.13240541302051168,0.22590498432530226,-0.05504583278549802,0.10716624425131416,0.028269314574947302
12,18,48,4,2,750,equal,0.4258791702458571,0.29716493118767007,0.12871423905818702,0.7035227778098487,1.5396526879879402,-0.3533481407869903,0.026915661533523268,40.0,63.24324324324324,222,0.8,0.13240541302051168,0.2510802093914486,-0.033942585758010235,0.0848734935588693,0.0020944934632831647
12,18,48,4,3,500,equal,0.4258763125296612,0.29716493118767007,0.12871138134199112,0.6947248146403993,1.5518280955137214,-0.3533481407869903,0.0258832036300209,60.0,69.11764705882354,204,0.8,0.15800309322808936,0.2063866827763694,-0.08088580231032605,0.11283340770631822,0.03791999337076146
12,18,48,4,3,750,equal,0.3992167776241642,0.29716493118767007,0.10205184643649412,0.571008963652438,1.4588030880123932,-0.3533481407869903,0.026610651234997836,40.0,65.27777777777777,216,0.6,0.15800309322808936,0.18833011226428753,-0.0798222366440452,0.09505865486222453,-0.0160702390756291
12,18,72,1,2,500,equal,0.5189533817280341,0.29716493118767007,0.221788450540364,1.1930374058821023,1.8071403802588841,-0.3784323560824773,0.02504942633898112,60.0,67.76442307692308,208,1.0,0.21681397924281565,0.25694386089375043,0.03735793929337672,0.21776804378328296,0.0369690744644835
12,18,72,1,2,750,equal,0.5146333065655473,0.29716493118767007,0.21746837537787722,1.175737329258757,1.7730346954992937,-0.3784323560824773,0.026326338097445317,52.5,64.63302752293578,218,0.8,0.21681397924281565,0.27953372890928807,0.04956353746248654,0.2400152009354053,-0.020644311695278028
12,18,72,1,3,500,equal,0.4974462543490492,0.29716493118767007,0.20028132316137914,1.0915376638499712,1.7363599784283081,-0.3784323560824773,0.025612004293118204,55.0,69.45812807881774,203,0.6,0.2547824798434797,0.23745438177804434,-0.03593191274907526,0.2545766173540551,-6.998536712954362e-05
12,18,72,1,3,750,equal,0.5101501982504415,0.29716493118767007,0.21298526706277143,1.151663127949153,1.7444708045956143,-0.3784323560824773,0.02609271050439205,55.0,67.46411483253588,209,0.8,0.2547824798434797,0.2699599534358712,0.014069153956360214,0.24227597414804336,-0.02263076482811266
12,18,72,2,2,500,equal,0.4522414148121672,0.29716493118767007,0.1550764836244971,0.8670045575820845,1.642134976004526,-0.3496348507431628,0.02294883344623174,50.0,75.0,188,0.8,0.2162503554101185,0.19210659166039434,-0.011914722344829709,0.12310688659490432,0.005743609431671182
12,18,72,2,2,750,equal,0.49446075898528874,0.29716493118767007,0.19729582779761867,1.1092831934504532,1.75639531133705,-0.3496348507431628,0.02318186474799567,50.0,72.62886597938144,194,1.0,0.2162503554101185,0.21424940322862795,0.02357734387130561,0.15955036706327164,0.058248075555733525
12,18,72,2,3,500,equal,0.48618988774647987,0.29716493118767007,0.1890249565588098,1.0196938049443507,1.7351060235155356,-0.3496348507431628,0.023310402010929807,60.0,76.21621621621621,185,1.0,0.20164245291877547,0.16650346886783818,0.04146352711952739,0.23001704241986687,0.002884037676756046
12,18,72,2,3,750,equal,0.5450353117109876,0.29716493118767007,0.24787038052331756,1.3028056101370569,1.8449186733412224,-0.3496348507431628,0.022479540824393424,60.0,76.6304347826087,184,1.0,0.20164245291877547,0.2638436213424651,0.0026558067728459367,0.23304512200191319,0.15883320766689168
12,18,72,4,2,500,equal,0.40355977466725346,0.29716493118767007,0.10639484347958339,0.5869591264730972,1.4934313117932252,-0.3533481407869903,0.019893780911771446,60.0,86.50306748466258,163,1.0,0.05672824551869593,0.03854623823808789,0.00892371111069079,0.18499814853296281,0.050200148130080446
12,18,72,4,2,750,equal,0.4476726087805869,0.29716493118767007,0.15050767759291683,0.840519218164089,1.6133844044592052,-0.3533481407869903,0.02047467177483646,60.0,83.92857142857143,168,1.0,0.05672824551869593,0.10222496795390157,0.07716410412665664,0.1507286745271359,0.10701647683352444
12,18,72,4,3,500,equal,0.40395168806380966,0.29716493118767007,0.10678675687613959,0.5883874305290839,1.4922858393226357,-0.3533481407869903,0.021344765663490944,60.0,84.93975903614458,166,0.8,0.07142873126248106,0.05738245390511798,-0.021362754650872895,0.1707613285764078,0.06322701365370786
12,18,72,4,3,750,equal,0.4680685868368739,0.29716493118767007,0.17090365564920385,0.9439053505244754,1.6523788235610557,-0.3533481407869903,0.020088848074953227,80.0,87.5776397515528,161,1.0,0.07142873126248106,0.12996604862651684,0.058850627265761624,0.19649041438702874,0.1155379228847051
12,24,36,1,2,500,equal,0.46494068144988154,0.29716493118767007,0.16777575026221148,0.9330864091281622,1.655834022869834,-0.3427882237495855,0.04730965044093999,25.0,35.87786259541985,393,0.6,0.0885648367688312,0.2440819704985644,-0.05187005258400934,0.32640931104079995,-0.006572436129588022
12,24,36,1,2,750,equal,0.48511317541516896,0.29716493118767007,0.1879482442274989,1.0424703531323574,1.688928382009413,-0.3427882237495855,0.05010292662191351,25.0,34.306569343065696,411,1.0,0.0885648367688312,0.25988699564283646,0.015225753043477841,0.2475395213677496,0.042923498433546925
12,24,36,1,3,500,equal,0.5218968809648723,0.29716493118767007,0.22473194977720223,1.1674090309699334,1.7769460657073854,-0.3427882237495855,0.045236431452926114,30.0,38.63013698630137,365,0.8,0.19468914066601517,0.3974460791956971,-0.06602760880983538,0.2610702095096238,0.03071700265514754
12,24,36,1,3,750,equal,0.5068746354735714,0.29716493118767007,0.2097097042859013,1.1007442785894161,1.7192263890786779,-0.3427882237495855,0.048991672896784896,25.0,35.87786259541985,393,0.8,0.19468914066601517,0.3083623973363163,-0.06073102000887487,0.23767584388673568,0.06827262953175883
12,24,36,2,2,500,equal,0.4305343107954598,0.29716493118767007,0.13336937960778972,0.7084562025814652,1.5661534586304877,-0.3478138301671583,0.038989338538464105,40.0,43.38461538461539,325,0.6,0.13130631889424493,0.20981788349116792,-0.008612458115692223,0.16336730598308402,-0.04698234978301874
12,24,36,2,2,750,equal,0.4447860171464366,0.29716493118767007,0.14762108595876655,0.7676513326706772,1.5829918241518215,-0.3478138301671583,0.040456866106885515,30.0,41.839762611275965,337,0.8,0.13130631889424493,0.25119293483902094,0.012885010256044938,0.1211781115530548,-0.01730015505267357
12,24,36,2,3,500,equal,0.42178878267281217,0.29716493118767007,0.1246238514851421,0.6546512256127023,1.5248963420775368,-0.3478138301671583,0.03911622296455023,40.0,45.337620578778136,311,0.6,0.10598576331817688,0.2903370820526783,-0.12140673700973825,0.18148980100101397,-0.011736989186886482
12,24,36,2,3,750,equal,0.3788511935851695,0.29716493118767007,0.08168626239749943,0.4418922615633341,1.3856211527783149,-0.3478138301671583,0.04021455811683143,40.0,43.65325077399381,323,0.6,0.10598576331817688,0.31353240559923035,-0.1285328995350904,0.10146321288292515,-0.0872282657284339
12,24,36,4,2,500,equal,0.37068198787797857,0.29716493118767007,0.0735170566903085,0.3997341578302181,1.3720005892691538,-0.35461770230353107,0.03090964342499684,40.0,55.73122529644269,253,0.6,0.1615343435851686,0.16667654747423355,-0.08192342190503632,0.07179359934884189,-0.07331562752273713
12,24,36,4,2,750,equal,0.39633679841579816,0.29716493118767007,0.0991718672281281,0.5447968756980393,1.4424911926847497,-0.35461770230353107,0.030640299342159408,40.0,55.0,256,0.6,0.1615343435851686,0.20637945216936204,-0.044718471941851856,0.042665407326935245,-0.031860143963763354
12,24,36,4,3,500,equal,0.392738650296796,0.29716493118767007,0.09557371910912593,0.5197602748618617,1.4373802137945906,-0.35461770230353107,0.03128158109613922,40.0,56.4,250,0.6,0.14698302609742786,0.173614383290694,-0.057538435763454854,0.09497874477798751,-0.04077586720427995
12,24,36,4,3,750,equal,0.38772909210136053,0.29716493118767007,0.09056416091369046,0.4992665718403291,1.3952921512256367,-0.35461770230353107,0.03163872283006236,40.0,55.511811023622045,254,0.8,0.14698302609742786,0.15752123591579248,-0.09752467090631323,0.06367697032902675,0.033987575931139435
12,24,48,1,2,500,equal,0.41161719459299184,0.29716493118767007,0.11445226340532177,0.656771569736395,1.5145158706648012,-0.36412021716867027,0.03727303328797234,35.0,46.38157894736842,304,0.6,0.16254431331591013,0.16640708297892948,-0.015952601805160893,0.20776651844640437,-0.11775822693513649
12,24,48,1,2,750,equal,0.4739049273217122,0.29716493118767007,0.17673999613404212,0.9960718578017426,1.6554106320669757,-0.36412021716867027,0.03927789869749671,35.0,43.65325077399381,323,0.8,0.16254431331591013,0.13876108523057562,-0.005137850501142793,0.2851485154910043,0.03499315905465772
12,24,48,1,3,500,equal,0.4533687893234539,0.29716493118767007,0.15620385813578386,0.8676765427575609,1.5903995446045927,-0.36412021716867027,0.03464058718152472,40.0,51.08695652173913,276,0.6,0.24807010252497208,0.294923782376346,-0.09751936708671305,0.1797328990281004,-0.04698768846854895
12,24,48,1,3,750,equal,0.4741691381298605,0.29716493118767007,0.17700420694219043,0.976507162034482,1.6246901243557026,-0.36412021716867027,0.036521455574518163,35.0,48.122866894197955,293,0.8,0.24807010252497208,0.22748031329185614,-0.09250790049829416,0.19977769781598753,0.05532758805872673
12,24,48,2,2,500,equal,0.5001915040973999,0.29716493118767007,0.2030265729097298,1.0406670807517608,1.7319858086951274,-0.3496522391485388,0.031196754284508684,40.0,55.078125,256,0.6,0.20597497708086143,0.3904922453307913,-0.0340972972894652,0.17562376609712138,-0.00909652532356986
12,24,48,2,2,750,equal,0.5134545193196851,0.29716493118767007,0.21628958813201504,1.1112005664858942,1.7486069170802454,-0.3496522391485388,0.03281237004421008,40.0,51.64835164835165,273,0.8,0.20597497708086143,0.4289690702336644,-0.029988946174361653,0.17893772846579203,0.0014791145796566596
12,24,48,2,3,500,equal,0.5100649178822712,0.29716493118767007,0.21289998669460108,1.0900729146785602,1.7526448862527146,-0.3496522391485388,0.030489326966407344,50.0,58.264462809917354,242,1.0,0.28934275175895396,0.27004960727306737,0.049129426560943434,0.12933988364882998,0.003865877327071443
12,24,48,2,3,750,equal,0.512904730121978,0.29716493118767007,0.21573979893430795,1.0954615371120957,1.7624352441039577,-0.3496522391485388,0.031886249964803076,40.0,54.651162790697676,258,0.8,0.28934275175895396,0.38282736182218335,0.008649386118292579,0.13588630082628517,-0.03895105771957397
12,24,48,4,2,500,equal,0.4280460494188898,0.29716493118767007,0.13088111823121973,0.7141046577051325,1.5664680163036364,-0.3533481407869903,0.026195212268823664,40.0,65.88785046728972,214,0.8,0.13240541302051168,0.22590498432530226,-0.05504583278549802,0.10716624425131416,0.028269314574947302
12,24,48,4,2,750,equal,0.4190277206795079,0.29716493118767007,0.12186278949183782,0.6702253636036833,1.51590606367778,-0.3533481407869903,0.027226080907560207,40.0,62.666666666666664,225,0.6,0.13240541302051168,0.2510802093914486,-0.042108696218580155,0.07570516227959323,-0.0025330542387722588
12,24,48,4,3,500,equal,0.4258763125296612,0.29716493118767007,0.12871138134199112,0.6947248146403993,1.5518280955137214,-0.3533481407869903,0.0258832036300209,60.0,69.11764705882354,204,0.8,0.15800309322808936,0.2063866827763694,-0.08088580231032605,0.11283340770631822,0.03791999337076146
12,24,48,4,3,750,equal,0.3992167776241642,0.29716493118767007,0.10205184643649412,0.571008963652438,1.4588030880123932,-0.3533481407869903,0.026610651234997836,40.0,65.27777777777777,216,0.6,0.15800309322808936,0.18833011226428753,-0.0798222366440452,0.09505865486222453,-0.0160702390756291
12,24,72,1,2,500,equal,0.5226162027621628,0.29716493118767007,0.22545127157449274,1.2104053609547973,1.8154367260554793,-0.3784323560824773,0.0252137284386021,55.0,67.46411483253588,209,1.0,0.21681397924281565,0.2714533947443172,0.03735793929337694,0.21776804378328252,0.0369690744644835
12,24,72,1,2,750,equal,0.5187195379882006,0.29716493118767007,0.22155460680053052,1.1955441619167095,1.782319858475546,-0.3784323560824773,0.026396786015087857,52.5,64.6788990825688,218,0.8,0.21681397924281565,0.2944123993547074,0.04956353746248654,0.24001520093540596,-0.019376905958558677
12,24,72,1,3,500,equal,0.4974462543490492,0.29716493118767007,0.20028132316137914,1.0915376638499712,1.7363599784283081,-0.3784323560824773,0.025612004293118204,55.0,69.45812807881774,203,0.6,0.2547824798434797,0.23745438177804434,-0.03593191274907526,0.2545766173540551,-6.998536712954362e-05
12,24,72,1,3,750,equal,0.5101501982504415,0.29716493118767007,0.21298526706277143,1.151663127949153,1.7444708045956143,-0.3784323560824773,0.02609271050439205,55.0,67.46411483253588,209,0.8,0.2547824798434797,0.2699599534358712,0.014069153956360214,0.24227597414804336,-0.02263076482811266
12,24,72,2,2,500,equal,0.4522414148121672,0.29716493118767007,0.1550764836244971,0.8670045575820845,1.642134976004526,-0.3496348507431628,0.02294883344623174,50.0,75.0,188,0.8,0.2162503554101185,0.19210659166039434,-0.011914722344829709,0.12310688659490432,0.005743609431671182
12,24,72,2,2,750,equal,0.49267812706989744,0.29716493118767007,0.19551319588222738,1.1020715344316188,1.7500864771100328,-0.3496348507431628,0.02318154262686213,50.0,72.68041237113403,194,1.0,0.2162503554101185,0.21424940322862795,0.02357734387130561,0.15955036706327164,0.0527205348851032
12,24,72,2,3,500,equal,0.48618988774647987,0.29716493118767007,0.1890249565588098,1.0196938049443507,1.7351060235155356,-0.3496348507431628,0.023310402010929807,60.0,76.21621621621621,185,1.0,0.20164245291877547,0.16650346886783818,0.04146352711952739,0.23001704241986687,0.002884037676756046
12,24,72,2,3,750,equal,0.5450353117109876,0.29716493118767007,0.24787038052331756,1.3028056101370569,1.8449186733412224,-0.3496348507431628,0.022479540824393424,60.0,76.6304347826087,184,1.0,0.20164245291877547,0.2638436213424651,0.0026558067728459367,0.23304512200191319,0.15883320766689168
12,24,72,4,2,500,equal,0.40355977466725346,0.29716493118767007,0.10639484347958339,0.5869591264730972,1.4934313117932252,-0.3533481407869903,0.019893780911771446,60.0,86.50306748466258,163,1.0,0.05672824551869593,0.03854623823808789,0.00892371111069079,0.18499814853296281,0.050200148130080446
12,24,72,4,2,750,equal,0.4476726087805869,0.29716493118767007,0.15050767759291683,0.840519218164089,1.6133844044592052,-0.3533481407869903,0.02047467177483646,60.0,83.92857142857143,168,1.0,0.05672824551869593,0.10222496795390157,0.07716410412665664,0.1507286745271359,0.10701647683352444
12,24,72,4,3,500,equal,0.40395168806380966,0.29716493118767007,0.10678675687613959,0.5883874305290839,1.4922858393226357,-0.3533481407869903,0.021344765663490944,60.0,84.93975903614458,166,0.8,0.07142873126248106,0.05738245390511798,-0.021362754650872895,0.1707613285764078,0.06322701365370786
12,24,72,4,3,750,equal,0.4680685868368739,0.29716493118767007,0.17090365564920385,0.9439053505244754,1.6523788235610557,-0.3533481407869903,0.020088848074953227,80.0,87.5776397515528,161,1.0,0.07142873126248106,0.12996604862651684,0.058850627265761624,0.19649041438702874,0.1155379228847051
12,36,48,1,2,500,equal,0.41161719459299184,0.29716493118767007,0.11445226340532177,0.656771569736395,1.5145158706648012,-0.36412021716867027,0.03727303328797234,35.0,46.38157894736842,304,0.6,0.16254431331591013,0.16640708297892948,-0.015952601805160893,0.20776651844640437,-0.11775822693513649
12,36,48,1,2,750,equal,0.4739049273217122,0.29716493118767007,0.17673999613404212,0.9960718578017426,1.6554106320669757,-0.36412021716867027,0.03927789869749671,35.0,43.65325077399381,323,0.8,0.16254431331591013,0.13876108523057562,-0.005137850501142793,0.2851485154910043,0.03499315905465772
12,36,48,1,3,500,equal,0.4533687893234539,0.29716493118767007,0.15620385813578386,0.8676765427575609,1.5903995446045927,-0.36412021716867027,0.03464058718152472,40.0,51.08695652173913,276,0.6,0.24807010252497208,0.294923782376346,-0.09751936708671305,0.1797328990281004,-0.04698768846854895
12,36,48,1,3,750,equal,0.4741691381298605,0.29716493118767007,0.17700420694219043,0.976507162034482,1.6246901243557026,-0.36412021716867027,0.036521455574518163,35.0,48.122866894197955,293,0.8,0.24807010252497208,0.22748031329185614,-0.09250790049829416,0.19977769781598753,0.05532758805872673
12,36,48,2,2,500,equal,0.5001915040973999,0.29716493118767007,0.2030265729097298,1.0406670807517608,1.7319858086951274,-0.3496522391485388,0.031196754284508684,40.0,55.078125,256,0.6,0.20597497708086143,0.3904922453307913,-0.0340972972894652,0.17562376609712138,-0.00909652532356986
12,36,48,2,2,750,equal,0.5134545193196851,0.29716493118767007,0.21628958813201504,1.1112005664858942,1.7486069170802454,-0.3496522391485388,0.03281237004421008,40.0,51.64835164835165,273,0.8,0.20597497708086143,0.4289690702336644,-0.029988946174361653,0.17893772846579203,0.0014791145796566596
12,36,48,2,3,500,equal,0.5100649178822712,0.29716493118767007,0.21289998669460108,1.0900729146785602,1.7526448862527146,-0.3496522391485388,0.030489326966407344,50.0,58.264462809917354,242,1.0,0.28934275175895396,0.27004960727306737,0.049129426560943434,0.12933988364882998,0.003865877327071443
12,36,48,2,3,750,equal,0.512904730121978,0.29716493118767007,0.21573979893430795,1.0954615371120957,1.7624352441039577,-0.3496522391485388,0.031886249964803076,40.0,54.651162790697676,258,0.8,0.28934275175895396,0.38282736182218335,0.008649386118292579,0.13588630082628517,-0.03895105771957397
12,36,48,4,2,500,equal,0.4280460494188898,0.29716493118767007,0.13088111823121973,0.7141046577051325,1.5664680163036364,-0.3533481407869903,0.026195212268823664,40.0,65.88785046728972,214,0.8,0.13240541302051168,0.22590498432530226,-0.05504583278549802,0.10716624425131416,0.028269314574947302
12,36,48,4,2,750,equal,0.4190277206795079,0.29716493118767007,0.12186278949183782,0.6702253636036833,1.51590606367778,-0.3533481407869903,0.027226080907560207,40.0,62.666666666666664,225,0.6,0.13240541302051168,0.2510802093914486,-0.042108696218580155,0.07570516227959323,-0.0025330542387722588
12,36,48,4,3,500,equal,0.4258763125296612,0.29716493118767007,0.12871138134199112,0.6947248146403993,1.5518280955137214,-0.3533481407869903,0.0258832036300209,60.0,69.11764705882354,204,0.8,0.15800309322808936,0.2063866827763694,-0.08088580231032605,0.11283340770631822,0.03791999337076146
12,36,48,4,3,750,equal,0.3992167776241642,0.29716493118767007,0.10205184643649412,0.571008963652438,1.4588030880123932,-0.3533481407869903,0.026610651234997836,40.0,65.27777777777777,216,0.6,0.15800309322808936,0.18833011226428753,-0.0798222366440452,0.09505865486222453,-0.0160702390756291
12,36,72,1,2,500,equal,0.5226162027621628,0.29716493118767007,0.22545127157449274,1.2104053609547973,1.8154367260554793,-0.3784323560824773,0.0252137284386021,55.0,67.46411483253588,209,1.0,0.21681397924281565,0.2714533947443172,0.03735793929337694,0.21776804378328252,0.0369690744644835
12,36,72,1,2,750,equal,0.5187195379882006,0.29716493118767007,0.22155460680053052,1.1955441619167095,1.782319858475546,-0.3784323560824773,0.026396786015087857,52.5,64.6788990825688,218,0.8,0.21681397924281565,0.2944123993547074,0.04956353746248654,0.24001520093540596,-0.019376905958558677
12,36,72,1,3,500,equal,0.4974462543490492,0.29716493118767007,0.20028132316137914,1.0915376638499712,1.7363599784283081,-0.3784323560824773,0.025612004293118204,55.0,69.45812807881774,203,0.6,0.2547824798434797,0.23745438177804434,-0.03593191274907526,0.2545766173540551,-6.998536712954362e-05
12,36,72,1,3,750,equal,0.5101501982504415,0.29716493118767007,0.21298526706277143,1.151663127949153,1.7444708045956143,-0.3784323560824773,0.02609271050439205,55.0,67.46411483253588,209,0.8,0.2547824798434797,0.2699599534358712,0.014069153956360214,0.24227597414804336,-0.02263076482811266
12,36,72,2,2,500,equal,0.4522414148121672,0.29716493118767007,0.1550764836244971,0.8670045575820845,1.642134976004526,-0.3496348507431628,0.02294883344623174,50.0,75.0,188,0.8,0.2162503554101185,0.19210659166039434,-0.011914722344829709,0.12310688659490432,0.005743609431671182
12,36,72,2,2,750,equal,0.49267812706989744,0.29716493118767007,0.19551319588222738,1.1020715344316188,1.7500864771100328,-0.3496348507431628,0.02318154262686213,50.0,72.68041237113403,194,1.0,0.2162503554101185,0.21424940322862795,0.02357734387130561,0.15955036706327164,0.0527205348851032
12,36,72,2,3,500,equal,0.48618988774647987,0.29716493118767007,0.1890249565588098,1.0196938049443507,1.7351060235155356,-0.3496348507431628,0.023310402010929807,60.0,76.21621621621621,185,1.0,0.20164245291877547,0.16650346886783818,0.04146352711952739,0.23001704241986687,0.002884037676756046
12,36,72,2,3,750,equal,0.5450353117109876,0.29716493118767007,0.24787038052331756,1.3028056101370569,1.8449186733412224,-0.3496348507431628,0.022479540824393424,60.0,76.6304347826087,184,1.0,0.20164245291877547,0.2638436213424651,0.0026558067728459367,0.23304512200191319,0.15883320766689168
12,36,72,4,2,500,equal,0.40355977466725346,0.29716493118767007,0.10639484347958339,0.5869591264730972,1.4934313117932252,-0.3533481407869903,0.019893780911771446,60.0,86.50306748466258,163,1.0,0.05672824551869593,0.03854623823808789,0.00892371111069079,0.18499814853296281,0.050200148130080446
12,36,72,4,2,750,equal,0.4476726087805869,0.29716493118767007,0.15050767759291683,0.840519218164089,1.6133844044592052,-0.3533481407869903,0.02047467177483646,60.0,83.92857142857143,168,1.0,0.05672824551869593,0.10222496795390157,0.07716410412665664,0.1507286745271359,0.10701647683352444
12,36,72,4,3,500,equal,0.40395168806380966,0.29716493118767007,0.10678675687613959,0.5883874305290839,1.4922858393226357,-0.3533481407869903,0.021344765663490944,60.0,84.93975903614458,166,0.8,0.07142873126248106,0.05738245390511798,-0.021362754650872895,0.1707613285764078,0.06322701365370786
12,36,72,4,3,750,equal,0.4680685868368739,0.29716493118767007,0.17090365564920385,0.9439053505244754,1.6523788235610557,-0.3533481407869903,0.020088848074953227,80.0,87.5776397515528,161,1.0,0.07142873126248106,0.12996604862651684,0.058850627265761624,0.19649041438702874,0.1155379228847051
12,48,72,1,2,500,equal,0.5226162027621628,0.29716493118767007,0.22545127157449274,1.2104053609547973,1.8154367260554793,-0.3784323560824773,0.0252137284386021,55.0,67.46411483253588,209,1.0,0.21681397924281565,0.2714533947443172,0.03735793929337694,0.21776804378328252,0.0369690744644835
12,48,72,1,2,750,equal,0.5187195379882006,0.29716493118767007,0.22155460680053052,1.1955441619167095,1.782319858475546,-0.3784323560824773,0.026396786015087857,52.5,64.6788990825688,218,0.8,0.21681397924281565,0.2944123993547074,0.04956353746248654,0.24001520093540596,-0.019376905958558677
12,48,72,1,3,500,equal,0.4974462543490492,0.29716493118767007,0.20028132316137914,1.0915376638499712,1.7363599784283081,-0.3784323560824773,0.025612004293118204,55.0,69.45812807881774,203,0.6,0.2547824798434797,0.23745438177804434,-0.03593191274907526,0.2545766173540551,-6.998536712954362e-05
12,48,72,1,3,750,equal,0.5101501982504415,0.29716493118767007,0.21298526706277143,1.151663127949153,1.7444708045956143,-0.3784323560824773,0.02609271050439205,55.0,67.46411483253588,209,0.8,0.2547824798434797,0.2699599534358712,0.014069153956360214,0.24227597414804336,-0.02263076482811266
12,48,72,2,2,500,equal,0.4522414148121672,0.29716493118767007,0.1550764836244971,0.8670045575820845,1.642134976004526,-0.3496348507431628,0.02294883344623174,50.0,75.0,188,0.8,0.2162503554101185,0.19210659166039434,-0.011914722344829709,0.12310688659490432,0.005743609431671182
12,48,72,2,2,750,equal,0.49267812706989744,0.29716493118767007,0.19551319588222738,1.1020715344316188,1.7500864771100328,-0.3496348507431628,0.02318154262686213,50.0,72.68041237113403,194,1.0,0.2162503554101185,0.21424940322862795,0.02357734387130561,0.15955036706327164,0.0527205348851032
12,48,72,2,3,500,equal,0.48618988774647987,0.29716493118767007,0.1890249565588098,1.0196938049443507,1.7351060235155356,-0.3496348507431628,0.023310402010929807,60.0,76.21621621621621,185,1.0,0.20164245291877547,0.16650346886783818,0.04146352711952739,0.23001704241986687,0.002884037676756046
12,48,72,2,3,750,equal,0.5450353117109876,0.29716493118767007,0.24787038052331756,1.3028056101370569,1.8449186733412224,-0.3496348507431628,0.022479540824393424,60.0,76.6304347826087,184,1.0,0.20164245291877547,0.2638436213424651,0.0026558067728459367,0.23304512200191319,0.15883320766689168
12,48,72,4,2,500,equal,0.40355977466725346,0.29716493118767007,0.10639484347958339,0.5869591264730972,1.4934313117932252,-0.3533481407869903,0.019893780911771446,60.0,86.50306748466258,163,1.0,0.05672824551869593,0.03854623823808789,0.00892371111069079,0.18499814853296281,0.050200148130080446
12,48,72,4,2,750,equal,0.4476726087805869,0.29716493118767007,0.15050767759291683,0.840519218164089,1.6133844044592052,-0.3533481407869903,0.02047467177483646,60.0,83.92857142857143,168,1.0,0.05672824551869593,0.10222496795390157,0.07716410412665664,0.1507286745271359,0.10701647683352444
12,48,72,4,3,500,equal,0.40395168806380966,0.29716493118767007,0.10678675687613959,0.5883874305290839,1.4922858393226357,-0.3533481407869903,0.021344765663490944,60.0,84.93975903614458,166,0.8,0.07142873126248106,0.05738245390511798,-0.021362754650872895,0.1707613285764078,0.06322701365370786
12,48,72,4,3,750,equal,0.4680685868368739,0.29716493118767007,0.17090365564920385,0.9439053505244754,1.6523788235610557,-0.3533481407869903,0.020088848074953227,80.0,87.5776397515528,161,1.0,0.07142873126248106,0.12996604862651684,0.058850627265761624,0.19649041438702874,0.1155379228847051
