slots,entry,exit,rebal,cap,univ,ann,bench,excess,ir,sharpe,maxdd,cost,hold,mhold,ntr,cash,yr_pos,yr_min,y2020,y2021,y2022,y2023,y2024
8,10,16,1,2,500,0.41901754979385064,0.29716493118767007,0.12185261860618057,0.6209810030884776,1.4612213290576144,-0.36043440200812704,0.07808669084585095,15.0,22.65281173594132,409,0.014361702127659574,0.6,-0.06259837727244644,0.15986374581285467,0.20611761822250863,-0.056053697343307674,0.22662420461722776,-0.06259837727244644
8,10,16,1,2,750,0.40005794445800014,0.29716493118767007,0.10289301327033007,0.5378885533551173,1.419359609755936,-0.36043440200812704,0.0823611023856457,15.0,21.753554502369667,422,0.023404255319148935,0.6,-0.04330925887266579,0.15986374581285467,0.1363603684357435,-0.04330925887266579,0.16894169925912972,-0.034891492356288856
8,10,16,1,3,500,0.38172772931043086,0.29716493118767007,0.0845627981227608,0.45591161355082777,1.3573071589589567,-0.36043440200812704,0.07931203448861952,15.0,23.225806451612904,403,0.00425531914893617,0.6,-0.12326597834461306,0.13104343155784193,0.28149927199321967,-0.12326597834461306,0.16068176183785843,-0.0919801144717779
8,10,16,1,3,750,0.39947046871446545,0.29716493118767007,0.10230553752679539,0.5357536885987647,1.400531199092336,-0.36043440200812704,0.08152895893196473,15.0,23.061728395061728,405,0.006382978723404255,0.6,-0.07048818777166432,0.13104343155784193,0.20372672860687246,-0.07048818777166432,0.17426295677465875,-0.04127586972308639
8,10,16,2,2,500,0.3750741798940094,0.29716493118767007,0.0779092487063393,0.4358589734460771,1.3198782291200246,-0.36981583744391144,0.05989377352024054,20.0,29.523809523809526,315,0.010638297872340425,0.6,-0.11107709568778545,0.05006476602881138,0.23071765235173292,-0.06360638104881289,0.22379953186554746,-0.11107709568778545
8,10,16,2,2,750,0.37591344038986385,0.29716493118767007,0.07874850920219378,0.4385989514470189,1.3291784157283237,-0.36981583744391144,0.06103065370474029,20.0,29.142857142857142,315,0.023404255319148935,0.6,-0.12711877357299972,0.05006476602881138,0.16266548877765152,-0.006377152971930977,0.24471694532385047,-0.12711877357299972
8,10,16,2,3,500,0.41900598662459276,0.29716493118767007,0.1218410554369227,0.6137656108097651,1.438135152183078,-0.36981583744391144,0.060613394650444144,20.0,30.323624595469255,309,0.0031914893617021275,0.6,-0.08518314036238839,0.06062695003818752,0.3747817480737037,-0.04246370975366187,0.19183829669663033,-0.08518314036238839
8,10,16,2,3,750,0.41342552931642684,0.29716493118767007,0.11626059812875678,0.6003638296135504,1.4231777557815009,-0.36981583744391144,0.06125801793611302,20.0,30.35830618892508,307,0.00851063829787234,0.6,-0.10356503001756867,0.06062695003818752,0.2976376811721333,-0.0023798165017993034,0.21668643134309273,-0.10356503001756867
8,10,18,1,2,500,0.49622125253922666,0.29716493118767007,0.1990563213515566,0.9608399159660476,1.605172950900887,-0.4054453896823781,0.06930540326714042,15.0,25.819444444444443,360,0.011170212765957447,0.6,-0.053583227852126325,0.28352896604079136,0.39571319293104046,-0.053583227852126325,0.21051435240559613,-0.037169217950200006
8,10,18,1,2,750,0.48869350419390556,0.29716493118767007,0.1915285730062355,0.9138112871755972,1.5722573404586015,-0.4054453896823781,0.07526356400686281,15.0,24.13612565445026,382,0.019148936170212766,0.8,-0.023637363357438157,0.28352896604079136,0.30326511117820387,-0.023637363357438157,0.15788618670902688,0.021538558098564975
8,10,18,1,3,500,0.4764833295987394,0.29716493118767007,0.17931839841106934,0.8722297378559803,1.545953862593148,-0.4262823291852841,0.07035691917898422,15.0,26.35211267605634,355,0.0047872340425531915,0.8,-0.08540141529010492,0.11680284068924052,0.4072307626520484,0.03423419510303605,0.2512747874869974,-0.08540141529010492
8,10,18,1,3,750,0.4574185149153136,0.29716493118767007,0.16025358372764353,0.7870147677892663,1.4796928500861728,-0.4262823291852841,0.07495776205660404,15.0,25.175202156334233,371,0.006382978723404255,0.6,-0.02600971171105315,0.11680284068924052,0.3939230971382388,-0.01934715290441369,0.18128917575668435,-0.02600971171105315
8,10,18,2,2,500,0.3423464705556478,0.29716493118767007,0.04518153936797775,0.2880553322021383,1.2395866927072023,-0.36981583744391144,0.054336035746876225,30.0,32.70175438596491,285,0.00851063829787234,0.6,-0.159936590474539,0.0665198470758781,0.2846742310234256,-0.159936590474539,0.11297673794365148,-0.08486763278071785
8,10,18,2,2,750,0.35673696156794343,0.29716493118767007,0.059572030380273366,0.35437047639309,1.2796582454331797,-0.36981583744391144,0.05700802681902875,20.0,31.216216216216218,296,0.01702127659574468,0.6,-0.14410099618782557,0.0665198470758781,0.24588978143285378,-0.09599281191048803,0.19981621137499483,-0.14410099618782557
8,10,18,2,3,500,0.4106974825076526,0.29716493118767007,0.11353255131998252,0.5780315512015505,1.4163645352310137,-0.36981583744391144,0.05684729093993043,30.0,32.76223776223776,286,0.0031914893617021275,0.6,-0.10950325670541572,0.03645039602644484,0.39603942273131887,-0.05765062289482459,0.21953882370134314,-0.10950325670541572
8,10,18,2,3,750,0.43299200835477225,0.29716493118767007,0.13582707716710218,0.6881640199102631,1.4745362207670165,-0.36981583744391144,0.05769881667216503,20.0,32.172413793103445,290,0.007446808510638298,0.6,-0.05008950275809587,0.03645039602644484,0.37311616625888755,-0.03366357625353278,0.22428112896525998,-0.05008950275809587
8,10,20,1,2,500,0.487528165146341,0.29716493118767007,0.19036323395867094,0.9168498001489743,1.5765230490283004,-0.4054453896823781,0.06428702095927943,20.0,27.972972972972972,333,0.009042553191489361,0.6,-0.037642534636572744,0.22029032531122228,0.33737766988862505,-0.020569099056076845,0.251005852007546,-0.037642534636572744
8,10,20,1,2,750,0.484054597758921,0.29716493118767007,0.18688966657125095,0.8918089063448846,1.556989492775799,-0.4054453896823781,0.06774615234608933,15.0,26.580459770114942,348,0.015957446808510637,0.8,-0.020269340727834817,0.22029032531122228,0.30461135605178513,-0.020269340727834817,0.21314377405736895,0.0066113945919661354
8,10,20,1,3,500,0.46809663875409857,0.29716493118767007,0.1709317075664285,0.8346808743916518,1.5095405042350878,-0.4262823291852841,0.06594172586394867,20.0,28.51063829787234,329,0.002127659574468085,0.8,-0.09105515498664118,0.09060702948038335,0.45533605012507894,0.012594484820706686,0.2435106627290553,-0.09105515498664118
8,10,20,1,3,750,0.48072755164885206,0.29716493118767007,0.183562620461182,0.8865654234724286,1.5333418426074041,-0.4262823291852841,0.06986878025485292,20.0,27.194767441860463,344,0.0047872340425531915,0.8,-0.006583334403307273,0.09060702948038335,0.4093124134308612,-0.006583334403307273,0.21960171932534434,0.017410377345898453
8,10,20,2,2,500,0.3662655741253602,0.29716493118767007,0.06910064293769014,0.39497108655633384,1.300441301238831,-0.3636748873829835,0.04997950574969761,30.0,35.51330798479088,263,0.006382978723404255,0.6,-0.09175435670918874,0.08173054267492685,0.26914282186504845,-0.08472701308961084,0.11818181105534764,-0.09175435670918874
8,10,20,2,2,750,0.3973544303861447,0.29716493118767007,0.10018949919847464,0.5221898734851835,1.3956217382297211,-0.3636748873829835,0.05129521899789923,30.0,34.370370370370374,270,0.01276595744680851,0.6,-0.14274987279207052,0.08173054267492685,0.33022565513134605,-0.012611029159086518,0.15976142171465146,-0.14274987279207052
8,10,20,2,3,500,0.3941221616828934,0.29716493118767007,0.09695723049522331,0.5213639164161072,1.3784133587959346,-0.3636748873829835,0.0521228439109824,30.0,35.56818181818182,264,0.0010638297872340426,0.6,-0.11772310649484896,0.0374193276009398,0.3816778099727538,-0.11772310649484896,0.22779731064653164,-0.09547572682581096
8,10,20,2,3,750,0.417659004435295,0.29716493118767007,0.12049407324762496,0.6287017433371013,1.4400917542829084,-0.3636748873829835,0.052872798466611526,30.0,35.0936329588015,267,0.0031914893617021275,0.6,-0.10966970892041128,0.0374193276009398,0.441668124797566,-0.10966970892041128,0.18820688014776832,-0.038328992952819996
8,10,24,1,2,500,0.4456880183723775,0.29716493118767007,0.14852308718470741,0.7990302063842832,1.4803169614050302,-0.4206967121645646,0.05565665971576504,22.5,31.836734693877553,294,0.00425531914893617,0.6,-0.027901611964440076,0.07515348285452439,0.34699220500384453,-0.02165244860151261,0.23159886175850009,-0.027901611964440076
8,10,24,1,2,750,0.4822126126200792,0.29716493118767007,0.18504768143240913,0.9426367949024078,1.5620705964900277,-0.4206967121645646,0.05753181791912149,20.0,30.778145695364238,302,0.011170212765957447,1.0,0.023695466840051083,0.07515348285452439,0.3265851295121698,0.08579388202906202,0.2029865304251961,0.023695466840051083
8,10,24,1,3,500,0.49945309094081636,0.29716493118767007,0.2022881597531463,1.0047393726280218,1.599432440807746,-0.4206967121645646,0.05574375151423862,25.0,33.63799283154122,279,0.0015957446808510637,0.8,-0.08561539996947398,0.12133584332692582,0.4730586999328332,0.07438197103548405,0.2408364325998269,-0.08561539996947398
8,10,24,1,3,750,0.5339397785001165,0.29716493118767007,0.23677484731244647,1.1093992448364562,1.6551482579109966,-0.4206967121645646,0.059271233933574294,20.0,31.531986531986533,297,0.003723404255319149,1.0,0.10376311962471685,0.12133584332692582,0.35777206740800005,0.15234100737549072,0.15870197407872544,0.10376311962471685
8,10,24,2,2,500,0.4164728463634233,0.29716493118767007,0.11930791517575323,0.5938530636408729,1.4338381939946923,-0.37434506851894656,0.04587213709720315,30.0,39.03765690376569,239,0.007446808510638298,0.6,-0.061360728420462474,0.04703535587951646,0.4201669940091979,-0.05556593464738313,0.14232064923022159,-0.061360728420462474
8,10,24,2,2,750,0.4965014523056903,0.29716493118767007,0.19933652111802025,0.9059546652960985,1.6400786471767497,-0.37434506851894656,0.044977758073530646,30.0,39.23728813559322,236,0.014893617021276596,1.0,0.03381869900206502,0.04703535587951646,0.4278824189189254,0.040723020721104675,0.20981212433386776,0.03381869900206502
8,10,24,2,3,500,0.43778452942022383,0.29716493118767007,0.14061959823255377,0.6814832100940075,1.490680316838235,-0.37434506851894656,0.04610748096500507,30.0,40.257510729613735,233,0.002127659574468085,0.6,-0.10250426680168234,0.060657605944996806,0.5205587424238081,-0.10250426680168234,0.23542232465721624,-0.0965958875809767
8,10,24,2,3,750,0.5041284719831378,0.29716493118767007,0.20696354079546775,0.9436309796111378,1.6471143085748134,-0.37434506851894656,0.046785506452676685,30.0,39.49367088607595,237,0.00425531914893617,0.8,-0.005475102091784145,0.060657605944996806,0.5324312201213293,0.0329727019303665,0.1981692544928897,-0.005475102091784145
8,12,16,1,2,500,0.42495396309002587,0.29716493118767007,0.1277890319023558,0.6465480275570761,1.473087524753684,-0.36043440200812704,0.07995079386979678,15.0,22.380382775119617,418,0.0047872340425531915,0.6,-0.05362318693748103,0.15986374581285467,0.1932714566785647,-0.0435199071845811,0.23702805086056333,-0.05362318693748103
8,12,16,1,2,750,0.4063458433266607,0.29716493118767007,0.10918091213899062,0.5641035278385139,1.4296113793768646,-0.36043440200812704,0.08548832731544312,15.0,21.267123287671232,438,0.009042553191489361,0.6,-0.026030832389785652,0.15986374581285467,0.12792385730042333,-0.026030832389785652,0.16096517583175962,-0.016873617313855505
8,12,16,1,3,500,0.39314365406194396,0.29716493118767007,0.09597872287427389,0.5037436317931762,1.3844646394118136,-0.36043440200812704,0.07999433973708706,15.0,23.15270935960591,406,0.0,0.6,-0.11112106509424724,0.13104343155784193,0.28451281725449085,-0.11112106509424724,0.18192389811273846,-0.0875906148049922
8,12,16,1,3,750,0.40463932606210906,0.29716493118767007,0.107474394874439,0.5552986764615254,1.4184285871095448,-0.36043440200812704,0.0824002549803808,15.0,22.946210268948654,409,0.0015957446808510637,0.6,-0.060410268262025446,0.13104343155784193,0.2065573856802989,-0.060410268262025446,0.1716748113516322,-0.03636437566473638
8,12,16,2,2,500,0.3662253830624089,0.29716493118767007,0.06906045187473886,0.39789353767023294,1.295773452878901,-0.36981583744391144,0.06048910501723359,20.0,29.49685534591195,318,0.002127659574468085,0.6,-0.12434696597171657,0.05006476602881138,0.22351332303817983,-0.063606381048813,0.21261991384506485,-0.12434696597171657
8,12,16,2,2,750,0.3784674107083992,0.29716493118767007,0.08130247952072911,0.4563262906797491,1.3291283991318494,-0.36981583744391144,0.06293673529270945,20.0,28.796296296296298,324,0.007446808510638298,0.8,-0.1188181314823894,0.05006476602881138,0.1437673434877602,0.0002270886609423428,0.2598887046874936,-0.1188181314823894
8,12,16,2,3,500,0.41612354619422387,0.29716493118767007,0.1189586150065538,0.6032550641916776,1.4304227943727612,-0.36981583744391144,0.060610366984872134,20.0,30.388349514563107,309,0.0010638297872340426,0.6,-0.08518314036238916,0.06062695003818752,0.3747817480737037,-0.04246370975366187,0.18093201102976808,-0.08518314036238916
8,12,16,2,3,750,0.4139132151041245,0.29716493118767007,0.11674828391645442,0.6061656584298125,1.4231996676870828,-0.36981583744391144,0.06195137791805898,20.0,30.258064516129032,310,0.002127659574468085,0.6,-0.10903847247785559,0.06062695003818752,0.28517641635901514,-0.0023798165017997475,0.2393691458962086,-0.10903847247785559
8,12,18,1,2,500,0.5105332396465796,0.29716493118767007,0.21336830845890953,1.0210559433802502,1.6374776976328913,-0.4054453896823781,0.0701286314691986,15.0,25.76923076923077,364,0.002127659574468085,0.6,-0.03502139027154749,0.28352896604079136,0.4218141546826075,-0.03502139027154749,0.21378739106972522,-0.032446117883712655
8,12,18,1,2,750,0.5009080118531168,0.29716493118767007,0.20374308066544677,0.9645252133302784,1.597213277380363,-0.4054453896823781,0.07712299214596258,15.0,23.8265306122449,392,0.006382978723404255,0.8,-0.007344266213701878,0.28352896604079136,0.31054407311264054,-0.007344266213701878,0.15709252178082678,0.04038190334420877
8,12,18,1,3,500,0.4748015404209771,0.29716493118767007,0.17763660923330704,0.8652135890644169,1.5378475084022218,-0.4262823291852841,0.07113428943867704,15.0,26.243016759776538,358,0.0005319148936170213,0.8,-0.080980113238454,0.11680284068924052,0.4051226140880819,0.021191652770898628,0.2574004826474283,-0.080980113238454
8,12,18,1,3,750,0.46477410487768567,0.29716493118767007,0.1676091736900156,0.8149252250588971,1.499112655997161,-0.4262823291852841,0.07567448910044673,15.0,25.106951871657753,374,0.0010638297872340426,0.6,-0.02124043734762504,0.11680284068924052,0.391834884562517,-0.0048527038811818635,0.18731977243465203,-0.02124043734762504
8,12,18,2,2,500,0.3350172577394561,0.29716493118767007,0.03785232655178605,0.2556203768086971,1.2194533987436458,-0.36981583744391144,0.0547521047682541,30.0,32.68292682926829,287,0.002127659574468085,0.6,-0.15993659047453868,0.0665198470758781,0.27193233420410534,-0.15993659047453868,0.10281736051288326,-0.09069991542789879
8,12,18,2,2,750,0.3592351899423176,0.29716493118767007,0.062070258754647556,0.36872769013613105,1.2815472956151717,-0.36981583744391144,0.058265647260204965,20.0,30.960264900662253,302,0.005319148936170213,0.6,-0.1353783758466658,0.0665198470758781,0.23262731003350567,-0.09599281191048903,0.2132237497056304,-0.1353783758466658
8,12,18,2,3,500,0.4078322673298236,0.29716493118767007,0.11066733614215352,0.5674677274728362,1.4086651505279826,-0.36981583744391144,0.05684426327435841,30.0,32.83216783216783,286,0.0010638297872340426,0.6,-0.10950325670541627,0.03645039602644484,0.39603942273131887,-0.05765062289482459,0.20837921303951257,-0.10950325670541627
8,12,18,2,3,750,0.43340611474429713,0.29716493118767007,0.13624118355662707,0.6934597477705207,1.4739957701437403,-0.36981583744391144,0.05809302027251716,20.0,32.12328767123287,292,0.002127659574468085,0.6,-0.05531961499021898,0.03645039602644484,0.3599300786358237,-0.033663576253534,0.24593380231748152,-0.05531961499021898
8,12,20,1,2,500,0.5067837923443668,0.29716493118767007,0.2096188611566967,0.9951699360606031,1.617182531084097,-0.4054453896823781,0.06558409083225057,20.0,27.684365781710916,339,0.0015957446808510637,0.8,-0.03764253463657208,0.22029032531122228,0.36632364781797433,0.002079764843387233,0.2731786246780794,-0.03764253463657208
8,12,20,1,2,750,0.5080451610412795,0.29716493118767007,0.21088022985360944,0.9924419118958397,1.6147416032459807,-0.4054453896823781,0.06944554468834085,15.0,26.292134831460675,356,0.00425531914893617,1.0,0.0022752316456413624,0.22029032531122228,0.3136238464099106,0.0022752316456413624,0.2430947057195938,0.029096606749591913
8,12,20,1,3,500,0.4657216522243577,0.29716493118767007,0.16855672103668762,0.8248919270985605,1.503148654470873,-0.4262823291852841,0.06630488055776411,20.0,28.3987915407855,331,0.0,0.8,-0.0910551549866413,0.09060702948038335,0.4531559928498934,0.008950371398280144,0.2405449117924332,-0.0910551549866413
8,12,20,1,3,750,0.48464496356542797,0.29716493118767007,0.1874800323777579,0.9015026598525564,1.5490330148688416,-0.4262823291852841,0.07090062691904846,20.0,26.9054441260745,349,0.0010638297872340426,0.8,-0.010123366054426985,0.09060702948038335,0.4072012984209312,-0.010123366054426985,0.22457337226809626,0.029677110644173776
8,12,20,2,2,500,0.36075636021751833,0.29716493118767007,0.06359142902984827,0.37127853546755624,1.2866519713842848,-0.3636748873829835,0.050396108575834354,30.0,35.43396226415094,265,0.0010638297872340426,0.6,-0.09175435670918797,0.08173054267492685,0.2565549715799964,-0.08472701308960973,0.1080433942858372,-0.09175435670918797
8,12,20,2,2,750,0.39714545148174096,0.29716493118767007,0.0999805202940709,0.5220433849311983,1.3925407791739797,-0.3636748873829835,0.05198928140364184,30.0,34.4485294117647,272,0.0031914893617021275,0.6,-0.14388024323399173,0.08173054267492685,0.3170319616370847,-0.012611029159086296,0.1727420500813519,-0.14388024323399173
8,12,20,2,3,500,0.3949241048657053,0.29716493118767007,0.09775917367803522,0.5256020313845166,1.3803604464252972,-0.3636748873829835,0.0518749027978069,30.0,35.70342205323194,263,0.0010638297872340426,0.6,-0.11772310649484896,0.0374193276009398,0.3816778099727538,-0.11772310649484896,0.2313925397238441,-0.09547572682581129
8,12,20,2,3,750,0.42477854663053183,0.29716493118767007,0.12761361544286176,0.6585678093220118,1.4592366155870946,-0.3636748873829835,0.052961699294986966,30.0,35.168539325842694,267,0.0010638297872340426,0.6,-0.10966970892041128,0.0374193276009398,0.441668124797566,-0.10966970892041128,0.21341789061944727,-0.03609579985546563
8,12,24,1,2,500,0.45505415479467404,0.29716493118767007,0.15788922360700397,0.837901057639914,1.5048959564712896,-0.4206967121645646,0.05592627508918714,20.0,31.83050847457627,295,0.0010638297872340426,0.8,-0.02790161196444052,0.07515348285452439,0.32941363583561767,0.008890614318743939,0.24660407507354032,-0.02790161196444052
8,12,24,1,2,750,0.505231140749965,0.29716493118767007,0.20806620956229493,1.043037951543077,1.6147272394809642,-0.4206967121645646,0.05880573656442959,20.0,30.47077922077922,308,0.0015957446808510637,1.0,0.03359107486277635,0.07515348285452439,0.3505568271766737,0.1163717814686076,0.22497936116624961,0.03359107486277635
8,12,24,1,3,500,0.5000656919967779,0.29716493118767007,0.2029007608091078,1.0075440646562523,1.6009569741426006,-0.4206967121645646,0.055890787749724107,25.0,33.57142857142857,280,0.0,0.8,-0.08561539996947443,0.12133584332692582,0.4730586999328332,0.07122320131930326,0.24691147146799874,-0.08561539996947443
8,12,24,1,3,750,0.5384392297215823,0.29716493118767007,0.24127429853391225,1.1271099301919874,1.6660821489119646,-0.4206967121645646,0.05957285506172075,20.0,31.51006711409396,298,0.0010638297872340426,1.0,0.10376311962471685,0.12133584332692582,0.35777206740800005,0.1516505301608384,0.17533500010659542,0.10376311962471685
8,12,24,2,2,500,0.41077009856131874,0.29716493118767007,0.11360516737364867,0.5713809138732393,1.420329840517926,-0.37434506851894656,0.046288739923339886,30.0,38.92116182572614,241,0.002127659574468085,0.6,-0.061360728420463584,0.04703535587951646,0.40608662527267025,-0.05556593464738313,0.13199284292328461,-0.061360728420463584
8,12,24,2,2,750,0.4988764154892882,0.29716493118767007,0.20171148430161812,0.9189569112020896,1.638892385754596,-0.37434506851894656,0.046303330788891366,30.0,38.71900826446281,242,0.0031914893617021275,1.0,0.0407230207211049,0.04703535587951646,0.3997851510748003,0.0407230207211049,0.21665970934722822,0.05839997981793332
8,12,24,2,3,500,0.4348643566502157,0.29716493118767007,0.13769942546254565,0.6712473394311539,1.4829442019244305,-0.37434506851894656,0.04610445329943306,30.0,40.34334763948498,233,0.0,0.6,-0.10250426680168234,0.060657605944996806,0.5205587424238081,-0.10250426680168234,0.22411760123772329,-0.09659588758097626
8,12,24,2,3,750,0.5119118750740801,0.29716493118767007,0.21474694388641002,0.9732293784966415,1.6658925603708443,-0.37434506851894656,0.0468776440195408,30.0,39.57805907172996,237,0.002127659574468085,0.8,-0.002315483862810108,0.060657605944996806,0.5324312201213293,0.0329727019303665,0.22367552007084468,-0.002315483862810108
8,16,18,1,2,500,0.5045410046240202,0.29716493118767007,0.20737607343635012,0.996899934471027,1.621529049754666,-0.4054453896823781,0.07051822563233094,15.0,25.61307901907357,367,0.0,0.6,-0.040361339267047214,0.28352896604079136,0.4010798740826569,-0.040361339267047214,0.21609391401592437,-0.03244611788371243
8,16,18,1,2,750,0.497819604297594,0.29716493118767007,0.2006546731099239,0.9561494795318747,1.5879143105623525,-0.4054453896823781,0.07833623924742762,15.0,23.618090452261306,398,0.0,0.8,-0.01284977564266132,0.28352896604079136,0.3023790987980628,-0.01284977564266132,0.15075271548169922,0.04932122102091374
8,16,18,1,3,500,0.4719565171304825,0.29716493118767007,0.1747915859428124,0.8540465942266098,1.5303085478428702,-0.4262823291852841,0.07127401065151592,15.0,26.18384401114206,359,0.0,0.8,-0.08098011323845433,0.11680284068924052,0.4051226140880819,0.012161660236169825,0.2574004826474279,-0.08098011323845433
8,16,18,1,3,750,0.46545153940487616,0.29716493118767007,0.1682866082172061,0.8179066880608054,1.5001255908581488,-0.4262823291852841,0.07567491175952724,15.0,25.13368983957219,374,0.0,0.6,-0.016586257707461693,0.11680284068924052,0.391834884562517,-0.0048527038811818635,0.18449153074103486,-0.016586257707461693
8,16,18,2,2,500,0.34311775448394166,0.29716493118767007,0.045952823296271594,0.2917897041386236,1.2406174923620013,-0.36981583744391144,0.05487959425431128,30.0,32.638888888888886,288,0.0,0.6,-0.15993659047453868,0.0665198470758781,0.27193233420410534,-0.15993659047453868,0.1347002828855437,-0.0906999154278989
8,16,18,2,2,750,0.36059052071146147,0.29716493118767007,0.0634255895237914,0.3753565999223399,1.2825127080032823,-0.36981583744391144,0.05851369241675682,20.0,30.92105263157895,304,0.0,0.6,-0.13925325564553814,0.0665198470758781,0.23262731003350567,-0.09599281191048903,0.22525586934278818,-0.13925325564553814
8,16,18,2,3,500,0.41376654444221383,0.29716493118767007,0.11660161325454377,0.5914636797389501,1.4229808807151636,-0.36981583744391144,0.056841929338047326,30.0,32.86713286713287,286,0.0,0.6,-0.10950325670541583,0.03645039602644484,0.39603942273131887,-0.05765062289482459,0.23259284591937845,-0.10950325670541583
8,16,18,2,3,750,0.4367658717741416,0.29716493118767007,0.13960094058647154,0.7071439304219092,1.4811872316189452,-0.36981583744391144,0.05833135449377434,20.0,32.081911262798634,293,0.0,0.6,-0.05531961499021876,0.03645039602644484,0.3599300786358237,-0.033663576253534,0.2599815317443177,-0.05531961499021876
8,16,20,1,2,500,0.5026185620355672,0.29716493118767007,0.20545363084789714,0.97878050059813,1.6063709636987413,-0.4054453896823781,0.06585588846695929,20.0,27.565982404692082,341,0.0,0.8,-0.037642534636571634,0.22029032531122228,0.3463992194371368,0.0020797648433861227,0.27559800696367254,-0.037642534636571634
8,16,20,1,2,750,0.5005707177503027,0.29716493118767007,0.20340578656263264,0.9629113799103942,1.5926502758386831,-0.4054453896823781,0.06986021539034788,15.0,26.18384401114206,359,0.0,1.0,0.0022752316456409183,0.22029032531122228,0.29446791341485756,0.0022752316456409183,0.2424929721510518,0.02165918013100221
8,16,20,1,3,500,0.4657216522243577,0.29716493118767007,0.16855672103668762,0.8248919270985605,1.503148654470873,-0.4262823291852841,0.06630488055776411,20.0,28.3987915407855,331,0.0,0.8,-0.0910551549866413,0.09060702948038335,0.4531559928498934,0.008950371398280144,0.2405449117924332,-0.0910551549866413
8,16,20,1,3,750,0.4853255783720538,0.29716493118767007,0.18816064718438374,0.9043921831844695,1.549937319544199,-0.4262823291852841,0.07090104957812897,20.0,26.93409742120344,349,0.0,0.8,-0.010123366054426985,0.09060702948038335,0.4072012984209312,-0.010123366054426985,0.2216527864342812,0.034555594223950825
8,16,20,2,2,500,0.3665081070625491,0.29716493118767007,0.06934317587487904,0.3962209074719838,1.3013649901963191,-0.3636748873829835,0.05039377463952327,30.0,35.471698113207545,265,0.0,0.6,-0.0917543567091883,0.08173054267492685,0.2565549715799964,-0.08472701308960973,0.13030958513803337,-0.0917543567091883
8,16,20,2,2,750,0.39540542161339176,0.29716493118767007,0.0982404904257217,0.5157881517834451,1.3854884161793475,-0.3636748873829835,0.05197973382159439,30.0,34.55882352941177,272,0.0,0.6,-0.1493364292242948,0.08173054267492685,0.3170319616370847,-0.012611029159086296,0.1742613655791223,-0.1493364292242948
8,16,20,2,3,500,0.4008034830219267,0.29716493118767007,0.10363855183425663,0.5502838191617037,1.394755377040795,-0.3636748873829835,0.051872568861495806,30.0,35.741444866920155,263,0.0,0.6,-0.11772310649484896,0.0374193276009398,0.3816778099727538,-0.11772310649484896,0.25606525468230923,-0.09547572682581151
8,16,20,2,3,750,0.43078375640165323,0.29716493118767007,0.13361882521398316,0.6831302572963487,1.4735541579690574,-0.3636748873829835,0.05295936535867588,30.0,35.2059925093633,267,0.0,0.6,-0.10966970892041128,0.0374193276009398,0.441668124797566,-0.10966970892041128,0.23773045771317713,-0.03609579985546574
8,16,24,1,2,500,0.4532954716389612,0.29716493118767007,0.15613054045129116,0.8309627464409401,1.499580456413652,-0.4206967121645646,0.056086444801064,20.0,31.864406779661017,295,0.0,0.8,-0.02790161196444052,0.07515348285452439,0.32941363583561767,0.0028158952376462487,0.24746848178891434,-0.02790161196444052
8,16,24,1,2,750,0.5061516394890326,0.29716493118767007,0.20898670830136257,1.0471237146994796,1.616228902864373,-0.4206967121645646,0.05880631587653081,20.0,30.51948051948052,308,0.0,1.0,0.03849456105344373,0.07515348285452439,0.3505568271766737,0.1163717814686076,0.22291313696391457,0.03849456105344373
8,16,24,1,3,500,0.5000656919967779,0.29716493118767007,0.2029007608091078,1.0075440646562523,1.6009569741426006,-0.4206967121645646,0.055890787749724107,25.0,33.57142857142857,280,0.0,0.8,-0.08561539996947443,0.12133584332692582,0.4730586999328332,0.07122320131930326,0.24691147146799874,-0.08561539996947443
8,16,24,1,3,750,0.5391509808155235,0.29716493118767007,0.24198604962785342,1.130209920230367,1.6670223859595354,-0.4206967121645646,0.05957327772080128,20.0,31.543624161073826,298,0.0,1.0,0.10901864534659844,0.12133584332692582,0.35777206740800005,0.1516505301608384,0.17252942674258054,0.10901864534659844
8,16,24,2,2,500,0.41932501038939796,0.29716493118767007,0.12216007920172789,0.6054187226142845,1.4421081883699844,-0.37434506851894656,0.046288663049195745,30.0,39.004149377593365,241,0.0,0.6,-0.06136072842046225,0.04703535587951646,0.40608662527267025,-0.05556593464738313,0.16445615378029443,-0.06136072842046225
8,16,24,2,2,750,0.5018754212223004,0.29716493118767007,0.20471049003463038,0.9303350483316147,1.6447640332457845,-0.37434506851894656,0.04629657407376971,30.0,38.84297520661157,242,0.0,1.0,0.0407230207211049,0.04703535587951646,0.3997851510748003,0.0407230207211049,0.22846625326638903,0.05839997981793332
8,16,24,2,3,500,0.4348643566502157,0.29716493118767007,0.13769942546254565,0.6712473394311539,1.4829442019244305,-0.37434506851894656,0.04610445329943306,30.0,40.34334763948498,233,0.0,0.6,-0.10250426680168234,0.060657605944996806,0.5205587424238081,-0.10250426680168234,0.22411760123772329,-0.09659588758097626
8,16,24,2,3,750,0.5079595341515994,0.29716493118767007,0.21079460296392938,0.9587593885717758,1.6560690134985092,-0.37434506851894656,0.04712255746714429,30.0,39.49579831932773,238,0.0,0.8,-0.002315483862809775,0.060657605944996806,0.5324312201213293,0.0329727019303665,0.2088849543289626,-0.002315483862809775
10,12,20,1,2,500,0.47901852881792895,0.29716493118767007,0.18185359763025888,0.9610197620295405,1.6291666229431634,-0.38931580898891727,0.06824638688777887,15.0,24.433760683760685,468,0.026808510638297978,1.0,0.014010014045248154,0.1759552887051683,0.28393347717558703,0.014010014045248154,0.18588408115401944,0.018581007112749015
10,12,20,1,2,750,0.4803844060682385,0.29716493118767007,0.18321947488056844,0.9459132081994763,1.6224023794983258,-0.38931580898891727,0.07214190831050162,15.0,23.357438016528924,484,0.03787234042553202,0.8,-0.017031937793609897,0.1759552887051683,0.2702193742381762,0.02155571810614365,0.23810924701647562,-0.017031937793609897
10,12,20,1,3,500,0.5012179903643179,0.29716493118767007,0.20405305917664784,1.0569640872790091,1.6678862523104743,-0.39019843654374464,0.06758822772464791,15.0,26.024498886414253,449,0.0055319148936171314,0.8,-0.04968607083359711,0.1459987910344691,0.45192802744355065,0.03674975269632319,0.21346619949333157,-0.04968607083359711
10,12,20,1,3,750,0.5146349512564534,0.29716493118767007,0.21747002006878335,1.1090902827358529,1.6862353135191326,-0.39019843654374464,0.07170619422545482,15.0,24.818763326226012,469,0.009361702127659681,1.0,0.005200349873342169,0.1459987910344691,0.42437937998909314,0.005200349873342169,0.18884885853199185,0.06581018489642299
10,12,20,2,2,500,0.40540400136435606,0.29716493118767007,0.10823907017668599,0.6136384694954167,1.4536733872881242,-0.38752563811409113,0.050796890218587985,22.5,32.98571428571429,350,0.0174468085106384,0.6,-0.09739699952113023,0.09988782358578407,0.30844294710685727,-0.016273809968551878,0.1337152128807717,-0.09739699952113023
10,12,20,2,2,750,0.3988318566995972,0.29716493118767007,0.10166692551192713,0.5660868258476494,1.4554547721736377,-0.38752563811409113,0.05160540927341995,20.0,32.50712250712251,351,0.028936170212766062,0.8,-0.1484691900048204,0.09988782358578407,0.3449884924258717,0.005477569261927107,0.1116828003612973,-0.1484691900048204
10,12,20,2,3,500,0.3943785266221318,0.29716493118767007,0.09721359543446173,0.5578495420983954,1.4008976007701568,-0.38752563811409113,0.052237641990702424,30.0,33.872832369942195,346,0.0025531914893618126,0.6,-0.05586363280984874,0.002827613388004746,0.34648561736481587,-0.0410526311495345,0.14647264872611232,-0.05586363280984874
10,12,20,2,3,750,0.39781714227119447,0.29716493118767007,0.1006522110835244,0.5762131435412843,1.412163839370291,-0.38752563811409113,0.05530685313013018,30.0,32.375,360,0.008085106382978833,0.6,-0.07847485771813179,0.002827613388004746,0.3610712100702247,-0.021114636234435658,0.1515237724386096,-0.07847485771813179
10,12,22,1,2,500,0.5018514615655627,0.29716493118767007,0.20468653037789264,1.1062044869854746,1.6954138053250016,-0.3881878168356744,0.06169150626653016,15.0,27.13443396226415,424,0.020851063829787343,0.8,-0.006014748708602191,0.25856082808601166,0.25761090788452057,0.04861912514603972,0.20759903078098718,-0.006014748708602191
10,12,22,1,2,750,0.5342171976646517,0.29716493118767007,0.23705226647698163,1.2621967417952624,1.7691047020059207,-0.3881878168356744,0.06416005058343595,15.0,26.32794457274827,433,0.029787234042553297,1.0,0.041192563278112715,0.25856082808601166,0.2690855825649563,0.08032406056772357,0.2285287461676062,0.041192563278112715
10,12,22,1,3,500,0.489482631208217,0.29716493118767007,0.19231770002054693,1.0481929053014452,1.640485544285146,-0.3890719533538123,0.06171702012077361,20.0,28.759213759213758,407,0.003829787234042663,0.8,-0.08415088650713909,0.15586768204969315,0.4978318577283152,0.014482334155770493,0.19707034416969438,-0.08415088650713909
10,12,22,1,3,750,0.5152594453644945,0.29716493118767007,0.21809451417682446,1.1741433247314366,1.6927284408240642,-0.3890719533538123,0.06333555847926164,20.0,28.17632850241546,414,0.007234042553191598,1.0,0.03108708029578633,0.15586768204969315,0.39972411898849547,0.03108708029578633,0.18198047473970114,0.06164689591905326
10,12,22,2,2,500,0.39212132029962055,0.29716493118767007,0.09495638911195048,0.5405409818951137,1.4143002878678552,-0.38752563811409113,0.04758525652819627,30.0,35.1063829787234,329,0.017021276595744785,0.6,-0.11604645125608026,0.054165887547588776,0.34357352508428396,-0.014705800764593269,0.12190221528174616,-0.11604645125608026
10,12,22,2,2,750,0.43706280118734653,0.29716493118767007,0.13989786999967646,0.7578190380060573,1.5362746820373114,-0.38752563811409113,0.047396530652814364,30.0,35.35493827160494,324,0.02510638297872351,0.8,-0.014371353318355928,0.054165887547588776,0.3533974180529371,0.03301436349871412,0.1069192889480366,-0.014371353318355928
10,12,22,2,3,500,0.38592692766892833,0.29716493118767007,0.08876199648125827,0.5060526749217326,1.3760991930802713,-0.38752563811409113,0.04914744797865864,30.0,36.141975308641975,324,0.0034042553191490463,0.4,-0.08004606098812017,-0.004503971080811686,0.4253779842567609,-0.06716822610711826,0.11632293453877374,-0.08004606098812017
10,12,22,2,3,750,0.41568565049521466,0.29716493118767007,0.1185207193075446,0.6534648774110022,1.459274158002525,-0.38752563811409113,0.050526385080867896,30.0,35.28700906344411,331,0.005957446808510747,0.4,-0.06430488085537511,-0.004503971080811686,0.43580848342613465,-0.003669360376439501,0.12830230404368748,-0.06430488085537511
10,12,25,1,2,500,0.5204222089014734,0.29716493118767007,0.22325727771380333,1.1733205826332809,1.7440645486935602,-0.3803535082407743,0.055634403437487635,20.0,30.35433070866142,381,0.015744680851063935,1.0,0.007328596818548583,0.17978454158777035,0.3033241532575768,0.007328596818548583,0.28920986016761585,0.05536962103035381
10,12,25,1,2,750,0.5126211945945476,0.29716493118767007,0.2154562634068775,1.1541134843437555,1.7281457998403773,-0.3803535082407743,0.05935251036880758,20.0,28.55361596009975,401,0.025531914893617128,1.0,0.04310722999797978,0.17978454158777035,0.22693476884902464,0.08339076745477803,0.25869741721958284,0.04310722999797978
10,12,25,1,3,500,0.46950604075113644,0.29716493118767007,0.17234110956346638,0.9322284378544345,1.593803040006279,-0.3803535082407743,0.05781328356540079,20.0,30.923482849604223,379,0.0025531914893618126,0.6,-0.05476632716776619,0.1680626796741198,0.36465397500615904,-0.036927721263773194,0.24199381152729438,-0.05476632716776619
10,12,25,1,3,750,0.5242951068451327,0.29716493118767007,0.22713017565746263,1.1516095185323834,1.7156406475908832,-0.3803535082407743,0.05944098353381781,20.0,30.1159793814433,388,0.00553191489361713,1.0,0.05639324669335766,0.1680626796741198,0.360082306141593,0.05639324669335766,0.18763095280491005,0.07417215547985423
10,12,25,2,2,500,0.4155181107809385,0.29716493118767007,0.11835317959326841,0.6379074951544182,1.4926275859476443,-0.37146857157473434,0.044889404736156456,30.0,37.62987012987013,308,0.013617021276595852,0.6,-0.09402334115340716,0.08552807846799348,0.36000517415267486,-0.03951335345013751,0.15821436765292285,-0.09402334115340716
10,12,25,2,2,750,0.46350121748840833,0.29716493118767007,0.16633628630073827,0.8583537564406888,1.617541774003397,-0.37146857157473434,0.045404697453841444,30.0,37.41883116883117,308,0.019148936170212873,0.8,-0.0031360958411729145,0.08552807846799348,0.40758421691271884,0.03208164431496541,0.10778282284578666,-0.0031360958411729145
10,12,25,2,3,500,0.3926020037288469,0.29716493118767007,0.09543707254117684,0.5294387243756303,1.4022638504952734,-0.37146857157473434,0.04714584552961345,30.0,37.98701298701299,308,0.00425531914893628,0.6,-0.1066311963200286,0.03872939226579586,0.403762696752487,-0.1066311963200286,0.12681240498801172,-0.05667238180111711
10,12,25,2,3,750,0.4222824744203346,0.29716493118767007,0.12511754323266455,0.6679603735136086,1.479982878045668,-0.37146857157473434,0.04761113026546743,30.0,37.58842443729903,311,0.005106382978723513,0.6,-0.03886896863430578,0.03872939226579586,0.45228667795666366,-0.028984652310125036,0.08685490777276073,-0.03886896863430578
10,12,30,1,2,500,0.4664601191060729,0.29716493118767007,0.1692951879184028,0.9044952237795322,1.6464098794885642,-0.3494839488747381,0.04845283655451015,25.0,35.151057401812686,331,0.0097872340425533,0.6,-0.0386657413404613,0.06842647503437727,0.28146474193666937,-0.0002582531897084017,0.33717400263640096,-0.0386657413404613
10,12,30,1,2,750,0.5051307813781745,0.29716493118767007,0.2079658501905044,1.088529608117873,1.7706453246453486,-0.3494839488747381,0.05075251790263268,25.0,33.68804664723032,343,0.01659574468085117,1.0,0.038893125288407715,0.06842647503437727,0.2760022974923104,0.038893125288407715,0.3457244407253648,0.03990183747417797
10,12,30,1,3,500,0.4904193495244411,0.29716493118767007,0.19325441833677104,0.9842559990296703,1.6655779382266116,-0.3494839488747381,0.04835410554523606,25.0,37.003154574132495,317,0.0017021276595745787,0.8,-0.08015885074774542,0.1576967256004469,0.3348910567999086,-0.08015885074774542,0.3281127019721024,0.010412710382939672
10,12,30,1,3,750,0.514041457537459,0.29716493118767007,0.21687652634978893,1.0832947585946113,1.729373461839275,-0.3494839488747381,0.05180889905800486,25.0,34.79228486646884,337,0.0021276595744681957,0.8,-0.0450369461571033,0.1576967256004469,0.33688796549585276,-0.0450369461571033,0.3186626846665792,0.05246970143085261
10,12,30,2,2,500,0.40390128463410035,0.29716493118767007,0.10673635344643029,0.5894935326577304,1.460588800588805,-0.36876252592890246,0.04007383292993844,40.0,42.67399267399267,273,0.00851063829787245,0.6,-0.0391054637063738,0.07026326894916268,0.2906554086167965,-0.03648332524447351,0.12042727499293249,-0.0391054637063738
10,12,30,2,2,750,0.46392642551570873,0.29716493118767007,0.16676149432803866,0.8619728518571383,1.6152761169985534,-0.36876252592890246,0.0407767535909864,30.0,41.992753623188406,276,0.013617021276595852,0.8,-0.02181917822422952,0.07026326894916268,0.3452153263134323,0.045506077383024035,0.185244314277194,-0.02181917822422952
10,12,30,2,3,500,0.38513444062415436,0.29716493118767007,0.0879695094364843,0.5022441573560837,1.3914853898602388,-0.36876252592890246,0.04174064632237469,37.5,43.125,272,0.0017021276595745787,0.8,-0.12966822574529702,0.015013068151211728,0.3736700971421334,-0.12966822574529702,0.10082353460665994,0.010780271337586411
10,12,30,2,3,750,0.4081306287251105,0.29716493118767007,0.11096569753744046,0.6215292956273968,1.451628421874338,-0.36876252592890246,0.04320069305391144,30.0,41.637010676156585,281,0.00425531914893628,0.6,-0.06614402173449918,0.015013068151211728,0.40639954609295215,-0.06614402173449918,0.16329240285351188,-0.05733283476653839
10,15,20,1,2,500,0.45133493762283106,0.29716493118767007,0.154170006435161,0.835363802895501,1.5498134342026677,-0.38931580898891727,0.07201499414517316,15.0,23.671399594320487,493,0.0068085106382979824,0.8,-0.013571392320923525,0.1759552887051683,0.2631726289656542,-0.013571392320923525,0.14410583852049208,0.011186610388406626
10,15,20,1,2,750,0.46161960136282065,0.29716493118767007,0.16445467017515059,0.8692699147369555,1.5635950818684088,-0.38931580898891727,0.07623528136486478,15.0,22.54863813229572,514,0.013617021276595854,1.0,0.002297631015799828,0.1759552887051683,0.23030483058441664,0.002297631015799828,0.20317354904176677,0.0055219579800429575
10,15,20,1,3,500,0.49907263570332905,0.29716493118767007,0.20190770451565898,1.046706835161166,1.656098755166771,-0.39019843654374464,0.06820210567313297,15.0,25.848017621145374,454,0.0012765957446809618,0.8,-0.05424088113098491,0.1459987910344691,0.43199584348241227,0.05399728861974262,0.2093685075270577,-0.05424088113098491
10,15,20,1,3,750,0.510342819589688,0.29716493118767007,0.2131778884020179,1.0926963515755719,1.6677268985826164,-0.39019843654374464,0.07258220370949396,15.0,24.611344537815125,476,0.0029787234042554294,1.0,0.026352082092055973,0.1459987910344691,0.4023792353003226,0.026352082092055973,0.18191140814742246,0.05425987320996839
10,15,20,2,2,500,0.3997444578434246,0.29716493118767007,0.10257952665575454,0.5863417088804791,1.4282371415200017,-0.38752563811409113,0.05218256326029846,20.0,32.52777777777778,360,0.0034042553191490463,0.6,-0.10963819877862091,0.09988782358578407,0.2906752581470555,-0.022786948198567414,0.1531245111185895,-0.10963819877862091
10,15,20,2,2,750,0.39611691871562416,0.29716493118767007,0.09895198752795409,0.5564574081503196,1.4313293358599881,-0.38752563811409113,0.05335161283311943,20.0,32.005494505494504,364,0.00851063829787245,0.8,-0.14677129561615876,0.09988782358578407,0.3267245273195776,0.006042328383943474,0.11791375080421584,-0.14677129561615876
10,15,20,2,3,500,0.39726111863442815,0.29716493118767007,0.10009618744675808,0.5708700395740464,1.4074016540734893,-0.38752563811409113,0.05223655340799555,30.0,33.959537572254334,346,1.1102230246251565e-16,0.6,-0.05586363280984763,0.002827613388004746,0.34648561736481587,-0.04700427492834325,0.1650262003049987,-0.05586363280984763
10,15,20,2,3,750,0.3866375457506437,0.29716493118767007,0.08947261456297362,0.5224851023923472,1.38215984827823,-0.38752563811409113,0.05566414003713422,30.0,32.30027548209367,363,0.0021276595744681957,0.6,-0.08259035376048995,0.002827613388004746,0.3610712100702247,-0.021114636234435658,0.113805797079094,-0.08259035376048995
10,15,22,1,2,500,0.48791663771834193,0.29716493118767007,0.19075170653067186,1.035359286294898,1.6489842119047113,-0.3881878168356744,0.06441518602264217,15.0,26.470588235294116,442,0.00425531914893628,0.8,-0.01324766760470597,0.25856082808601166,0.24764941361762882,0.04222685456381403,0.18274797133519294,-0.01324766760470597
10,15,22,1,2,750,0.5158149526623548,0.29716493118767007,0.2186500214746847,1.1801514836475666,1.709178905176606,-0.3881878168356744,0.06762426416569572,15.0,25.33769063180828,459,0.010212765957446916,1.0,0.04175970265424356,0.25856082808601166,0.23159768114867507,0.07669693483395834,0.20304176356106285,0.04175970265424356
10,15,22,1,3,500,0.4904720327696641,0.29716493118767007,0.19330710158199405,1.053580556137607,1.638673346119331,-0.3890719533538123,0.062313804411979944,20.0,28.56447688564477,411,0.0008510638297873448,0.8,-0.0841508865071392,0.15586768204969315,0.4829227277118511,0.03135810866647404,0.19414973243026146,-0.0841508865071392
10,15,22,1,3,750,0.5164346868094363,0.29716493118767007,0.2192697556217662,1.1818300867320655,1.6897362236431333,-0.3890719533538123,0.06392701918629877,20.0,28.050239234449762,418,0.0021276595744681957,1.0,0.04827560028996691,0.15586768204969315,0.38337852643373993,0.04827560028996691,0.17618794602056953,0.06710916175637416
10,15,22,2,2,500,0.3863084443364406,0.29716493118767007,0.08914351314877056,0.5134648256556441,1.3884882485317624,-0.38752563811409113,0.048916542232990017,30.0,34.64497041420118,338,0.0034042553191490463,0.6,-0.1234829709813593,0.049087556267376486,0.3195474446720099,-0.0214124795605386,0.14522440946244486,-0.1234829709813593
10,15,22,2,2,750,0.43352567861753877,0.29716493118767007,0.1363607474298687,0.7399035409064434,1.508612415906879,-0.38752563811409113,0.04926120595883071,30.0,34.571005917159766,338,0.0055319148936171314,0.8,-0.008730208430055009,0.049087556267376486,0.3291954803184549,0.03339974485450958,0.1163777375920183,-0.008730208430055009
10,15,22,2,3,500,0.3874537758601999,0.29716493118767007,0.09028884467252984,0.5123879965959766,1.3778604597363648,-0.38752563811409113,0.049324498127189344,30.0,36.15384615384615,325,1.1102230246251565e-16,0.4,-0.08004606098811984,-0.004503971080811686,0.4191846741786771,-0.07295778516333595,0.13438872203925833,-0.08004606098811984
10,15,22,2,3,750,0.41383013016056336,0.29716493118767007,0.11666519897289329,0.6424078990597594,1.4512302752254296,-0.38752563811409113,0.050897387922316774,30.0,35.1497005988024,334,0.0008510638297873448,0.4,-0.06285752854497273,-0.004503971080811686,0.4295698525164273,-0.0036693603764412774,0.12477569998773053,-0.06285752854497273
10,15,25,1,2,500,0.506724324395259,0.29716493118767007,0.20955939320758898,1.1063516623879883,1.6936915343320955,-0.3803535082407743,0.05762142332382207,20.0,29.68354430379747,395,0.0021276595744681957,1.0,0.006649050122105038,0.17978454158777035,0.2928182378519486,0.006649050122105038,0.25890925282607347,0.04767639122747602
10,15,25,1,2,750,0.5040664477833152,0.29716493118767007,0.20690151659564515,1.1202529398076972,1.681450469172843,-0.3803535082407743,0.06212498210931343,17.5,27.773809523809526,420,0.007234042553191599,1.0,0.05704083384379266,0.17978454158777035,0.2132612779062324,0.06662971129464279,0.24879584494756135,0.05704083384379266
10,15,25,1,3,500,0.4668125979578448,0.29716493118767007,0.16964766677017473,0.9200066631976109,1.58529916839789,-0.3803535082407743,0.05818063316441384,20.0,30.826771653543307,381,0.00042553191489372793,0.6,-0.054766327167765416,0.1680626796741198,0.36465397500615904,-0.042516906626377526,0.23896359553045277,-0.054766327167765416
10,15,25,1,3,750,0.5224769826589439,0.29716493118767007,0.22531205147127387,1.1492794958977945,1.7068286469317908,-0.3803535082407743,0.059913533427241324,20.0,30.0,391,0.0017021276595745787,1.0,0.05130906240477251,0.1680626796741198,0.3525788078250085,0.05130906240477251,0.18181073280223337,0.08607877970103073
10,15,25,2,2,500,0.4126601098720357,0.29716493118767007,0.11549517868436565,0.6208996365377096,1.4770341201798902,-0.37146857157473434,0.046111953490363775,30.0,37.08860759493671,316,0.0025531914893618126,0.6,-0.0926675596132901,0.08552807846799348,0.33557403043964196,-0.051544802124954936,0.18228887510450242,-0.0926675596132901
10,15,25,2,2,750,0.4562903588488674,0.29716493118767007,0.1591254276611973,0.822381124429744,1.5843429653538337,-0.37146857157473434,0.04679204915185065,30.0,36.776729559748425,318,0.004680851063829897,0.8,-0.010334259070853391,0.08552807846799348,0.38229836289895247,0.026647809083677476,0.1184616798348328,-0.010334259070853391
10,15,25,2,3,500,0.3946272726691211,0.29716493118767007,0.09746234148145105,0.5362229170709508,1.4052543940069304,-0.37146857157473434,0.047471146538016984,30.0,37.903225806451616,310,1.1102230246251565e-16,0.6,-0.11230692609277726,0.03872939226579586,0.39766330574669184,-0.11230692609277726,0.14505326122523665,-0.055300422567668095
10,15,25,2,3,750,0.419553774747391,0.29716493118767007,0.1223888435597209,0.6531142643131461,1.4692040230102303,-0.37146857157473434,0.04767919044993411,30.0,37.62820512820513,312,0.0008510638297873448,0.6,-0.038868968634305445,0.03872939226579586,0.4459764487976632,-0.028984652310123926,0.08209123507524918,-0.038868968634305445
10,15,30,1,2,500,0.4628253005106546,0.29716493118767007,0.16566036932298456,0.8830124556593277,1.6242077735240972,-0.3494839488747381,0.04975525498367041,25.0,34.39882697947214,341,0.0017021276595745787,0.8,-0.038665741340461524,0.06842647503437727,0.2664903229798523,0.0002995939057468533,0.33891915052109356,-0.038665741340461524
10,15,30,1,2,750,0.5031778965120564,0.29716493118767007,0.2060129653243863,1.0915089675205871,1.7502746267619693,-0.3494839488747381,0.05230598062088986,20.0,33.0225988700565,354,0.005106382978723515,1.0,0.051486818919697974,0.06842647503437727,0.2299362584020379,0.051486818919697974,0.34081456997229975,0.0670983691806668
10,15,30,1,3,500,0.49870530154285,0.29716493118767007,0.2015403703551799,1.01906686391885,1.6843761077230488,-0.3494839488747381,0.048577232355144,27.5,36.9496855345912,318,1.1102230246251565e-16,0.8,-0.06473100058448555,0.1576967256004469,0.3348910567999086,-0.06473100058448555,0.3410547202416496,0.010412710382940338
10,15,30,1,3,750,0.5144372909115633,0.29716493118767007,0.21727235972389325,1.08576904871228,1.7299361954724854,-0.3494839488747381,0.05201643541433468,25.0,34.64601769911504,339,0.00042553191489372793,0.8,-0.0450369461571033,0.1576967256004469,0.33688796549585276,-0.0450369461571033,0.31741135430288203,0.05492110151088281
10,15,30,2,2,500,0.3970225659413684,0.29716493118767007,0.09985763475369835,0.5564097432848435,1.4368703911895995,-0.36876252592890246,0.040781713713911656,30.0,42.194244604316545,278,0.0017021276595745787,0.6,-0.04944833155474426,0.07026326894916268,0.24771329946417397,-0.04944833155474426,0.1489392531742677,-0.03910546370637269
10,15,30,2,2,750,0.46059820607000135,0.29716493118767007,0.16343327488233128,0.8420262352733848,1.6009679995215307,-0.36876252592890246,0.04174878601071075,30.0,41.342756183745585,283,0.00425531914893628,0.8,-0.008153670272290858,0.07026326894916268,0.3086536577903254,0.03902341898141093,0.19667357873378055,-0.008153670272290858
10,15,30,2,3,500,0.3879182292366117,0.29716493118767007,0.09075329804894161,0.5144597726858631,1.3973360775844443,-0.36876252592890246,0.041739281153264834,40.0,43.1985294117647,272,1.1102230246251565e-16,0.8,-0.13519788604389837,0.015013068151211728,0.3736700971421334,-0.13519788604389837,0.11849831260012,0.010780271337587743
10,15,30,2,3,750,0.4042090486993368,0.29716493118767007,0.10704411751166676,0.6011376830493069,1.4380163775601977,-0.36876252592890246,0.0430848578883289,30.0,41.779359430604984,281,0.0008510638297873448,0.6,-0.06614402173449918,0.015013068151211728,0.40639954609295215,-0.06614402173449918,0.14846601239192636,-0.05733283476653783
10,20,22,1,2,500,0.49741390754696124,0.29716493118767007,0.20024897635929118,1.0780305641379027,1.659342179582014,-0.3881878168356744,0.0650400722669187,15.0,26.2751677852349,447,0.00042553191489372793,0.8,-0.013247667604706082,0.25856082808601166,0.2841651975077564,0.035211708576064815,0.19500618104718792,-0.013247667604706082
10,20,22,1,2,750,0.5132174633154811,0.29716493118767007,0.21605253212781106,1.1670752914327673,1.6795172627089319,-0.3881878168356744,0.06845699572804381,15.0,25.149892933618844,467,0.00042553191489372793,1.0,0.03135846482167737,0.25856082808601166,0.25031920642159644,0.07093687334133558,0.19903525545546863,0.03135846482167737
10,20,22,1,3,500,0.49034456129479476,0.29716493118767007,0.1931796301071247,1.052476080303448,1.6377071676196582,-0.3890719533538123,0.06250766951996825,20.0,28.45036319612591,413,1.1102230246251565e-16,0.8,-0.08415088650713798,0.15586768204969315,0.4829227277118511,0.0267406894373885,0.19914387956267476,-0.08415088650713798
10,20,22,1,3,750,0.5155234545284675,0.29716493118767007,0.21835852334079742,1.175661771293697,1.6864595693613291,-0.3890719533538123,0.06428724236240238,20.0,27.843601895734597,422,1.1102230246251565e-16,1.0,0.04362495237776187,0.15586768204969315,0.38578880807347504,0.04362495237776187,0.18176348541867582,0.061994326318683735
10,20,22,2,2,500,0.389381099458453,0.29716493118767007,0.09221616827078294,0.5278945644507801,1.3888919173161554,-0.38752563811409113,0.049235985221175706,30.0,34.55882352941177,340,1.1102230246251565e-16,0.6,-0.12348297098136041,0.049087556267376486,0.3407433484617668,-0.0278311907841563,0.1481540153717995,-0.12348297098136041
10,20,22,2,2,750,0.4321274093895404,0.29716493118767007,0.13496247820187035,0.7308751486600882,1.494456841308726,-0.38752563811409113,0.04975548340880492,30.0,34.35672514619883,342,1.1102230246251565e-16,0.8,-0.013566477118081566,0.049087556267376486,0.3505498165611616,0.01641946105982517,0.11937539566681754,-0.013566477118081566
10,20,22,2,3,500,0.3874537758601999,0.29716493118767007,0.09028884467252984,0.5123879965959766,1.3778604597363648,-0.38752563811409113,0.049324498127189344,30.0,36.15384615384615,325,1.1102230246251565e-16,0.4,-0.08004606098811984,-0.004503971080811686,0.4191846741786771,-0.07295778516333595,0.13438872203925833,-0.08004606098811984
10,20,22,2,3,750,0.4138668921112971,0.29716493118767007,0.11670196092362706,0.6425926332605171,1.4513172486117702,-0.38752563811409113,0.05089766450871977,30.0,35.17964071856287,334,1.1102230246251565e-16,0.4,-0.06285752854497273,-0.004503971080811686,0.4295698525164273,-0.0036693603764412774,0.12491838206488692,-0.06285752854497273
10,20,25,1,2,500,0.505464443713465,0.29716493118767007,0.20829951252579493,1.0997154617299303,1.6896936908516682,-0.3803535082407743,0.0578674816215143,20.0,29.522613065326635,398,1.1102230246251565e-16,0.8,-0.007503260671927747,0.17978454158777035,0.2928182378519486,-0.007503260671927747,0.2719568115651445,0.0476763912274758
10,20,25,1,2,750,0.49998223360797533,0.29716493118767007,0.20281730242030527,1.0952015672906548,1.6625864505309413,-0.3803535082407743,0.0628081481741249,15.0,27.453271028037385,428,1.1102230246251565e-16,1.0,0.04981683899336642,0.17978454158777035,0.20959866137046146,0.05310606089119663,0.26262272951442656,0.04981683899336642
10,20,25,1,3,500,0.4681190469913792,0.29716493118767007,0.17095411580370912,0.9261894317184182,1.5887724171801745,-0.3803535082407743,0.05827906227722755,20.0,30.759162303664922,382,1.1102230246251565e-16,0.6,-0.05476632716776597,0.1680626796741198,0.36465397500615904,-0.042516906626377526,0.24414516222995553,-0.05476632716776597
10,20,25,1,3,750,0.5230339119046024,0.29716493118767007,0.2258689807169323,1.1502944033900606,1.707750870529098,-0.3803535082407743,0.06017832060817032,20.0,29.82233502538071,394,1.1102230246251565e-16,1.0,0.05130906240477251,0.1680626796741198,0.3549354266422755,0.05130906240477251,0.18741292616268734,0.08087301966295413
10,20,25,2,2,500,0.41412558850802195,0.29716493118767007,0.11696065732035188,0.6264728848708516,1.479598791137435,-0.37146857157473434,0.04656171907461411,30.0,36.83385579937304,319,1.1102230246251565e-16,0.6,-0.09266755961329065,0.08552807846799348,0.34758002553661194,-0.05776587065131833,0.18531329586121337,-0.09266755961329065
10,20,25,2,2,750,0.45314825610285725,0.29716493118767007,0.15598332491518718,0.8053717407485738,1.5723892533664354,-0.37146857157473434,0.04741664919788949,30.0,36.37770897832817,323,1.1102230246251565e-16,0.8,-0.015162701816888058,0.08552807846799348,0.39472508777256055,0.009747258179283236,0.1214649020850227,-0.015162701816888058
10,20,25,2,3,500,0.3946272726691211,0.29716493118767007,0.09746234148145105,0.5362229170709508,1.4052543940069304,-0.37146857157473434,0.047471146538016984,30.0,37.903225806451616,310,1.1102230246251565e-16,0.6,-0.11230692609277726,0.03872939226579586,0.39766330574669184,-0.11230692609277726,0.14505326122523665,-0.055300422567668095
10,20,25,2,3,750,0.4195916714917438,0.29716493118767007,0.12242674030407374,0.6533139199453074,1.4693059497305754,-0.37146857157473434,0.04767946703633709,30.0,37.66025641025641,312,1.1102230246251565e-16,0.6,-0.038868968634306,0.03872939226579586,0.4459764487976632,-0.028984652310123926,0.08223187330407522,-0.038868968634306
10,20,30,1,2,500,0.46932293778588896,0.29716493118767007,0.1721580065982189,0.91413291739008,1.6402518870993992,-0.3494839488747381,0.05005858723617892,25.0,34.25655976676385,343,1.1102230246251565e-16,0.6,-0.038665741340461524,0.06842647503437727,0.29349124685867434,-0.008420913025129706,0.3507733801205608,-0.038665741340461524
10,20,30,1,2,750,0.5010937928540204,0.29716493118767007,0.20392886166635038,1.0810005511260565,1.7395890372838223,-0.3494839488747381,0.053062607072057476,20.0,32.54847645429363,361,1.1102230246251565e-16,1.0,0.0348069807007243,0.06842647503437727,0.2511376611341163,0.0348069807007243,0.35145138183762903,0.05155742372777117
10,20,30,1,3,500,0.49870530154285,0.29716493118767007,0.2015403703551799,1.01906686391885,1.6843761077230488,-0.3494839488747381,0.048577232355144,27.5,36.9496855345912,318,1.1102230246251565e-16,0.8,-0.06473100058448555,0.1576967256004469,0.3348910567999086,-0.06473100058448555,0.3410547202416496,0.010412710382940338
10,20,30,1,3,750,0.5146197995659547,0.29716493118767007,0.21745486837828465,1.0865297412187138,1.7304402805015706,-0.3494839488747381,0.0520165475061117,25.0,34.660766961651916,339,1.1102230246251565e-16,0.8,-0.0450369461571033,0.1576967256004469,0.33688796549585276,-0.0450369461571033,0.3181435101768073,0.05492110151088303
10,20,30,2,2,500,0.39858026417590975,0.29716493118767007,0.10141533298823968,0.5629406463807959,1.4416477699398036,-0.36876252592890246,0.0407940256445754,32.5,42.26618705035971,278,1.1102230246251565e-16,0.6,-0.05569975808607475,0.07026326894916268,0.2622221613050957,-0.05569975808607475,0.14893925317426793,-0.0391054637063728
10,20,30,2,2,750,0.45652057173537464,0.29716493118767007,0.15935564054770457,0.8260503554739467,1.5900904147082664,-0.36876252592890246,0.04232258041451686,30.0,40.940766550522646,287,1.1102230246251565e-16,0.8,-0.008153670272291302,0.07026326894916268,0.3100941099189096,0.021919786241396233,0.19988714116863604,-0.008153670272291302
10,20,30,2,3,500,0.3879182292366117,0.29716493118767007,0.09075329804894161,0.5144597726858631,1.3973360775844443,-0.36876252592890246,0.041739281153264834,40.0,43.1985294117647,272,1.1102230246251565e-16,0.8,-0.13519788604389837,0.015013068151211728,0.3736700971421334,-0.13519788604389837,0.11849831260012,0.010780271337587743
10,20,30,2,3,750,0.4062821313942009,0.29716493118767007,0.10911720020653082,0.6107038705083111,1.4442570907424708,-0.36876252592890246,0.04308647291054801,30.0,41.81494661921708,281,1.1102230246251565e-16,0.6,-0.06614402173449918,0.015013068151211728,0.40639954609295215,-0.06614402173449918,0.15625787457303453,-0.057332834766538054
12,15,24,1,2,500,0.4085405448868922,0.29716493118767007,0.11137561369922211,0.6586466922055014,1.4545212021181186,-0.4077385807884548,0.06301650899289396,15.0,25.839622641509433,530,0.02872340425531914,0.8,-0.0208714006108337,0.04018703327705864,0.20614586558357306,0.056195516862373784,0.09954830701789819,-0.0208714006108337
12,15,24,1,2,750,0.4450905207397937,0.29716493118767007,0.14792558955212365,0.8309697231751959,1.5571234885209595,-0.4077385807884548,0.06699119228257452,15.0,24.210053859964095,557,0.04361702127659573,1.0,0.0079536944890084,0.04018703327705864,0.30979331521957687,0.05855852902415348,0.10374077159703354,0.0079536944890084
12,15,24,1,3,500,0.4514533922001731,0.29716493118767007,0.15428846101250304,0.8671709796024124,1.5408728107720513,-0.40277167946323544,0.0641635922120441,15.0,26.886973180076627,522,0.0046099290780141815,0.8,-0.03805177449392061,0.08885806771876426,0.2706439810938459,0.0488276800753944,0.1815466979034004,-0.03805177449392061
12,15,24,1,3,750,0.4731277139422083,0.29716493118767007,0.17596278275453825,0.9805611009039739,1.5812879700406377,-0.40277167946323544,0.06779006802475288,15.0,25.336363636363636,550,0.011702127659574464,1.0,0.02579031557859346,0.08885806771876426,0.2712761068499847,0.07603999348049717,0.1613127928716569,0.02579031557859346
12,15,24,2,2,500,0.3980718175365321,0.29716493118767007,0.10090688634886202,0.5469946399286356,1.4511816478233899,-0.3823120367150453,0.0481237177133808,20.0,33.77777777777778,405,0.029787234042553176,0.8,-0.08133585141690969,0.036055082838942765,0.23215224512802046,0.01836157240559344,0.13727108609564143,-0.08133585141690969
12,15,24,2,2,750,0.4278795964358977,0.29716493118767007,0.1307146652482276,0.6940068046366057,1.5440915104228092,-0.3823120367150453,0.04843446941160834,20.0,33.44444444444444,405,0.03936170212765956,0.8,-0.04857601439084225,0.036055082838942765,0.3270066505249407,0.06315815007379566,0.07607417890240886,-0.04857601439084225
12,15,24,2,3,500,0.43106884737149676,0.29716493118767007,0.1339039161838267,0.7147545763824099,1.5152593262473015,-0.3823120367150453,0.04998640485764652,20.0,34.303178484107576,409,0.004964539007092195,0.6,-0.10046478133879311,0.07533285420640068,0.4385634388511057,-0.028960950451892953,0.12721692758790804,-0.10046478133879311
12,15,24,2,3,750,0.4031968963907564,0.29716493118767007,0.10603196520308633,0.5916346046314394,1.4229790737164176,-0.3823120367150453,0.05074673638683898,30.0,33.96593673965937,411,0.009929078014184392,0.8,-0.1197258695044342,0.07533285420640068,0.32804528931062893,0.01681740465620396,0.09247257698229983,-0.1197258695044342
12,15,27,1,2,500,0.43879462696429083,0.29716493118767007,0.14162969577662077,0.790213424336662,1.5826000113043168,-0.35804472329323334,0.05672186503511383,20.0,29.073684210526316,475,0.020567375886524814,1.0,0.002630917472481009,0.010952603976662978,0.2859741114768839,0.017301808949896635,0.17275033157382658,0.002630917472481009
12,15,27,1,2,750,0.4406195811532583,0.29716493118767007,0.1434546499655882,0.7833350197823065,1.584180771787443,-0.35804472329323334,0.06068653178936444,15.0,26.99604743083004,506,0.031205673758865238,0.8,-0.0077191815177306555,0.010952603976662978,0.3133630018314526,-0.0077191815177306555,0.17615893714782338,0.008556998064936039
12,15,27,1,3,500,0.44541024971954135,0.29716493118767007,0.14824531853187128,0.8055951231929775,1.5767921366453128,-0.35804472329323334,0.05766451679821562,20.0,29.735729386892178,473,0.0024822695035460977,0.6,-0.053366756964764894,0.07980470716848398,0.35671155295957413,-0.053366756964764894,0.20896257976516797,-0.04999949328301678
12,15,27,1,3,750,0.4587584591731704,0.29716493118767007,0.1615935279855003,0.8716662624008958,1.5963249335254643,-0.35804472329323334,0.060385270033472535,15.0,28.407707910750506,493,0.006737588652482265,0.8,-0.0016910171608154334,0.07980470716848398,0.2917391422841451,-0.0016910171608154334,0.1920005047769724,0.004709725552576094
12,15,27,2,2,500,0.41682736944636445,0.29716493118767007,0.11966243825869438,0.6346493813125348,1.5140771117223202,-0.3643266991400361,0.045720769820898566,30.0,36.455026455026456,378,0.0226950354609929,0.8,-0.08007698599233404,0.08333780108984445,0.23987028594440574,0.0023143623471491015,0.16332324269265386,-0.08007698599233404
12,15,27,2,2,750,0.44907303935335663,0.29716493118767007,0.15190810816568656,0.790167884833951,1.6017389206693287,-0.3643266991400361,0.04634958660466161,30.0,35.70496083550914,383,0.03014184397163119,0.8,-0.06144147565131086,0.08333780108984445,0.3497571111039739,0.03019906437309694,0.1324578707459232,-0.06144147565131086
12,15,27,2,3,500,0.4586833310773364,0.29716493118767007,0.16151839988966632,0.8262175927446794,1.5985572846012066,-0.3643266991400361,0.04619951525506196,30.0,37.46666666666667,375,0.0035460992907801396,0.6,-0.05935591102577231,0.08814903095878823,0.43655952899297135,-0.026740321462534578,0.1584393995877651,-0.05935591102577231
12,15,27,2,3,750,0.3974911363502449,0.29716493118767007,0.10032620516257484,0.542181589622591,1.4199697001926717,-0.3643266991400361,0.04841348634691975,30.0,35.73979591836735,392,0.006382978723404252,0.8,-0.11866563126797713,0.08814903095878823,0.3160922149033287,5.2469181490488737e-05,0.07849006383666302,-0.11866563126797713
12,15,30,1,2,500,0.4083645973975947,0.29716493118767007,0.11119966620992461,0.6285759889768577,1.490975960802738,-0.35804472329323334,0.05243414318066319,20.0,31.95402298850575,435,0.014184397163120558,0.6,-0.06175387541826749,0.02499653267155888,0.28233663000313136,-0.035639302527205485,0.18393019710963143,-0.06175387541826749
12,15,30,1,2,750,0.47654015864757415,0.29716493118767007,0.17937522745990409,0.9874936427512103,1.6924337800414406,-0.35804472329323334,0.0537710482061465,20.0,30.86322869955157,446,0.023758865248226943,1.0,0.02499653267155888,0.02499653267155888,0.27750165935224436,0.04234583924405677,0.23279514067824425,0.042776158797843467
12,15,30,1,3,500,0.44291243822658877,0.29716493118767007,0.1457475070389187,0.8104957457673927,1.570157377162412,-0.35804472329323334,0.05183696905742003,25.0,33.44418052256532,421,0.0014184397163120555,0.6,-0.05324219362302696,0.10154203921828375,0.29730361803549843,-0.052543812313430416,0.2343324612229496,-0.05324219362302696
12,15,30,1,3,750,0.5109954587949275,0.29716493118767007,0.2138305276072574,1.1405733223901404,1.7401022013973846,-0.35804472329323334,0.05404572352238643,20.0,32.190366972477065,436,0.0046099290780141815,0.8,-0.005269094091997384,0.10154203921828375,0.3124213434327261,-0.005269094091997384,0.27002100125599116,0.0769274004718834
12,15,30,2,2,500,0.3684152006810171,0.29716493118767007,0.07125026949334701,0.38079672775585416,1.371541397316944,-0.3643266991400361,0.04311997376240308,30.0,38.687150837988824,358,0.017730496453900704,0.6,-0.05248549456846896,0.05271285208882581,0.16838802376717177,-0.05248549456846896,0.09764499191081888,-0.043668124223266935
12,15,30,2,2,750,0.42243674809170195,0.29716493118767007,0.12527181690403189,0.6625795324476236,1.5231242037904027,-0.3643266991400361,0.043297788838950316,30.0,38.24512534818942,359,0.02624113475177304,0.8,-0.03814423882709983,0.05271285208882581,0.21949984959008528,0.02769281006108959,0.1576716552183326,-0.03814423882709983
12,15,30,2,3,500,0.37632735962388764,0.29716493118767007,0.07916242843621757,0.42400150670172426,1.3915025683065212,-0.3643266991400361,0.04411843063073027,30.0,39.38375350140056,357,0.002836879432624111,0.6,-0.11591592008179052,0.014180591988782743,0.35065885632439353,-0.11591592008179052,0.08948765978038797,-0.04631204025709257
12,15,30,2,3,750,0.3888598919776549,0.29716493118767007,0.09169496078998485,0.4911255853994758,1.410572237021374,-0.3643266991400361,0.04569681432954787,30.0,38.125,368,0.004964539007092197,0.6,-0.10841141926082531,0.014180591988782743,0.4105049663196909,-0.0791439086887552,0.12158449697300888,-0.10841141926082531
12,15,36,1,2,500,0.45172179937313883,0.29716493118767007,0.15455686818546877,0.8624289643836517,1.6297053782795872,-0.3427882237495855,0.04669023135393096,25.0,36.111111111111114,387,0.00886524822695035,0.6,-0.038185700057934424,0.08999794348534795,0.2305967294602047,-0.038185700057934424,0.262757130660068,-0.006572436129587356
12,15,36,1,2,750,0.48058148773300546,0.29716493118767007,0.1834165565453354,1.024403886110692,1.69236966887259,-0.3427882237495855,0.049570821235945896,25.0,34.333333333333336,405,0.013829787234042545,1.0,0.025935770133256097,0.08999794348534795,0.2503460274229874,0.025935770133256097,0.2083969325068431,0.05454419245660236
12,15,36,1,3,500,0.5181666511633223,0.29716493118767007,0.2210017199756522,1.1543114372571865,1.771987249559893,-0.3427882237495855,0.04529895063554049,30.0,38.68131868131868,364,0.0014184397163120564,0.8,-0.06003774124656791,0.19468914066601517,0.3974460791956971,-0.06003774124656791,0.2380117394401915,0.03071700265514732
12,15,36,1,3,750,0.5108058778681899,0.29716493118767007,0.2136409466805198,1.1336971390359716,1.738336211588466,-0.3427882237495855,0.04835973350306225,25.0,36.33074935400517,387,0.002836879432624112,0.8,-0.04116987649811432,0.19468914066601517,0.3083623973363163,-0.04116987649811432,0.22181977583513612,0.07254784425992544
12,15,36,2,2,500,0.4321886525843943,0.29716493118767007,0.13502372139672425,0.7201009658169532,1.5784682390732274,-0.3478138301671583,0.03759930421615242,40.0,44.42675159235669,314,0.010638297872340418,0.8,-0.04698234978301896,0.1360717916108758,0.1921955021270525,0.0001751032174583944,0.17066804964090987,-0.04698234978301896
12,15,36,2,2,750,0.4506499935543995,0.29716493118767007,0.15348506236672943,0.7935043217551481,1.6077003071453564,-0.3478138301671583,0.03903189230937338,30.0,42.901234567901234,324,0.01418439716312056,0.8,-0.00951323973533491,0.1360717916108758,0.2328725608044162,0.01346102510173397,0.14318042712936263,-0.00951323973533491
12,15,36,2,3,500,0.4211626814606029,0.29716493118767007,0.1239977502729328,0.6512795513284099,1.5232624212258155,-0.3478138301671583,0.039012693040616275,40.0,45.45161290322581,310,0.0007092198581560278,0.6,-0.12140673700973825,0.10598576331817688,0.2903370820526783,-0.12140673700973825,0.17898179858303176,-0.011736989186888036
12,15,36,2,3,750,0.38604879311939366,0.29716493118767007,0.0888838619317236,0.477718745757659,1.410297116035962,-0.3478138301671583,0.03980788750986192,40.0,44.043887147335425,319,0.0035460992907801396,0.6,-0.11500351878238724,0.10598576331817688,0.31353240559923035,-0.11500351878238724,0.09900860913104026,-0.07780113592242166
12,18,24,1,2,500,0.43661185520792567,0.29716493118767007,0.1394469240202556,0.8137002556391199,1.514612915255036,-0.4077385807884548,0.06648398264462632,15.0,25.04488330341113,557,0.010638297872340418,0.8,-0.006643396315752614,0.05015658208091267,0.2495137571542152,0.04844016939379814,0.1494379048244534,-0.006643396315752614
12,18,24,1,2,750,0.4589513596231096,0.29716493118767007,0.16178642843543956,0.9184874694886812,1.570361550926054,-0.4077385807884548,0.07154459544254958,15.0,23.24915824915825,594,0.020567375886524814,0.8,-0.014608543527199869,0.05015658208091267,0.35948945652021047,0.05258096021361136,0.14011181997378852,-0.014608543527199869
12,18,24,1,3,500,0.454110558097242,0.29716493118767007,0.15694562690957192,0.8810204162097962,1.5411859615550243,-0.40277167946323544,0.06442814431532755,15.0,26.83809523809524,525,0.0007092198581560282,0.8,-0.038051774493920165,0.08885806771876426,0.28511555893282003,0.04112940788353514,0.18869918365766236,-0.038051774493920165
12,18,24,1,3,750,0.47955176699345126,0.29716493118767007,0.1823868358057812,1.0130906732792515,1.5841671197637046,-0.40277167946323544,0.06871073525331858,15.0,25.170250896057347,558,0.0039007092198581543,1.0,0.013453119273794112,0.08885806771876426,0.320231071096599,0.07086806294692205,0.16409065216571528,0.013453119273794112
12,18,24,2,2,500,0.39881659565249206,0.29716493118767007,0.10165166446482199,0.5434584325536623,1.4459874672445259,-0.3823120367150453,0.050023728560138266,20.0,33.111638954869356,421,0.011347517730496448,0.8,-0.0901428117877554,0.04988504272904892,0.24686212905478877,0.00012156195505985679,0.1431412382946089,-0.0901428117877554
12,18,24,2,2,750,0.43806506688366564,0.29716493118767007,0.14090013569599558,0.7436103105265695,1.5603642622330838,-0.3823120367150453,0.05021158381514575,20.0,32.845238095238095,420,0.02163120567375885,0.8,-0.0529732395015049,0.04988504272904892,0.3502664297634297,0.05371139418608584,0.09584159897304678,-0.0529732395015049
12,18,24,2,3,500,0.43137343540690853,0.29716493118767007,0.13420850421923847,0.7129344746502778,1.504081763386294,-0.3823120367150453,0.05045285582176281,27.5,34.22330097087379,412,0.0,0.6,-0.100464781338793,0.07533285420640068,0.44696239454270326,-0.027843426647741643,0.12256372556320372,-0.100464781338793
12,18,24,2,3,750,0.39649447245540603,0.29716493118767007,0.09932954126773597,0.5530523094616615,1.3953587755581949,-0.3823120367150453,0.05169415036123172,20.0,33.556085918854414,419,0.0028368794326241115,0.8,-0.11995268971938267,0.07533285420640068,0.345987779918415,0.006656859835110884,0.06617724220944732,-0.11995268971938267
12,18,27,1,2,500,0.44759328541261123,0.29716493118767007,0.15042835422494116,0.8326483057510422,1.591463630807479,-0.35804472329323334,0.05908668589431129,15.0,28.427991886409735,493,0.006028368794326237,0.8,-0.013346861094681528,0.010952603976662978,0.29845406953882847,-0.013346861094681528,0.22167478016760556,0.013814662285191126
12,18,27,1,2,750,0.43026225423149,0.29716493118767007,0.13309732304381994,0.7305082256212752,1.5310291950721562,-0.35804472329323334,0.06402445764115747,15.0,26.174812030075188,532,0.01241134751773049,0.6,-0.0394534844739024,0.010952603976662978,0.32744882760916316,-0.0394534844739024,0.19111416796780123,-0.01171667089708206
12,18,27,1,3,500,0.4479126153078741,0.29716493118767007,0.150747684120204,0.8181056847682169,1.5837157561264004,-0.35804472329323334,0.05793937657594666,20.0,29.611344537815125,476,0.0003546099290780139,0.6,-0.058703486572004415,0.07980470716848398,0.35671155295957413,-0.058703486572004415,0.2257028916864201,-0.04999949328301634
12,18,27,1,3,750,0.46089415731604855,0.29716493118767007,0.16372922612837848,0.8834505611541963,1.597892425704086,-0.35804472329323334,0.060684717712979036,15.0,28.356854838709676,496,0.002482269503546098,0.8,-0.0063849108219252715,0.07980470716848398,0.29362440452202976,-0.0063849108219252715,0.21071727365313464,0.0001321082430261189
12,18,27,2,2,500,0.4243914276284364,0.29716493118767007,0.12722649644076633,0.6603486947855753,1.5237609405997923,-0.3643266991400361,0.04700868392070543,30.0,36.05670103092783,388,0.007801418439716307,0.6,-0.06205720557024175,0.08333780108984445,0.2483045631302414,-0.00339559406216694,0.16893633675917652,-0.06205720557024175
12,18,27,2,2,750,0.44283386548393855,0.29716493118767007,0.14566893429626848,0.7536897611278397,1.569968072489536,-0.3643266991400361,0.04804406930576298,20.0,34.97481108312343,397,0.015248226950354597,0.8,-0.06581896199770731,0.08333780108984445,0.35988503329927624,0.01977406125486425,0.11985351718438442,-0.06581896199770731
12,18,27,2,3,500,0.4563238920759003,0.29716493118767007,0.15915896088823023,0.8141906383966844,1.5906872586901444,-0.3643266991400361,0.04652387403528002,30.0,37.301587301587304,378,0.0,0.6,-0.059355911025771535,0.08814903095878823,0.42278116388070974,-0.02354725135426816,0.1571816319117283,-0.059355911025771535
12,18,27,2,3,750,0.39431758835139896,0.29716493118767007,0.0971526571637289,0.5231670061972564,1.4075424406980972,-0.3643266991400361,0.04876171939826898,30.0,35.620253164556964,395,0.0021276595744680834,0.6,-0.11866563126797725,0.08814903095878823,0.3160922149033287,-0.007733230073761477,0.07558593351678411,-0.11866563126797725
12,18,30,1,2,500,0.4258956042398103,0.29716493118767007,0.12873067305214025,0.7233528051765349,1.5328300447870125,-0.35804472329323334,0.05453302446175199,20.0,31.061946902654867,452,0.004255319148936167,0.6,-0.06175387541826716,0.02499653267155888,0.30027665892493505,-0.030704501869718848,0.23299294043915508,-0.06175387541826716
12,18,30,1,2,750,0.4851804916987017,0.29716493118767007,0.18801556051103163,1.040056483029567,1.6929209680126502,-0.35804472329323334,0.05600405587896815,20.0,30.129310344827587,464,0.008510638297872334,1.0,0.011918629160388772,0.02499653267155888,0.3080733041346524,0.050052866289640674,0.2716116307836527,0.011918629160388772
12,18,30,1,3,500,0.44221479630380855,0.29716493118767007,0.1450498651161385,0.8065761551952998,1.5673970604138412,-0.35804472329323334,0.05216575354191339,25.0,33.25471698113208,424,0.0,0.6,-0.059466535300773726,0.10154203921828375,0.29730361803549843,-0.059466535300773726,0.24075228325691134,-0.053242193623026846
12,18,30,1,3,750,0.5092856799393757,0.29716493118767007,0.2121207487517056,1.1249831163927027,1.731348312201853,-0.35804472329323334,0.05431886997053119,20.0,32.06150341685649,439,0.0017730496453900698,0.8,-0.014912493686905504,0.10154203921828375,0.3124213434327261,-0.014912493686905504,0.2711763675323413,0.08094308751925472
12,18,30,2,2,500,0.36540530685730843,0.29716493118767007,0.06824037566963836,0.36610044332352215,1.3519574428342849,-0.3643266991400361,0.044551094733472664,30.0,38.016304347826086,368,0.007801418439716307,0.6,-0.05789068272676379,0.05271285208882581,0.18016219254775256,-0.05789068272676379,0.08376499733248277,-0.043668124223266824
12,18,30,2,2,750,0.4152663923034041,0.29716493118767007,0.11810146111573405,0.62047866940374,1.487777030555679,-0.3643266991400361,0.04473156269537462,30.0,37.493261455525605,371,0.013475177304964529,0.8,-0.04420043464579104,0.05271285208882581,0.22489797552520274,0.01765390539365863,0.14584494288108485,-0.04420043464579104
12,18,30,2,3,500,0.3780250973970991,0.29716493118767007,0.08086016620942904,0.4331895941174647,1.395045558749571,-0.3643266991400361,0.044442007533649304,30.0,39.166666666666664,360,0.0,0.6,-0.11304526257200365,0.014180591988782743,0.3516151174801909,-0.11304526257200365,0.09180532756076065,-0.04631204025709157
12,18,30,2,3,750,0.38709127767573825,0.29716493118767007,0.08992634648806819,0.48236054429166586,1.403600847894445,-0.3643266991400361,0.046043271398899355,30.0,37.924528301886795,371,0.0021276595744680834,0.6,-0.1084114192608252,0.014180591988782743,0.4105049663196909,-0.0863126868622478,0.12409809523874937,-0.1084114192608252
12,18,36,1,2,500,0.4643287214140739,0.29716493118767007,0.16716379022640382,0.9301949509710902,1.6561102639339642,-0.3427882237495855,0.04695876347744333,25.0,36.1439588688946,389,0.002836879432624111,0.6,-0.049655311981908756,0.08999794348534795,0.2296839304226872,-0.049655311981908756,0.33405839645219704,-0.006572436129588244
12,18,36,1,2,750,0.48189275852777813,0.29716493118767007,0.18472782734010806,1.029307399435817,1.6821685191845654,-0.3427882237495855,0.04963609850326289,25.0,34.629629629629626,405,0.005319148936170209,1.0,0.016136721827151312,0.08999794348534795,0.23992923848617487,0.016136721827151312,0.2525258511183419,0.042446405743923776
12,18,36,1,3,500,0.5193152016842053,0.29716493118767007,0.22215027049653524,1.1587972280201713,1.7742249286486087,-0.3427882237495855,0.04537998776944651,30.0,38.602739726027394,365,0.0007092198581560278,0.8,-0.06353774652609767,0.19468914066601517,0.3974460791956971,-0.06353774652609767,0.2471280276724288,0.030717002655147763
12,18,36,1,3,750,0.5103944654647685,0.29716493118767007,0.21322953427709845,1.1238800817974781,1.7325823707374783,-0.3427882237495855,0.048809089058634285,25.0,36.1025641025641,390,0.0014184397163120555,0.8,-0.044745469604858035,0.19468914066601517,0.3083623973363163,-0.044745469604858035,0.2250742351282169,0.07254784425992478
12,18,36,2,2,500,0.43100461237039056,0.29716493118767007,0.1338396811827205,0.7113692918175654,1.5698466584238366,-0.3478138301671583,0.038744585894528054,40.0,43.66459627329193,322,0.002836879432624111,0.6,-0.04698234978301896,0.1360717916108758,0.2016361943193674,-0.0032106341165283325,0.16147752679219263,-0.04698234978301896
12,18,36,2,2,750,0.4451382826292438,0.29716493118767007,0.14797335144157375,0.7628275453774194,1.5908857867954662,-0.3478138301671583,0.04001122866251693,30.0,42.16867469879518,332,0.007092198581560279,0.8,-0.009513239735335355,0.1360717916108758,0.2427326178355178,0.004104003292741298,0.12416262960734215,-0.009513239735335355
12,18,36,2,3,500,0.42178878267281217,0.29716493118767007,0.1246238514851421,0.6546512256127023,1.5248963420775368,-0.3478138301671583,0.03911622296455023,40.0,45.337620578778136,311,0.0,0.6,-0.12140673700973825,0.10598576331817688,0.2903370820526783,-0.12140673700973825,0.18148980100101397,-0.011736989186886482
12,18,36,2,3,750,0.38363105552552446,0.29716493118767007,0.08646612433785439,0.4652704200049045,1.4006069931481449,-0.3478138301671583,0.039933774113919907,40.0,44.0,320,0.0014184397163120555,0.6,-0.12373959547712243,0.10598576331817688,0.31353240559923035,-0.12373959547712243,0.10146321288292359,-0.07780113592242166
12,24,27,1,2,500,0.4495561680105633,0.29716493118767007,0.15239123682289324,0.8396786143014888,1.5920828867641403,-0.35804472329323334,0.06004893147373333,15.0,28.12375249500998,501,0.0007092198581560278,0.8,-0.010791353291462746,0.010952603976662978,0.32011730567894126,-0.010791353291462746,0.20681167559753955,0.013814662285191126
12,24,27,1,2,750,0.4309987576856842,0.29716493118767007,0.13383382649801412,0.7319203117205675,1.5229414088099917,-0.35804472329323334,0.06565484739161952,15.0,25.702554744525546,548,0.0010638297872340417,0.6,-0.03776785715068154,0.010952603976662978,0.3531830081697229,-0.03776785715068154,0.1788306457903719,-0.01827557098354582
12,24,27,1,3,500,0.4493401248203843,0.29716493118767007,0.15217519363271426,0.8236765827941752,1.5873550256473672,-0.35804472329323334,0.057922546631816924,20.0,29.6218487394958,476,0.0,0.6,-0.05444886995963727,0.07980470716848398,0.35671155295957413,-0.05444886995963727,0.2257028916864201,-0.049999493283017005
12,24,27,1,3,750,0.4582474528271665,0.29716493118767007,0.16108252163949643,0.8682266236003283,1.5895840270460226,-0.35804472329323334,0.061064364832280046,15.0,28.143712574850298,501,0.0,0.6,-0.008650292248095104,0.07980470716848398,0.29362440452202976,-0.008650292248095104,0.21071727365313464,-0.0060572214304174254
12,24,27,2,2,500,0.42462076953817784,0.29716493118767007,0.12745583835050778,0.6621189527543843,1.516500568364455,-0.3643266991400361,0.047939344260102934,30.0,35.58080808080808,396,0.0007092198581560278,0.6,-0.06205720557024186,0.08333780108984445,0.2914140350936305,-0.0308705778828825,0.1645463661168578,-0.06205720557024186
12,24,27,2,2,750,0.4464767815061348,0.29716493118767007,0.14931185031846472,0.7720028516694479,1.5685685215704868,-0.3643266991400361,0.04920963949731413,20.0,34.509803921568626,408,0.0014184397163120555,0.6,-0.05089773964609501,0.08333780108984445,0.3937380716544632,-0.0021628558821581434,0.11447867654486599,-0.05089773964609501
12,24,27,2,3,500,0.4563238920759003,0.29716493118767007,0.15915896088823023,0.8141906383966844,1.5906872586901444,-0.3643266991400361,0.04652387403528002,30.0,37.301587301587304,378,0.0,0.6,-0.059355911025771535,0.08814903095878823,0.42278116388070974,-0.02354725135426816,0.1571816319117283,-0.059355911025771535
12,24,27,2,3,750,0.3921911427280955,0.29716493118767007,0.09502621154042545,0.5115749504974466,1.4020537073740507,-0.3643266991400361,0.048974465890332636,30.0,35.51637279596977,397,0.0,0.6,-0.11754491063137362,0.08814903095878823,0.3160922149033287,-0.013127934879274217,0.07213008249789854,-0.11754491063137362
12,24,30,1,2,500,0.42609420004498655,0.29716493118767007,0.12892926885731648,0.7242640947721884,1.5327244209708488,-0.35804472329323334,0.05536037696211166,20.0,30.70806100217865,459,0.0003546099290780139,0.6,-0.06175387541826771,0.02499653267155888,0.3085795880781408,-0.030299059369318315,0.22553952923170395,-0.06175387541826771
12,24,30,1,2,750,0.48707726483998215,0.29716493118767007,0.18991233365231208,1.0500932342806972,1.6939395164359117,-0.35804472329323334,0.05710179824647867,20.0,29.66315789473684,475,0.0007092198581560278,1.0,0.009137040321090195,0.02499653267155888,0.3254255327673756,0.05045683354328645,0.26629835094639165,0.009137040321090195
12,24,30,1,3,500,0.44221479630380855,0.29716493118767007,0.1450498651161385,0.8065761551952998,1.5673970604138412,-0.35804472329323334,0.05216575354191339,25.0,33.25471698113208,424,0.0,0.6,-0.059466535300773726,0.10154203921828375,0.29730361803549843,-0.059466535300773726,0.24075228325691134,-0.053242193623026846
12,24,30,1,3,750,0.5074793682873695,0.29716493118767007,0.21031443709969944,1.1129468636824114,1.724850453368566,-0.35804472329323334,0.05453600168521402,20.0,31.900452488687783,442,0.0,0.8,-0.014262232840878908,0.10154203921828375,0.3124213434327261,-0.014262232840878908,0.2711763675323433,0.07425718429215356
12,24,30,2,2,500,0.3732395091591909,0.29716493118767007,0.07607457797152084,0.40808684878310764,1.3686309697434909,-0.3643266991400361,0.04537310450865994,30.0,37.57333333333333,375,0.0007092198581560278,0.6,-0.07279604395522221,0.05271285208882581,0.23803100440204084,-0.07279604395522221,0.07969331373120547,-0.0436681242232676
12,24,30,2,2,750,0.4206397642539026,0.29716493118767007,0.12347483306623253,0.6499133798786604,1.4931434037876363,-0.3643266991400361,0.04584022811608777,30.0,36.955380577427825,381,0.0014184397163120555,0.8,-0.03080334372241278,0.05271285208882581,0.2554599150771075,0.003645816655771128,0.14032823439315867,-0.03080334372241278
12,24,30,2,3,500,0.3780250973970991,0.29716493118767007,0.08086016620942904,0.4331895941174647,1.395045558749571,-0.3643266991400361,0.044442007533649304,30.0,39.166666666666664,360,0.0,0.6,-0.11304526257200365,0.014180591988782743,0.3516151174801909,-0.11304526257200365,0.09180532756076065,-0.04631204025709157
12,24,30,2,3,750,0.3832141821354713,0.29716493118767007,0.08604925094780125,0.4649549504687974,1.3923989304952553,-0.3643266991400361,0.04631339689304141,30.0,37.70053475935829,374,0.0,0.6,-0.11194287951436077,0.014180591988782743,0.4105049663196909,-0.09127946864173464,0.12048693277344658,-0.11194287951436077
12,24,36,1,2,500,0.46494068144988154,0.29716493118767007,0.16777575026221148,0.9330864091281622,1.655834022869834,-0.3427882237495855,0.04730965044093999,25.0,35.87786259541985,393,0.0,0.6,-0.05187005258400934,0.0885648367688312,0.2440819704985644,-0.05187005258400934,0.32640931104079995,-0.006572436129588022
12,24,36,1,2,750,0.48511317541516896,0.29716493118767007,0.1879482442274989,1.0424703531323574,1.688928382009413,-0.3427882237495855,0.05010292662191351,25.0,34.306569343065696,411,0.0,1.0,0.015225753043477841,0.0885648367688312,0.25988699564283646,0.015225753043477841,0.2475395213677496,0.042923498433546925
12,24,36,1,3,500,0.5218968809648723,0.29716493118767007,0.22473194977720223,1.1674090309699334,1.7769460657073854,-0.3427882237495855,0.045236431452926114,30.0,38.63013698630137,365,0.0,0.8,-0.06602760880983538,0.19468914066601517,0.3974460791956971,-0.06602760880983538,0.2610702095096238,0.03071700265514754
12,24,36,1,3,750,0.5068746354735714,0.29716493118767007,0.2097097042859013,1.1007442785894161,1.7192263890786779,-0.3427882237495855,0.048991672896784896,25.0,35.87786259541985,393,0.0,0.8,-0.06073102000887487,0.19468914066601517,0.3083623973363163,-0.06073102000887487,0.23767584388673568,0.06827262953175883
12,24,36,2,2,500,0.4305343107954598,0.29716493118767007,0.13336937960778972,0.7084562025814652,1.5661534586304877,-0.3478138301671583,0.038989338538464105,40.0,43.38461538461539,325,0.0,0.6,-0.04698234978301874,0.13130631889424493,0.20981788349116792,-0.008612458115692223,0.16336730598308402,-0.04698234978301874
12,24,36,2,2,750,0.4447860171464366,0.29716493118767007,0.14762108595876655,0.7676513326706772,1.5829918241518215,-0.3478138301671583,0.040456866106885515,30.0,41.839762611275965,337,0.0,0.8,-0.01730015505267357,0.13130631889424493,0.25119293483902094,0.012885010256044938,0.1211781115530548,-0.01730015505267357
12,24,36,2,3,500,0.42178878267281217,0.29716493118767007,0.1246238514851421,0.6546512256127023,1.5248963420775368,-0.3478138301671583,0.03911622296455023,40.0,45.337620578778136,311,0.0,0.6,-0.12140673700973825,0.10598576331817688,0.2903370820526783,-0.12140673700973825,0.18148980100101397,-0.011736989186886482
12,24,36,2,3,750,0.3788511935851695,0.29716493118767007,0.08168626239749943,0.4418922615633341,1.3856211527783149,-0.3478138301671583,0.04021455811683143,40.0,43.65325077399381,323,0.0,0.6,-0.1285328995350904,0.10598576331817688,0.31353240559923035,-0.1285328995350904,0.10146321288292515,-0.0872282657284339
15,19,30,1,2,500,0.3806320951397486,0.29716493118767007,0.08346716395207854,0.5268248678617781,1.4715206912353291,-0.361044191602534,0.062118701005951675,15.0,25.714285714285715,658,0.0400000000000001,0.6,-0.04616640998177035,0.016473567122104793,0.218943687863546,-0.013486998838246778,0.10602583928629183,-0.04616640998177035
15,19,30,1,2,750,0.40303649690400434,0.29716493118767007,0.10587156571633427,0.6674813116491924,1.5469981182275734,-0.361044191602534,0.06318433452106967,15.0,25.03753753753754,666,0.053900709219858255,0.8,-0.039842857454924,0.016473567122104793,0.23003834747884166,0.010921581129038405,0.14491347517603903,-0.039842857454924
15,19,30,1,3,500,0.41865857582083654,0.29716493118767007,0.12149364463316648,0.7827396085505582,1.5218178792481487,-0.38008241641671525,0.060229632583866786,15.0,27.976,625,0.007943262411347626,0.6,-0.04389559204178339,0.0889350552369117,0.25948787029633613,-0.015909767470521974,0.15062720409992325,-0.04389559204178339
15,19,30,1,3,750,0.42690565105053935,0.29716493118767007,0.12974071986286928,0.8302305078614033,1.5385004003695661,-0.38008241641671525,0.06204586557784997,15.0,26.776923076923076,650,0.012482269503546207,0.6,-0.02733203892966929,0.0889350552369117,0.25873958923795826,-0.008827818338345672,0.15580919387339454,-0.02733203892966929
15,19,30,2,2,500,0.36387995772150283,0.29716493118767007,0.06671502653383277,0.4083295374227538,1.4127202420838731,-0.37219528962623605,0.04576793195714337,30.0,35.0,481,0.04482269503546109,0.8,-0.05641436345525197,0.05851191006609224,0.14131008922816912,0.015605334444614538,0.050743804720380536,-0.05641436345525197
15,19,30,2,2,750,0.4168593311518838,0.29716493118767007,0.11969439996421372,0.7212937988547992,1.5804521942941534,-0.37219528962623605,0.04603808609751864,20.0,34.36721991701245,482,0.06014184397163129,0.8,-0.025176734604224094,0.05851191006609224,0.18163939498586146,0.07046652697538391,0.11313539635701186,-0.025176734604224094
15,19,30,2,3,500,0.3610140083302251,0.29716493118767007,0.06384907714255506,0.38784463447854517,1.3886054725240242,-0.3674109845039606,0.04735517564330775,30.0,35.65439672801636,489,0.010780141843971738,0.6,-0.05649728509297436,0.09234994054239332,0.19644556879281083,-0.05649728509297436,0.02726308413034295,-0.04755270490553787
15,19,30,2,3,750,0.3625822679220736,0.29716493118767007,0.06541733673440353,0.4072562607301478,1.3736096393096986,-0.3674109845039606,0.04808890028433306,30.0,34.799196787148595,498,0.016737588652482375,0.6,-0.10721530008858349,0.09234994054239332,0.2109235662506188,-0.02110821709179722,0.05440804700549551,-0.10721530008858349
15,19,34,1,2,500,0.42478827662485896,0.29716493118767007,0.1276233454371889,0.7799917642499015,1.6115207050567981,-0.3614095627721853,0.05705926344473732,15.0,28.231404958677686,605,0.03092198581560294,0.8,-0.027174563781111605,0.06696983032528236,0.3001456518977974,0.007213239282175543,0.09724746203111612,-0.027174563781111605
15,19,34,1,2,750,0.42592846942179774,0.29716493118767007,0.12876353823412767,0.8025987069996171,1.5892528900610132,-0.3614095627721853,0.05845808845147423,15.0,27.459415584415584,616,0.04028368794326251,0.8,-0.016236819418610104,0.06696983032528236,0.2602113843565912,0.03713306367202063,0.09711046019446767,-0.016236819418610104
15,19,34,1,3,500,0.45724612134930753,0.29716493118767007,0.16008119016163747,0.9907441777612708,1.648468947370447,-0.3804369010455808,0.05447336422241455,20.0,31.072695035460992,564,0.0056737588652483375,0.8,-0.004309002976089493,0.09716361378094929,0.31207418744900384,-0.004309002976089493,0.1688071257427568,0.0008904117849017901
15,19,34,1,3,750,0.4253220148744299,0.29716493118767007,0.12815708368675982,0.8152950715351082,1.5408586887826794,-0.3804369010455808,0.05671420457161066,20.0,29.568527918781726,591,0.008510638297872448,1.0,0.0003208096506439606,0.09716361378094929,0.23114632792244838,0.0016595309491300725,0.12092027036711284,0.0003208096506439606
15,19,34,2,2,500,0.39887303925079376,0.29716493118767007,0.10170810806312369,0.6219268773021743,1.5169439118261243,-0.37219528962623605,0.04287204508969033,30.0,37.957589285714285,448,0.03517730496453911,0.8,-0.03020695833907161,0.07760553958044869,0.14338799077870834,0.04949575335784795,0.09346702503715743,-0.03020695833907161
15,19,34,2,2,750,0.42289310572915517,0.29716493118767007,0.1257281745414851,0.7528218716763889,1.5822827799710437,-0.37219528962623605,0.04321483486291421,30.0,37.16814159292036,452,0.04680851063829798,0.8,-0.013068806299844193,0.07760553958044869,0.19695376161346867,0.08392060545267177,0.07661398135484898,-0.013068806299844193
15,19,34,2,3,500,0.38024779446368684,0.29716493118767007,0.08308286327601677,0.5062429053376437,1.431132787881498,-0.3674109845039606,0.04261318780209233,30.0,39.851936218678816,439,0.007375886524822803,0.6,-0.07268765586362036,0.1403413254839001,0.15803597777803646,-0.04286857796590482,0.10304278500446973,-0.07268765586362036
15,19,34,2,3,750,0.36552143079788135,0.29716493118767007,0.06835649961021129,0.4180574370109981,1.3704235282524815,-0.3674109845039606,0.04524322978318347,30.0,37.13219616204691,469,0.011914893617021383,0.6,-0.0892554726257826,0.1403413254839001,0.16914077145873407,-0.012337841934560445,0.027703987557393228,-0.0892554726257826
15,19,38,1,2,500,0.39698490111594364,0.29716493118767007,0.09981996992827358,0.6149413886361245,1.5439987644245814,-0.35207158378696957,0.05150852963978493,20.0,31.743542435424356,542,0.02382978723404266,0.8,-0.016132198014627064,0.034206010830771794,0.1852771364135355,0.00380452697833622,0.1200683419215196,-0.016132198014627064
15,19,38,1,2,750,0.408531497645084,0.29716493118767007,0.11136656645741394,0.694868609970157,1.5671341605109301,-0.35207158378696957,0.05409292644928314,20.0,30.035273368606703,567,0.033758865248227056,1.0,0.004583795562471904,0.034206010830771794,0.2144012491416638,0.012321088687230919,0.10672500252854733,0.004583795562471904
15,19,38,1,3,500,0.4668756039624027,0.29716493118767007,0.16971067277473262,1.0247420058579355,1.6871902276336692,-0.35376889008551504,0.04710828113200997,25.0,35.60851926977688,493,0.003971631205673869,0.8,-0.012324258822080325,0.17954149968841726,0.20124074462903074,-0.012324258822080325,0.1551435277053217,0.06537320453082884
15,19,38,1,3,750,0.4648877584065032,0.29716493118767007,0.16772282721883314,1.0245865259404938,1.671773634781137,-0.35376889008551504,0.05143506903179295,20.0,32.84240150093809,533,0.006808510638297982,0.8,-0.0006739526984931299,0.17954149968841726,0.2585223324230501,-0.0006739526984931299,0.142211598683619,0.012342953315706673
15,19,38,2,2,500,0.39214475875501864,0.29716493118767007,0.09497982756734857,0.5675529114484488,1.5113228857710488,-0.3453099876437947,0.03985518625111072,30.0,41.13636363636363,418,0.02439716312056748,0.8,-0.015505716313788054,0.06558738200681269,0.10198599534514674,0.04958106401790685,0.09976081667727676,-0.015505716313788054
15,19,38,2,2,750,0.40588862538258974,0.29716493118767007,0.10872369419491967,0.6424573142433005,1.551094194786734,-0.3453099876437947,0.04028135167241015,30.0,39.95305164319249,426,0.03432624113475187,1.0,0.02961598745967886,0.06558738200681269,0.15531807973353362,0.05609783498153109,0.02961598745967886,0.04358295021289171
15,19,38,2,3,500,0.3981251728324784,0.29716493118767007,0.10096024164480832,0.5998131237857832,1.5133116060688132,-0.3470270168169345,0.039313215631534844,30.0,43.59452736318408,402,0.0056737588652483375,0.6,-0.048353587058246994,0.10362542508060635,0.13117729805470857,-0.048353587058246994,0.16346355758229558,-0.012924993750938474
15,19,38,2,3,750,0.3472102455627928,0.29716493118767007,0.05004531437512272,0.2982238490852615,1.3483302940967365,-0.3470270168169345,0.04094625108164877,30.0,41.19103773584906,424,0.00907801418439727,0.6,-0.054264825842612274,0.10362542508060635,0.0938756514715493,-0.039436202358231975,0.04618760092639285,-0.054264825842612274
15,19,45,1,2,500,0.4064138807404787,0.29716493118767007,0.10924894955280862,0.684552192352934,1.5551566784682247,-0.3511874863237927,0.04221702455204187,30.0,39.1123595505618,445,0.012482269503546205,0.6,-0.043206858132456394,0.1400432455764502,0.17809429884732397,-0.043206858132456394,0.12623798123991392,-0.02956792531122998
15,19,45,1,2,750,0.4306834988590651,0.29716493118767007,0.13351856767139503,0.860946915554877,1.6168480557909632,-0.3511874863237927,0.04365127712216818,25.0,37.712418300653596,459,0.01787234042553202,0.8,-0.04506783512566104,0.1400432455764502,0.1891294488724593,-0.04506783512566104,0.1626001913306201,0.015239286476784741
15,19,45,1,3,500,0.42410267399067814,0.29716493118767007,0.12693774280300807,0.7930591731645045,1.5767265686476168,-0.35644091330198446,0.040037145430443136,35.0,42.60290556900726,413,0.0017021276595745787,0.6,-0.06457496079479086,0.22303358948202656,0.22882616164991454,-0.06457496079479086,0.1291155626806162,-0.05655824085563976
15,19,45,1,3,750,0.49184786819750714,0.29716493118767007,0.19468293700983708,1.1837744509494799,1.7419227464363938,-0.35644091330198446,0.04014350837405113,30.0,42.12230215827338,417,0.0034042553191490463,0.8,-0.06809351267147812,0.22303358948202656,0.2161135733369226,-0.06809351267147812,0.22784403763370586,0.09944119525029405
15,19,45,2,2,500,0.41685408284805403,0.29716493118767007,0.11968915166038396,0.729162911432886,1.58391721117603,-0.35582919959709713,0.03530828995254714,32.5,46.545698924731184,372,0.017588652482269606,0.8,-0.006418499712868453,0.19178581771772385,0.07232644293189083,0.026242439846829946,0.11434150282891009,-0.006418499712868453
15,19,45,2,2,750,0.4205425006851904,0.29716493118767007,0.12337756949752032,0.7729018382095434,1.5835309727719509,-0.35582919959709713,0.03559889807623669,30.0,45.58201058201058,378,0.022411347517730603,1.0,0.00864962119333712,0.19178581771772385,0.08332174684948179,0.04063555456399093,0.08873744106354753,0.00864962119333712
15,19,45,2,3,500,0.44499437691051114,0.29716493118767007,0.14782944572284107,0.8578330313752945,1.6442038127257554,-0.35582919959709713,0.03417564368635798,40.0,50.445402298850574,348,0.003971631205673869,0.8,-0.009410859027564777,0.1479426068068861,0.20592698512916274,0.017585098459992565,0.14208953988392548,-0.009410859027564777
15,19,45,2,3,750,0.40013651290973606,0.29716493118767007,0.102971581722066,0.6268343340711535,1.5011380029533852,-0.35582919959709713,0.035048405391368324,40.0,48.43922651933702,362,0.005106382978723515,0.8,-0.019676962636167805,0.1479426068068861,0.09440376479741253,0.031118774987290543,0.08673409915876285,-0.019676962636167805
15,22,30,1,2,500,0.3745124693209103,0.29716493118767007,0.07734753813324025,0.4842155284445287,1.437961964916144,-0.361044191602534,0.06579857247121856,15.0,24.83477011494253,696,0.01929078014184408,0.6,-0.04323649433798815,0.013180751958130621,0.19550498080585,-0.017891579217753084,0.1116026118750586,-0.04323649433798815
15,22,30,1,2,750,0.420702662714427,0.29716493118767007,0.12353773152675696,0.7669224825637235,1.5752806043202483,-0.361044191602534,0.06721900393539267,15.0,24.043600562587905,711,0.030070921985815704,1.0,0.004063043878847816,0.013180751958130621,0.2041264375744396,0.035105310760853436,0.1659633174018933,0.004063043878847816
15,22,30,1,3,500,0.42299227234441794,0.29716493118767007,0.12582734115674787,0.8067455029470789,1.5309919677046493,-0.38008241641671525,0.0611641554560182,15.0,27.78830963665087,633,0.00198581560283699,0.6,-0.04389559204178284,0.0889350552369117,0.2571041679885304,-0.0052609709332958055,0.1574832895356142,-0.04389559204178284
15,22,30,1,3,750,0.43023957211413344,0.29716493118767007,0.13307464092646337,0.8395493566888009,1.541633176428692,-0.38008241641671525,0.06380488321611878,15.0,26.27994011976048,668,0.003971631205673869,0.6,-0.03027221684271586,0.0889350552369117,0.2619165818674718,-0.00018739068021722538,0.15948082416064202,-0.03027221684271586
15,22,30,2,2,500,0.3577235451279437,0.29716493118767007,0.06055861394027362,0.3774158228379545,1.3709237887566095,-0.37219528962623605,0.047902299981678394,20.0,34.26441351888668,503,0.02212765957446819,0.6,-0.06338840063877071,0.06370201315905777,0.15539256694134362,-0.01333659149070232,0.05355183977704003,-0.06338840063877071
15,22,30,2,2,750,0.40997094299828873,0.29716493118767007,0.11280601181061867,0.6850590902377571,1.5272478031405947,-0.37219528962623605,0.04815614573366717,20.0,33.54043392504931,507,0.03517730496453911,0.8,-0.016057592373304952,0.06370201315905777,0.19004002823006605,0.04664117328271744,0.09555426487615648,-0.016057592373304952
15,22,30,2,3,500,0.36263140384433634,0.29716493118767007,0.06546647265666627,0.39522735765785694,1.385161513262357,-0.3674109845039606,0.04819709332912832,30.0,35.20040080160321,499,0.0034042553191490463,0.6,-0.066275071571255,0.09234994054239332,0.18885833801653584,-0.066275071571255,0.05145105486107737,-0.04755270490553798
15,22,30,2,3,750,0.36345558052256943,0.29716493118767007,0.06629064933489937,0.41115946713783574,1.3688806903742174,-0.3674109845039606,0.04905869694412068,20.0,34.30392156862745,510,0.007375886524822803,0.6,-0.10564215552750889,0.09234994054239332,0.19276812968888635,-0.03336256055529219,0.08650607235607155,-0.10564215552750889
15,22,34,1,2,500,0.4282858167176231,0.29716493118767007,0.13112088552995305,0.7969637381017163,1.602964445323635,-0.3614095627721853,0.0596562183995757,15.0,27.51188589540412,631,0.01503546099290791,0.8,-0.025479309512760118,0.09402373062105429,0.26818352913244525,0.01287417281929204,0.10470084999529283,-0.025479309512760118
15,22,34,1,2,750,0.4381774490319885,0.29716493118767007,0.14101251784431845,0.8725338696996159,1.6047871458345515,-0.3614095627721853,0.061316174118710036,15.0,26.60246533127889,649,0.020425531914893724,1.0,0.016197069355210925,0.09402373062105429,0.22848899087826413,0.046728872526308196,0.09944080956591006,0.016197069355210925
15,22,34,1,3,500,0.4670786401402427,0.29716493118767007,0.16991370895257263,1.0424204175520633,1.6726183911785764,-0.3804369010455808,0.05489476166289075,20.0,30.9402460456942,569,0.0011347517730497562,1.0,0.0008904117849029003,0.09716361378094929,0.31698928518141156,0.007513196124171673,0.18809910339399116,0.0008904117849029003
15,22,34,1,3,750,0.43331590067672754,0.29716493118767007,0.13615096948905747,0.8552555426620767,1.5590331428008721,-0.3804369010455808,0.0572491090444364,20.0,29.39799331103679,598,0.0025531914893618126,1.0,0.00021229181344395442,0.09716361378094929,0.2403809149822771,0.011702219046434426,0.1313138307253745,0.00021229181344395442
15,22,34,2,2,500,0.39491508329909797,0.29716493118767007,0.0977501521114279,0.6004480352835274,1.4787409542321948,-0.37219528962623605,0.044918322024936265,30.0,37.02558635394456,469,0.014751773049645497,0.8,-0.029444937795107373,0.08500830614954369,0.15745386899595126,0.013301431448554446,0.10066592799284413,-0.029444937795107373
15,22,34,2,2,750,0.41621470557438345,0.29716493118767007,0.11904977438671338,0.7139888208025112,1.5265919910565753,-0.37219528962623605,0.04517137855400293,30.0,36.31856540084388,474,0.023262411347517838,0.8,-0.011212194500630934,0.08500830614954369,0.20104037734490032,0.05580577260112296,0.07455521809402454,-0.011212194500630934
15,22,34,2,3,500,0.3726177118247571,0.29716493118767007,0.07545278063708705,0.4590309262442905,1.4064907230005494,-0.3674109845039606,0.04338100385670932,30.0,39.252232142857146,448,0.0022695035460994013,0.6,-0.07268765586362003,0.1403413254839001,0.15016444172371624,-0.053318519691567534,0.09392142109778345,-0.07268765586362003
15,22,34,2,3,750,0.3548538724083452,0.29716493118767007,0.05768894122067514,0.35545810107068737,1.336092655780022,-0.3674109845039606,0.04600116368514209,30.0,36.66317991631799,478,0.0056737588652483375,0.6,-0.0930291960776054,0.1403413254839001,0.1549386104348518,-0.026969024636005146,0.02238780786575001,-0.0930291960776054
15,22,38,1,2,500,0.41408982315201825,0.29716493118767007,0.11692489196434819,0.7247854867004718,1.5879050858400214,-0.35207158378696957,0.053042495034495776,20.0,31.227598566308245,558,0.01134751773049656,0.8,-0.01384105241842637,0.06356206186029945,0.1743872672181057,0.018194368604344646,0.14698357687100438,-0.01384105241842637
15,22,38,1,2,750,0.4264088132007071,0.29716493118767007,0.12924388201303705,0.7995611566420797,1.605896062035436,-0.35207158378696957,0.05609220492556006,20.0,29.347457627118644,590,0.01758865248226961,1.0,0.013981948922701326,0.06356206186029945,0.21062047915163284,0.019534172387078108,0.12912819987252044,0.013981948922701326
15,22,38,1,3,500,0.47503332857369984,0.29716493118767007,0.17786839738602978,1.0708832643653783,1.7097618526744458,-0.35376889008551504,0.04734786498466325,25.0,35.43259557344064,497,0.0008510638297873448,0.8,-0.009440062289852835,0.17954149968841726,0.21746798120830002,-0.009440062289852835,0.166509720873673,0.06537320453082818
15,22,38,1,3,750,0.4780519334508304,0.29716493118767007,0.18088700226316035,1.0959498342139886,1.7073300111072545,-0.35376889008551504,0.05179993785567885,20.0,32.6530612244898,539,0.0014184397163121674,1.0,0.007220545472635065,0.17954149968841726,0.27744010338428793,0.007220545472635065,0.16447842039326988,0.012233440101449
15,22,38,2,2,500,0.4064840883007086,0.29716493118767007,0.10931915711303852,0.6529712073954195,1.5472605155895693,-0.3453099876437947,0.0415146878193911,30.0,40.01146788990825,436,0.010212765957446916,0.8,-0.014520833282973489,0.09569303897250903,0.12482910161901528,0.027385615955396014,0.12359725347955552,-0.014520833282973489
15,22,38,2,2,750,0.4051672155316324,0.29716493118767007,0.10800228434396231,0.6350119041230551,1.5284175424135527,-0.3453099876437947,0.041836263360299726,30.0,38.997747747747745,444,0.017588652482269606,1.0,0.022217252812552823,0.09569303897250903,0.16258424645934344,0.0384383011704017,0.03355784993036215,0.022217252812552823
15,22,38,2,3,500,0.3961721518339292,0.29716493118767007,0.09900722064625911,0.5854070198557171,1.5069839639335396,-0.3470270168169345,0.03992276195458002,30.0,43.01955990220049,409,0.0017021276595745787,0.6,-0.0534493245545592,0.10362542508060635,0.12352459971624752,-0.0534493245545592,0.16962096795742876,-0.012924993750938696
15,22,38,2,3,750,0.3384642674144285,0.29716493118767007,0.04129933622675841,0.24636768224185895,1.3199006684599415,-0.3470270168169345,0.04166833711197614,30.0,40.613425925925924,432,0.004539007092198692,0.6,-0.06843009470482908,0.10362542508060635,0.08408521066753849,-0.044581121657910616,0.04526186171786639,-0.06843009470482908
15,22,45,1,2,500,0.4100788700961353,0.29716493118767007,0.11291393890846524,0.7050675623708479,1.5628079228683396,-0.3511874863237927,0.04291889798416642,30.0,38.63436123348018,454,0.004822695035461102,0.6,-0.04111718902464534,0.1400432455764502,0.18603210812281334,-0.04111718902464534,0.1303726095608999,-0.029538345578771996
15,22,45,1,2,750,0.42557178124662864,0.29716493118767007,0.12840685005895858,0.8228086255660527,1.5970939500145673,-0.3511874863237927,0.044742486132996806,25.0,36.94503171247357,473,0.008510638297872448,0.8,-0.046803168464019884,0.1400432455764502,0.1877088911984346,-0.046803168464019884,0.1564064349237524,0.006948736883779505
15,22,45,1,3,500,0.43072263057336135,0.29716493118767007,0.1335576993856913,0.8290068413129104,1.597614734095689,-0.35644091330198446,0.040043372012182,35.0,42.572463768115945,414,1.1102230246251565e-16,0.6,-0.05655824085563921,0.22303358948202656,0.22882616164991454,-0.053388938482876624,0.1397430319072781,-0.05655824085563921
15,22,45,1,3,750,0.48105033796404006,0.29716493118767007,0.18388540677637,1.1240091684361893,1.7195570924587589,-0.35644091330198446,0.040810754877619974,30.0,41.54481132075472,424,0.0005673758865249336,0.8,-0.056950520223438494,0.22303358948202656,0.2161135733369226,-0.056950520223438494,0.19753678655134088,0.0753361524451166
15,22,45,2,2,500,0.41736699267632305,0.29716493118767007,0.12020206148865298,0.7324656262426449,1.580610089211353,-0.35582919959709713,0.03598380795835533,30.0,45.83989501312336,381,0.00907801418439727,0.8,-0.00804737493141916,0.19178581771772385,0.07816214899270446,0.008533828225473439,0.13242932365835092,-0.00804737493141916
15,22,45,2,2,750,0.4223434068795784,0.29716493118767007,0.12517847569190832,0.7851328603392957,1.580824347978118,-0.35582919959709713,0.03643049200763917,30.0,44.858247422680414,388,0.012482269503546205,1.0,0.006215468257900758,0.19178581771772385,0.09013809151306096,0.025384371911007175,0.1087985033965091,0.006215468257900758
15,22,45,2,3,500,0.4536569552682148,0.29716493118767007,0.15649202408054474,0.9065160395119178,1.6702771304830637,-0.35582919959709713,0.0345090611530109,40.0,50.01420454545455,352,0.0011347517730497562,0.8,-0.009410859027564333,0.1479426068068861,0.21252636276614,0.03940847777085521,0.14358295037401558,-0.009410859027564333
15,22,45,2,3,750,0.40558821624803265,0.29716493118767007,0.10842328506036258,0.6600741891697621,1.5174790120967183,-0.35582919959709713,0.03529114359301181,40.0,48.178082191780824,365,0.0022695035460994013,0.8,-0.023760221571156426,0.1479426068068861,0.09440376479741253,0.053232867150015295,0.08815512618593258,-0.023760221571156426
15,30,34,1,2,500,0.4471706788517833,0.29716493118767007,0.15000574766411323,0.9104732779448412,1.6506485185224105,-0.3614095627721853,0.06314185548606051,15.0,26.44894894894895,666,0.0005673758865249336,0.8,-0.02493916679396868,0.09978529980522244,0.3269381212915916,0.0034280324139961404,0.1286524710416077,-0.02493916679396868
15,30,34,1,2,750,0.4537618697938999,0.29716493118767007,0.1565969386062298,0.957438865868276,1.6401169178033796,-0.3614095627721853,0.06538113099953738,15.0,25.455861070911723,691,0.00198581560283699,1.0,0.02623613396787583,0.09978529980522244,0.27642800644973264,0.032317796712089564,0.1129313922732984,0.02623613396787583
15,30,34,1,3,500,0.4639476078808624,0.29716493118767007,0.16678267669319236,1.0247724778845215,1.664178349268471,-0.3804369010455808,0.05535755635917571,20.0,30.705574912891986,574,1.1102230246251565e-16,1.0,0.0008904117849017901,0.09716361378094929,0.3191162734487898,0.005704380026479994,0.17640950839146097,0.0008904117849017901
15,30,34,1,3,750,0.43276838717847044,0.29716493118767007,0.13560345599080037,0.8543606383472082,1.5582190287380289,-0.3804369010455808,0.057938636231628524,20.0,29.132231404958677,605,1.1102230246251565e-16,1.0,0.00021229181344439851,0.09716361378094929,0.24693087700822458,0.009320891001546316,0.12605296940051502,0.00021229181344439851
15,30,34,2,2,500,0.3767493863349063,0.29716493118767007,0.07958445514723622,0.4933933790795326,1.4138296428643604,-0.37219528962623605,0.04628347729486573,30.0,36.39462809917355,484,0.0005673758865249336,0.6,-0.031077564639802047,0.08500830614954369,0.14853864495721059,-0.031077564639802047,0.09293685304285404,-0.02944493779510804
15,30,34,2,2,750,0.41072375969477193,0.29716493118767007,0.11355882850710186,0.6816456142459723,1.4925515078080174,-0.37219528962623605,0.04735968662533408,27.5,35.31124497991968,498,0.0022695035460994013,0.8,-0.003305654875478403,0.08500830614954369,0.21874795496604627,0.00411135972627652,0.0880611361977186,-0.003305654875478403
15,30,34,2,3,500,0.36656536325277633,0.29716493118767007,0.06940043206510627,0.42330860250790553,1.3852351812008252,-0.3674109845039606,0.04364875598749317,30.0,39.07982261640798,451,1.1102230246251565e-16,0.6,-0.07268765586362103,0.1403413254839001,0.14581209250398075,-0.06797890326882272,0.09299294424723903,-0.07268765586362103
15,30,34,2,3,750,0.35409903216760563,0.29716493118767007,0.056934100979935565,0.34855171206321267,1.3321391284779287,-0.3674109845039606,0.04676801746555173,30.0,36.26543209876543,486,1.1102230246251565e-16,0.6,-0.08129857238332028,0.1403413254839001,0.16075073000270668,-0.04151322048958761,0.016634278088939247,-0.08129857238332028
15,30,38,1,2,500,0.4173395681841159,0.29716493118767007,0.12017463699644582,0.7431605878184837,1.589025461191926,-0.35207158378696957,0.0549399889154307,20.0,30.598958333333332,576,1.1102230246251565e-16,0.8,-0.01384105241842637,0.06459019654803377,0.18255314142798906,0.018514570077305503,0.15134828237025078,-0.01384105241842637
15,30,38,1,2,750,0.4332416291802368,0.29716493118767007,0.13607669799256672,0.8357743901945694,1.6219571661643546,-0.35207158378696957,0.05951845606727606,15.0,28.221153846153847,624,0.0008510638297873448,1.0,0.01659221230645702,0.06459019654803377,0.21292864676302803,0.030258035824033858,0.13690582309582355,0.01659221230645702
15,30,38,1,3,500,0.47485170183312975,0.29716493118767007,0.17768677064545968,1.0682552179280966,1.7092085824326562,-0.35376889008551504,0.04752091660388737,25.0,35.32064128256513,499,1.1102230246251565e-16,0.8,-0.015586691913954454,0.17954149968841726,0.22730954949347937,-0.015586691913954454,0.16359675960271147,0.06537320453082729
15,30,38,1,3,750,0.48168238002686725,0.29716493118767007,0.18451744883919718,1.116326395820011,1.7191286634619243,-0.35376889008551504,0.052057286161478394,20.0,32.518450184501845,542,1.1102230246251565e-16,1.0,0.006322568638807313,0.17954149968841726,0.2923397097718432,0.006322568638807313,0.16509288326570526,0.012233440101449444
15,30,38,2,2,500,0.39975569648329135,0.29716493118767007,0.10259076529562128,0.611227244387259,1.5186540812926295,-0.3453099876437947,0.04197284048110155,30.0,39.87556561085973,442,1.1102230246251565e-16,0.8,-0.014520833282974266,0.09569303897250903,0.13866830305267275,0.0001100251352172954,0.11604403618485226,-0.014520833282974266
15,30,38,2,2,750,0.402738421784806,0.29716493118767007,0.10557349059713594,0.6207986725805812,1.5110642234731793,-0.3453099876437947,0.043087130451796504,30.0,38.50109409190372,457,0.0017021276595745787,0.8,-0.0002378815538164325,0.09569303897250903,0.17883314758085045,-0.0002378815538164325,0.04158458605871229,0.032383443005773005
15,30,38,2,3,500,0.39404662316148187,0.29716493118767007,0.0968816919738118,0.5722393991570831,1.5001217366053972,-0.3470270168169345,0.04012509843361318,30.0,42.88321167883212,411,1.1102230246251565e-16,0.6,-0.055861859171701944,0.10362542508060635,0.11925707699449295,-0.055861859171701944,0.16862881555104892,-0.012924993750938363
15,30,38,2,3,750,0.33644744335413,0.29716493118767007,0.03928251216645995,0.23073696766501633,1.319746322401122,-0.3470270168169345,0.0423010331009736,30.0,40.23972602739726,438,1.1102230246251565e-16,0.6,-0.06348362782682127,0.10362542508060635,0.08590324474207978,-0.04649255300159383,0.030965184246201982,-0.06348362782682127
15,30,45,1,2,500,0.40926732781245634,0.29716493118767007,0.11210239662478627,0.7014217085063261,1.5553503549201089,-0.3511874863237927,0.043341709145800766,30.0,38.566739606126916,457,1.1102230246251565e-16,0.6,-0.04506241792872512,0.1400432455764502,0.18182958171892127,-0.04506241792872512,0.13709207094188058,-0.029538345578770886
15,30,45,1,2,750,0.43258997961319245,0.29716493118767007,0.1354250484255224,0.8546725617500394,1.617387150013052,-0.3511874863237927,0.04626820150994288,25.0,36.10655737704918,488,0.0002836879432625223,0.8,-0.045725330549229226,0.1400432455764502,0.17710579963519968,-0.045725330549229226,0.15656178864903092,0.03766860790593829
15,30,45,1,3,500,0.43072263057336135,0.29716493118767007,0.1335576993856913,0.8290068413129104,1.597614734095689,-0.35644091330198446,0.040043372012182,35.0,42.572463768115945,414,1.1102230246251565e-16,0.6,-0.05655824085563921,0.22303358948202656,0.22882616164991454,-0.053388938482876624,0.1397430319072781,-0.05655824085563921
15,30,45,1,3,750,0.48363697951874696,0.29716493118767007,0.1864720483310769,1.1407276110564166,1.7278067537494675,-0.35644091330198446,0.04093534335783661,30.0,41.470588235294116,425,1.1102230246251565e-16,0.8,-0.05884933453065322,0.22303358948202656,0.2161135733369226,-0.05884933453065322,0.20804217578591144,0.07686506243606561
15,30,45,2,2,500,0.4121080500093506,0.29716493118767007,0.11494311882168051,0.6988811299899508,1.5592788006548093,-0.35582919959709713,0.036638199882892936,30.0,45.425257731958766,388,1.1102230246251565e-16,0.6,-0.008047374931419271,0.19178581771772385,0.08830411970383589,-0.007829450041127672,0.12143579574597241,-0.008047374931419271
15,30,45,2,2,750,0.4292868963518821,0.29716493118767007,0.13212196516421204,0.8176623459318443,1.592863470287723,-0.35582919959709713,0.03719270557963941,30.0,44.48232323232323,396,0.0005673758865249336,1.0,0.00867718233225201,0.19178581771772385,0.11337311627470847,0.00867718233225201,0.10922605992540446,0.025074899391474892
15,30,45,2,3,500,0.45257425035737087,0.29716493118767007,0.1554093191697008,0.899393101909029,1.6667042489607065,-0.35582919959709713,0.03468090833067204,40.0,49.78813559322034,354,1.1102230246251565e-16,0.8,-0.009410859027564222,0.1479426068068861,0.21252636276614,0.036633319108706486,0.14261234524366295,-0.009410859027564222
15,30,45,2,3,750,0.4055042698568867,0.29716493118767007,0.10833933866921663,0.6604556363285284,1.5161470312995975,-0.35582919959709713,0.03567021744245643,40.0,47.764227642276424,369,1.1102230246251565e-16,0.8,-0.025641195483307344,0.1479426068068861,0.10037342238565428,0.05043269504338577,0.08723156489311146,-0.025641195483307344
